239999999, 14.5746136886801, -6.20999369742681, -7.32110452711993, -0.992992127026146, 0.449476662892812, 2.87370150955475, 0.616729906726296, 0.126541664721018, 0.0946685772693064, 0.0289687447891021, 0.0533592530494595, 0.0199070187624388, 0.0180324115305725, 0.0148423882609421, 0.017158688668368, 0.00979134622249676, -0.0111661023027903, 2.87372320306913, 1.928408338768, 5.34775249593757, 17.9399267956546, 8.40759097863951, -0.214291649080283, -8.60564321879239, -16.6377234153509, 3.39550292903004, 0.330562181168679, 0.199293910768911, 0.131214989731452, 0.0778313445347436, 0.0848136653247848, 0.0351154359612707, 0.0489777180974066, 0.0315873892421535, 0.0391870388644702, 0.0214163263061292, 3.14561621661028, 1.19503520223888, 2.62832715082327, 1.72147150550472, 8.50479070650304, -2.48567178047504, -3.10228340038416, -0.256213173183314, -2.16062235246052, 1.34214631238177, 0.453744695647847, 0.142928568426241, 0.115354677044596, 0.116356026183382, 0.0728307689151878, 0.0261478360612948, 0.0203040199074455, 0.0179310606961992, 0.0218059924148368, 0.0125963547029708, 0.0242816049041754, 1.34236594123089, 3.66944803645888, 1.59522604942322, 14.0096230681711, -6.42362484758167, -6.97904192872183, -0.55026563253291, 0.443309340665347, 2.80373231482593, 0.573356796397921, 0.151500479492122, 0.097780407745945, 0.0366256754317033, 0.0548899905380903, 0.0223371097245884, 0.0196933252919797, 0.0157347672588859, 0.017912677007218, 0.0101687711115473, -0.0134411010159269, 2.80376453297985, 2.01356817592415, 4.75412884354591, 10.7316276042099, 1.23695703386854, -5.19886416313699, -4.45662656267168, -1.81309391226977, 1.36644375076782, 0.450563987601237, 0.218066305928407, 0.097034545991482, 0.0864448410234381, 0.0566433845431872, 0.0316512572860205, 0.0230683934111008, 0.0152272473954784, 0.0141087494304427, 0.00719128738920599, 0.0175038739318856, 1.36655585674902, 2.22679176419923, 1.94964218139648, 2.48883290506675, 0.984395931360632, -3.98398581625206, 0.902411448470771, 0.10834553135391, 2.85999544268286, 0.401634691381223, 0.21442610603615, 0.203484289417325, 0.0771146024953348, 0.0697215852408867, 0.0153569554109265, 0.00705851682466475, 0.00428161588325563, 0.00449365757232163, 0.00242797973791277, -0.0195666301380471, 2.86006237435159, 3.20334518377398, 3.39724440140786, 13.2661330724976, 5.43676472998594, -1.18418873538479, -6.90400996162922, -9.84152330098083, 3.73108447690514, 0.349916039273731, 0.188072863140585, 0.143460748100096, 0.0833627823141398, 0.0818024202159223, 0.0463892360078949, 0.0411966753640797, 0.0306877383265183, 0.0278201371775865, 0.00729136007944657, 3.11262173349259, 2.02102049045235, 2.7701318968013, 2.78582741612178, 5.86998810767336, -3.54970394815765, -3.34300614658911, 0.591352988651978, 0.931368998421423, 2.50277223236439, 0.385758821614523, 0.173572505350692, 0.194852268062104, 0.101561819905653, 0.0984290488319236, 0.0232784279330191, 0.008570317888458, 0.00512798815871895, 0.00569880424974838, 0.00314999800515922, 0.017492666883231, 2.50283336250917, 4.05965161837409, 2.04701948165894, 2.52072039745457, -0.526769068034395, -0.198852862275729, 0.100191249069784, -1.39528971621423, 1.16945518868461, 0.494587026980803, 0.210403558055337, 0.132748521312321, 0.0794736206166733, 0.0401720501344957, 0.0125708142754276, 0.00977272860643514, 0.00747853114967468, 0.00821403846036212, 0.00457911040847124, -0.0100050875344875, 1.16949798636763, 6.47120505628373, 1.13720145821571, 0.621399619237362, 2.66024122195564, -2.49043140997881, 1.26511763445517, -1.55632706566937, 2.50788697679279, 0.488557647644734, 0.225935991723687, 0.163889040001813, 0.0601179382079752, 0.04062721532067, 0.00997100529085475, 0.00430802211939877, 0.00279772737409841, 0.00253185242999222, 0.00126355988677739, -0.0126303081579809, 2.50791878119109, 3.61606033480147, 3.04918837547302
439999999, 14.3151763855126, -7.93015769823147, -7.21167740274227, 0.720241329395513, 0.606417386065635, 2.86795343665231, 0.617610932063675, 0.123438214530001, 0.100137906954227, 0.031958166014251, 0.0555024144543389, 0.0191505816790726, 0.0142192051794815, 0.0133965424729818, 0.0156338620741342, 0.0089521745778351, -0.0114427532513636, 2.8679762640942, 1.91710835558831, 5.29743971512957, 17.6553868837524, 9.15089956561263, -0.2849943893792, -8.79601082896117, -16.8228165083191, 3.48131052319777, 0.340137354762069, 0.176429518623827, 0.118174544695389, 0.0884844775060284, 0.0961845529437633, 0.0424823117342475, 0.0364358714063863, 0.0334665249590665, 0.0452312359061728, 0.0229736074630511, 3.25328398519067, 1.14500141465001, 2.76954582108435, 1.67590783515311, 10.3257208159991, -2.12238845517343, -4.12394332885601, -0.950108068126129, -2.62928096384355, 1.50603926221805, 0.509605820411715, 0.115837999712536, 0.093186273666378, 0.11905308952573, 0.0736955907752089, 0.0219239279339676, 0.0217741983881227, 0.0166804098911141, 0.0181814807843708, 0.0100612089108562, 0.0260363251495354, 1.50626430269378, 3.11258552701573, 1.70515751838684, 13.9473736691809, -7.9285559424057, -7.01367628614061, 0.936008515320877, 0.558850044044567, 2.80070960604979, 0.582298648741446, 0.152631915045911, 0.101554220148374, 0.0378421806017842, 0.0560905207665842, 0.0183337307476648, 0.0140088300079392, 0.0131528248964878, 0.0153172611123933, 0.00876986793141606, -0.0123483623703732, 2.80073682795667, 2.01753205638316, 4.75412884354591, 10.8394433146937, 2.38188816207255, -5.26640865806867, -4.73409058072645, -2.72083223797112, 1.41682546637392, 0.429339631461517, 0.247480060161983, 0.127148660530922, 0.0921318076229545, 0.0443597856986766, 0.0187582968943814, 0.0168312913686566, 0.0104121106002423, 0.00913978511433909, 0.00439857054632709, 0.0190155281677259, 1.41695306643416, 2.03078623934982, 2.17922735214233, 2.14265923337473, 0.778673251961799, -3.43252709317503, 0.737237372131027, 0.273957235707474, 2.84308250729329, 0.406428944572481, 0.212282691048455, 0.19944210827729, 0.0776325518019194, 0.0681750323698712, 0.015022435144073, 0.0063778775847528, 0.00519795215394197, 0.00601469417182913, 0.00342571287538653, 0.000423755112147766, 2.84308253887317, 3.21329612256888, 3.37973120289339, 13.5827751558772, 5.82127731104114, -1.25252475931076, -7.12120902788031, -10.2614046361844, 3.71691168703635, 0.35069135656405, 0.189310200846671, 0.155640003853546, 0.0773166821912664, 0.0787464552262734, 0.0444186642401108, 0.040570860043301, 0.0292278849082816, 0.0243871114003469, 0.00969078072615302, 3.10492182790995, 2.03765582755236, 2.66450256642372, 2.83929447763584, 5.59245458349081, -3.74822193518521, -2.73529043242179, 0.65976638720929, 0.731291396906905, 2.49810970944732, 0.390120776792719, 0.177518403730191, 0.195880306668789, 0.10217779531746, 0.100682543755025, 0.0223865059724259, 0.00427417815987174, 0.00255084440919878, 0.00282962531286305, 0.00157901988145617, 0.00226531495356498, 2.49811073655408, 4.03190078077148, 2.18142986297607, 2.81329864119758, -0.45447271097534, -0.53672635279972, -0.0571763075436066, -1.26492326987892, 1.1717828683234, 0.504358246337443, 0.174815316285541, 0.143656979616352, 0.0802204452265808, 0.0451457785115726, 0.0185275616074283, 0.0110593525728976, 0.0082968943014263, 0.00895707018291482, 0.00496235535784334, 0.0000978741602298649, 1.17178287241091, 6.11235007946301, 1.16477811336517, 0.214127931444274, 2.6877210090369, -2.30256111910308, 0.885568605310683, -0.984856426688781, 2.49034240181871, 0.476875592815056, 0.219194336724742, 0.159536491501738, 0.0622459097028959, 0.0390548513228742, 0.0121386826460995, 0.00919180663139734, 0.00772319079003381, 0.00894419550317921, 0.00509494236198391, 0.00289836158269517, 2.49034408843358, 3.59859209190223, 3.04918837547302
639999999, 14.20855939805, -9.24609829591081, -7.23630515335922, 2.00297207987185, 0.770871971348166, 2.87958426497021, 0.620618574194729, 0.134193148017137, 0.104122740797888, 0.0322803196939831, 0.056935904548916, 0.0170132427731187, 0.0117815126611783, 0.0084206340924456, 0.00936771279746062, 0.00526621042314391, -0.0138308808918555, 2.87961748020987, 1.88664112719027, 5.23409667907542, 17.5904837128272, 9.7771579277788, -0.212601082605939, -9.27320474587743, -16.9708777262052, 3.5563539601641, 0.316729444199115, 0.19394518003553, 0.138914349117213, 0.0800104272222522, 0.0739966752305742, 0.050490744581148, 0.0432249109312716, 0.0352739520137945, 0.042971793238021, 0.0244425234310802, 3.34372404465131, 1.11239804154158, 3.02101938886887, 1.53197177629546, 12.1830601323816, -1.58825925630412, -5.0464654185594, -2.03636685121535, -3.01196860630272, 1.65145117519958, 0.513635119786355, 0.125734263607176, 0.105784906118185, 0.115780436736436, 0.0672406646358851, 0.0282845327859415, 0.0186867561680316, 0.0112113927294668, 0.00936561342458811, 0.00427631400793586, 0.0277177691802967, 1.65168376476746, 2.68088878599975, 1.7665114402771, 14.0599449840078, -8.72305388581519, -7.23168603992426, 1.6669273818359, 0.727867559895766, 2.81471484847004, 0.58778911764777, 0.15988724684382, 0.106581736140143, 0.0378690168609565, 0.0551599371998207, 0.0162917522454499, 0.0121865916284137, 0.00881317342255783, 0.00986443320775397, 0.00555699480331498, -0.0120202469013909, 2.81474051460047, 2.01414438882437, 4.75412884354591, 11.2761737159335, 2.53065302643676, -5.78021297506306, -4.9325348747156, -2.59407889259162, 1.41341530616767, 0.482120646029314, 0.229116985814866, 0.109607823296026, 0.0694295816436581, 0.0429317260841164, 0.0157230040080602, 0.0172090977740967, 0.0131277546758157, 0.0134668779932687, 0.00726650268077805, 0.0163512820129384, 1.41350988398826, 1.84537891171646, 2.44327211380005, 1.7335248566179, 0.480574486775446, -2.69767915899023, 0.434176615666734, 0.549403199930152, 2.7712482924678, 0.401819013070197, 0.194781102071253, 0.192378300334837, 0.077771985915342, 0.0704833531622534, 0.0188538753809953, 0.0134014254215299, 0.0108882462328345, 0.0125215885188692, 0.0071011098918889, 0.00951845746249112, 2.77126463903002, 3.4155240421883, 3.08516371500266, 14.4647191434017, 6.77426844670982, -1.64214026606523, -7.62976054200156, -11.2060998722806, 3.64397692349075, 0.349333829629986, 0.184632538935549, 0.148224376994065, 0.079090501588562, 0.0821994619094136, 0.0465359307688674, 0.0422782518989088, 0.0278968101903677, 0.0284536891246658, 0.0113546089596148, 3.00786948124365, 2.04222295940131, 2.70524358873034, 2.83743095456969, 5.48181494445082, -4.21738624650137, -1.87489063953074, 0.725888423849763, 0.384573517731525, 2.45677693531983, 0.385468035545601, 0.163581609340421, 0.190496056088651, 0.103150723487721, 0.0988723664950115, 0.0259649892273129, 0.0106861744118085, 0.00791505717730342, 0.00888909577952595, 0.00497589244664376, -0.00451515110284176, 2.45678108436811, 4.20740383053655, 1.80732601881027, 3.30510904830451, -0.648773931938565, -1.25018694962937, -0.383252585278225, -0.522895581458355, 1.1505116798358, 0.463864464448216, 0.229334266644748, 0.143184680153559, 0.0763886384105934, 0.0430372009676956, 0.0131908961475776, 0.0104404340332752, 0.00770087585720926, 0.00828050516347153, 0.00457803817365501, -0.00367753204876232, 1.15051755731086, 6.15997580803201, 1.19984215497971, -0.467560130912108, 2.77639454299196, -2.04583490648484, 0.343397104912, -0.106396610507012, 2.43292782128345, 0.467856315097678, 0.209921637948583, 0.153175219919577, 0.0649967816048838, 0.0395162985123302, 0.0138648777215231, 0.0149177792949423, 0.0126598226788458, 0.0147022004294348, 0.00838906679220225, 0.00822279016345718, 2.43294171690427, 3.74387139692135, 2.52516084909439
839999999, 14.2266132694763, -9.93646186940628, -7.5074661584027, 2.67908587549429, 1.03822888283842, 2.89303152006128, 0.615504831690708, 0.134493531664799, 0.0989827045507468, 0.0350065366978778, 0.0561551776881793, 0.0201611434156139, 0.0110956380196954, 0.0100997717335754, 0.0117872719239175, 0.00671339261488699, -0.0122538936543025, 2.89305747159951, 1.85896868779912, 5.14757337830869, 17.6945443935633, 10.0676761254204, -0.0273618922963584, -9.63204658167227, -17.1808224754289, 3.62172970349037, 0.29836792087517, 0.214816840710965, 0.123304785545128, 0.0807500144155852, 0.0782433093194859, 0.0456231446234795, 0.0477946522456047, 0.0386708518986573, 0.0456183984989323, 0.0268100818669918, 3.43354918913457, 1.05396054887377, 3.53272381819116, 1.25309428668854, 14.0950963712102, -1.24820615185267, -6.49978061478252, -3.73917169634419, -2.10793790823085, 1.74834621657031, 0.493176069559585, 0.153789447385839, 0.0931556258929224, 0.122460262972598, 0.0698530897344164, 0.0279121675828209, 0.0197772603321923, 0.0109367176159925, 0.00708112089244973, 0.00185823803118427, 0.0256702855224601, 1.74853465980933, 2.32393293570517, 1.85053849220276, 14.0596958654886, -9.22563047239011, -7.37631337972647, 2.16948189187751, 0.87276609475045, 2.81990269868559, 0.58090742695697, 0.16094169095221, 0.100089817981221, 0.0420997575452645, 0.0541451293125554, 0.0195375038166637, 0.0119741513175776, 0.0106794677959364, 0.0125020362816632, 0.00712301803993784, -0.00899820528686213, 2.8199170551193, 2.01750555580262, 4.75412884354591, 11.6362740198453, 2.8204855172529, -5.53502899339525, -5.49969661289552, -2.92203393080746, 1.45201939453109, 0.517186837001684, 0.200673801661531, 0.108094110659946, 0.0626987667379997, 0.0468564428300927, 0.0188302942026553, 0.0163008649578156, 0.0113455434726145, 0.0116933605545866, 0.00631997792107496, 0.0160340614929188, 1.45210792065273, 1.72959006474629, 2.68992328643799, 1.89460662767671, 0.112803326567414, -2.24116351468079, 0.427238101070959, 0.306515459365706, 2.72211940475393, 0.388305057688276, 0.20150236610107, 0.187774562711855, 0.0813022658796846, 0.0760775406869636, 0.0166585409441444, 0.0145195457732392, 0.0119853096720652, 0.0139435420914597, 0.00793126845124357, 0.0106646296668023, 2.72214029544104, 3.58986275108329, 2.6980795259564, 15.3684976707745, 7.62838355369182, -1.97448952102349, -8.46191911771853, -11.8058895248234, 3.58615382797359, 0.34830908128372, 0.176648362921298, 0.147433506105137, 0.0862949730567494, 0.0832674015286824, 0.0481477019943759, 0.0430469720599198, 0.0297911672647406, 0.027525394394819, 0.0095354393905583, 2.93512152798929, 2.04518966943314, 2.72626308750696, 2.91499295046028, 5.50333969097296, -4.25599603046408, -1.5181742402176, 0.624129548696169, 0.146701031012549, 2.44238472341059, 0.380604206058237, 0.166802907790279, 0.188130171797764, 0.104078954025057, 0.104046773532594, 0.0218409475155846, 0.0107994337837212, 0.00837407957615077, 0.00977427027964192, 0.00554825564097066, -0.00733180419808555, 2.44239572807156, 4.27344766934955, 1.78563529253006, 3.58567104515333, -0.84440126785158, -1.82544583559707, -0.636368257806817, 0.220544316102144, 1.13157188466473, 0.473490622095047, 0.226905191389371, 0.152058436146475, 0.0612205180872756, 0.0431002023947351, 0.0147044223777849, 0.0100428091987216, 0.00697106749631879, 0.00741816229559368, 0.00408856851867689, -0.00291533052593436, 1.13157564012123, 6.29797091030444, 1.16700994968414, -0.75360317782561, 2.58355457290537, -1.89287645412885, 0.486856174936576, 0.076068884112524, 2.36955717605136, 0.454818786046939, 0.222430021566437, 0.154777534244527, 0.0666504691882977, 0.0381611111921246, 0.0130879063548318, 0.0143819308791349, 0.0125953635776823, 0.0147015220349374, 0.0083953549150886, 0.00721442041915633, 2.36956815863956, 3.93112960585692, 2.43668591976166
1039999999, 14.1022051042856, -10.5287561461955, -7.54424575213519, 3.27860993679647, 1.19218685724858, 2.89010273900552, 0.613183391774224, 0.127240883553274, 0.0985063484722535, 0.0345508274664327, 0.056425736450217, 0.0194370334093107, 0.0160991017939613, 0.0122678054806942, 0.0141989453689935, 0.00808992623063883, -0.00962753839076808, 2.89011877463585, 1.82558933998408, 5.29107278062484, 18.0819023222101, 10.2732700739978, 0.0748912695757221, -9.94599380713157, -17.556841591665, 3.6320540237864, 0.300570306573832, 0.201175859205658, 0.143444697842845, 0.0830371370396528, 0.0820495850212303, 0.0375579681520668, 0.0438717633892998, 0.0378921945916951, 0.0453358791029422, 0.0250646090807781, 3.46151143617595, 1.01782346063117, 3.83128758117651, 1.10136102520916, 15.787089068342, -1.01117718103107, -7.87914328056462, -5.19045202184664, -1.20631658489969, 1.78872970714937, 0.495051020767475, 0.134806100155446, 0.113614937790454, 0.122029671025306, 0.0681667571272679, 0.0230320695143228, 0.0194897778145706, 0.0116117283076299, 0.00868252538672434, 0.00351541211080331, 0.0218857494506864, 1.78886359213543, 2.02403721334931, 3.22546601295471, 13.7856863752887, -9.87941405089861, -7.051555251712, 2.74933351693511, 0.895949410386849, 2.80305041032774, 0.578837702144323, 0.155096085122249, 0.103654673487739, 0.0413257501268994, 0.0533640804046991, 0.0188436506694754, 0.0162017253645202, 0.0118359367177042, 0.0133249313201659, 0.00751546464222532, -0.00484958440291825, 2.80305460548085, 2.03265010163123, 4.62315374612808, 11.9940226830402, 2.33533637577029, -5.037256327105, -5.99056294242439, -2.80153978928109, 1.46122238677958, 0.49609530612201, 0.246662486691539, 0.106240825221905, 0.0637811165614599, 0.0482534379979003, 0.0149932205763353, 0.011717369518847, 0.00646303222415466, 0.00443493253687977, 0.00135827254896949, 0.011299068023682, 1.46126607178981, 1.72796078211804, 2.66860818862915, 2.05396353387778, 0.0869714392344328, -1.96113988063684, 0.32110210063411, -0.000897193109484794, 2.68962784900143, 0.394358076570572, 0.202058873971867, 0.202666601378455, 0.0834933865159235, 0.0747824006157089, 0.0161471216828295, 0.00819146158408716, 0.00657927995419315, 0.00748868492912321, 0.00423411279723969, 0.00483017311000046, 2.68963218613555, 3.71627424276223, 2.55455161317917, 15.8821424062886, 8.0334246575359, -2.11000343454603, -9.0260881940148, -12.0294307370299, 3.56046787852298, 0.3481084802351, 0.184050339133629, 0.148712062943061, 0.0851233786384128, 0.0839015211338994, 0.0454581209153069, 0.0388457513852258, 0.0298453250484555, 0.026063723120682, 0.0098912974462267, 2.89487584260934, 2.05542951330111, 2.70305433125696, 2.91481604496262, 5.4825505593179, -4.19297863984095, -1.25019918672581, 0.424567219530303, 0.0360600477185559, 2.43346407869521, 0.3884309823855, 0.171484365068643, 0.196417627492741, 0.105257237865978, 0.105523361281231, 0.0216939952266645, 0.00496321797853373, 0.00278077639163102, 0.00233402623084061, 0.00111441007823735, 0.00294830803888977, 2.4334658647329, 4.31352109702954, 1.68219009041786, 3.47777724656623, -0.863992971379287, -1.69619472256609, -0.564846180375516, 0.147256627754666, 1.1304796053716, 0.474873112308255, 0.232686074033229, 0.152105852559193, 0.0608791748281717, 0.0426490003470337, 0.01616844295567, 0.0090611307437604, 0.00535077865644846, 0.00429336846586136, 0.00193306510237694, 0.0025731149296164, 1.13048253373574, 6.35324394588192, 1.13038098812103, -0.670903865754311, 2.17564522810729, -1.87480704763395, 1.04584134237918, -0.175775657098203, 2.34034184544328, 0.455349118789362, 0.222522471382742, 0.160740918291258, 0.066093199423903, 0.0408008938762276, 0.0132299620228267, 0.0119470985019116, 0.0102296926771859, 0.0121238568500441, 0.0069627881845392, 0.0117739698156713, 2.34037146194746, 4.01955153364665, 2.2614041864872
1239999999, 13.9916496455248, -10.5498021981045, -7.59289916408823, 3.32658921342293, 1.32446250324501, 2.88307567353722, 0.623055646769233, 0.126457593648942, 0.100908735960426, 0.032734629031077, 0.0611057609303094, 0.0171918684775603, 0.0100064107611781, 0.00991525176958171, 0.0118195113788089, 0.00680459127288332, -0.00983123760734446, 2.88309243566262, 1.79352454689639, 5.40302299895948, 18.3789055838703, 10.3474808533831, 0.00824826259317241, -10.0059114647711, -17.8005815370117, 3.62002425922599, 0.328650132007193, 0.204089453976263, 0.141150786816322, 0.0795000152399108, 0.0855599428397805, 0.034793898984951, 0.0377335953228402, 0.0306442694160031, 0.0367781818617878, 0.0210997235349478, 3.45875362079536, 1.00742931681815, 3.77894865722814, 1.19665609968279, 16.8984656896644, -0.315089758766695, -8.75698921116787, -6.25452830895778, -1.07185841077208, 1.83658215285569, 0.523806794896906, 0.137882937351076, 0.0933873380452677, 0.105996184174557, 0.0706434801266072, 0.0201125441251051, 0.0150496999789807, 0.0119888832125365, 0.0135281791599672, 0.00760395892899674, 0.0150720767059313, 1.83664399699132, 1.79855240766186, 3.5390419960022, 13.375015150969, -10.2207372832143, -6.59531281345501, 3.02450803055857, 0.916526915141779, 2.78201209892479, 0.603718134711817, 0.149720770769933, 0.104087626810862, 0.0400696633527702, 0.0572074147350887, 0.0158334580933887, 0.00747744878779172, 0.00760456908006265, 0.00905970074893734, 0.00522121290934882, -0.00569577123165254, 2.7820179295565, 2.04683264897692, 4.48091554641724, 12.3638983401253, 1.06717784568877, -4.14327268755861, -6.67193752826251, -2.11586596999294, 1.41136469937177, 0.458004099011406, 0.225413225901873, 0.11449466277579, 0.0795805277834072, 0.0577916067413534, 0.0190179934093577, 0.0171096861574809, 0.0117404949111407, 0.0111409858114626, 0.00570671749672947, 0.00870531744384714, 1.41139154637704, 1.79818455239857, 2.56956338882446, 2.03136898594463, 0.272211660222127, -1.90222394595331, 0.15278059666388, -0.0541372968773222, 2.68419542729674, 0.401322761471899, 0.207881457733056, 0.204460872230834, 0.0853672696749395, 0.0747345121673525, 0.0152299146092275, 0.00333729118759837, 0.00274396431581448, 0.00314058577243071, 0.00178137083684787, 0.00605686333346528, 2.68420226091741, 3.72989118110416, 2.56644605295255, 15.7427589310458, 8.29112060349536, -2.03662611851174, -9.1231671135363, -12.1219064604167, 3.56854939279819, 0.347973870237693, 0.179382290249053, 0.15410230175097, 0.084957630883143, 0.0826373875931519, 0.047971520370602, 0.0407936755505823, 0.0295517362912101, 0.0242323386502515, 0.0083972484233434, 2.91169111493772, 2.04835314258784, 2.73462479311192, 2.83112292173663, 5.43627764819629, -4.1414556444041, -1.10097149821954, 0.290124862539668, 0.0160246318876745, 2.43030561670122, 0.387653660338842, 0.169983793104694, 0.193459644744669, 0.105933970524481, 0.102641926044416, 0.023120053303591, 0.00525620624636437, 0.00427655179781407, 0.00489111854720866, 0.0027830753479191, -0.00264090246564206, 2.43030705157503, 4.30309990445517, 1.7024313211441, 3.28905221065532, -1.13396163603797, -1.43551092261089, -0.290775541503578, 0.0711958894971212, 1.13915914315123, 0.49572837123616, 0.241099721875334, 0.141489238324263, 0.0568413300034734, 0.0375593281699137, 0.0119340912067558, 0.00664552165767766, 0.00381456832379052, 0.00330499649757471, 0.00158283270505678, 0.00579766796344545, 1.13917389646131, 6.42870979129623, 1.11008840799332, -0.457160307363051, 1.72165754918112, -1.65465715214874, 1.11017731852734, -0.220017408196668, 2.35169637173802, 0.47742807749836, 0.229148941147448, 0.168404819979402, 0.0653821549571025, 0.0419467716990444, 0.0090261484128998, 0.00450718067144567, 0.00238541943193879, 0.00149326702168209, 0.000277219180677532, 0.00828227530091994, 2.35171095607643, 4.02830308646722, 2.39949262142181
1439999999, 13.8811090305924, -10.0497443333237, -7.5355126712279, 2.82664175156537, 1.37750622239389, 2.86674523897953, 0.595464253848441, 0.131784478834871, 0.0997466427019579, 0.0373238999225446, 0.0585040363139969, 0.0204739510816963, 0.0170399245369262, 0.0139698442979787, 0.0163434811451506, 0.00934948731643668, -0.00944032698952777, 2.86676078265792, 1.77515896389266, 5.52760748693041, 18.3261850021578, 10.1771879009958, -0.0394619851100723, -9.80531583152555, -17.7300212879618, 3.61617471763338, 0.331060170578147, 0.199757916968702, 0.150911419799117, 0.0773190297004978, 0.0835536008806521, 0.041405260361017, 0.0337048580689462, 0.0292435755483857, 0.0336688937427222, 0.0193752743518131, 3.45646620121967, 1.00308727866592, 3.61231565551907, 1.20786820783986, 17.6188991508119, 0.695810416014999, -9.07321449430423, -7.17404695436455, -1.56744811815814, 1.88610384819756, 0.516478232759358, 0.125158721985585, 0.117467420652399, 0.105184477612531, 0.0660239604037372, 0.0233944021841553, 0.0158945981389929, 0.0114342014610187, 0.0122373925461182, 0.00672659225610563, 0.0173796406402577, 1.88618391947722, 1.62799681956173, 3.64493989944458, 12.817893656454, -10.2504589262481, -5.96194971648378, 2.9503532498415, 0.944161736436378, 2.75177211354857, 0.572739849315747, 0.158873181693556, 0.103305202757218, 0.0446944944129594, 0.0546404357449144, 0.0162818168635187, 0.015085679946838, 0.0121485221078324, 0.0141489610137957, 0.00808185614362185, -0.00364281539153965, 2.7517745247399, 2.0742094226733, 4.36583682894707, 12.3427382979406, 0.535666272364788, -3.57220975974412, -6.93954734185872, -1.86664746870259, 1.39537883650341, 0.508076950427215, 0.228134489018918, 0.11427364964097, 0.0807307861344643, 0.0419847966737111, 0.0123253433638528, 0.00543191791701115, 0.00341639899383242, 0.00362741623822327, 0.00199825159180154, 0.00178959909057446, 1.39537998409986, 1.88572917553611, 2.43353128433228, 2.26043741371754, -0.0701277827480357, -1.5422959385656, -0.240916784567254, 0.0929030921633514, 2.68279403542409, 0.398147285797353, 0.215440140770136, 0.201282904432131, 0.0847647995535479, 0.0771997724603194, 0.0144250127998841, 0.00432375660857202, 0.00229664515191897, 0.00157497675555918, 0.000544705670578366, 0.0074672012379369, 2.6828044273859, 3.77915272908768, 2.4055839252337, 15.57749970758, 8.23391697028297, -2.1528495921858, -9.1460078164889, -11.7687977791677, 3.56323393428664, 0.355143430687746, 0.17955160216888, 0.150552454207039, 0.08359236175704, 0.0810178615007339, 0.0469786464250789, 0.0401305952067902, 0.0297193502694597, 0.0254829506671554, 0.00783074711007744, 2.87076114988286, 2.09150815456039, 2.72497205097588, 2.95582412280543, 5.43579278310703, -3.93997301434744, -1.06720123691068, 0.0271167805922427, 0.0442646875588448, 2.4284835381267, 0.391632066477238, 0.171498757434236, 0.195955464705061, 0.107413701386084, 0.103973604067658, 0.0216673146886242, 0.00361181392252699, 0.00179508311410269, 0.00161314589015805, 0.000839048314310409, -0.00325961399727996, 2.42848572572206, 4.3159720292192, 1.69926416873932, 3.3793612220043, -1.59381479091772, -1.46875548112292, -0.0675194096813777, 0.250728459717711, 1.15239550521485, 0.514184859643819, 0.206062454384983, 0.139354493005827, 0.0577607739274493, 0.0401311017015575, 0.012182446632231, 0.00956041182438325, 0.00766795698103861, 0.00841746134527437, 0.00467804055343594, 0.00859036349529002, 1.15242752257328, 6.3997266663386, 1.13787323236465, -0.118017614286014, 1.0778653377291, -0.72693549174752, 0.165482643285059, 0.101605125019376, 2.33903577891833, 0.477363010409156, 0.230423060059713, 0.158224861180947, 0.0673050303872045, 0.0407938366690906, 0.0119513808946027, 0.00670992459753834, 0.0038352080283155, 0.00260326534421641, 0.000790422429216049, 0.0106964241008166, 2.339060236195, 4.32267741421909, 2.03813451528549
1639999999, 13.9219441450263, -9.15146545700984, -7.31522366105866, 1.82248291765763, 1.22226205538456, 2.82806210947758, 0.593785288119637, 0.125242720320148, 0.0942865482127414, 0.0413191552218882, 0.0553122459516023, 0.0246225504151595, 0.0191859137817299, 0.0164295222352332, 0.0189907050728085, 0.0108253506690521, -0.00919296569780084, 2.82807705087417, 1.75860652715508, 5.54492066754979, 18.3190621648927, 10.0979705616664, -0.321674343939641, -9.531037375692, -17.6459408709715, 3.56991169219714, 0.332707654607955, 0.211134805942146, 0.129439873353467, 0.0728002855729487, 0.0852668287389846, 0.0381268830468919, 0.0396266976411922, 0.0327234520984797, 0.0373060218590467, 0.0208674971388879, 3.39536077610703, 1.06432145087309, 3.10506862057196, 1.33960529198577, 17.9976327367118, 1.10559344921817, -9.46207754869463, -7.52497080507626, -1.61617783215907, 1.89776309037391, 0.536918869559142, 0.132881156737183, 0.107010007202416, 0.116173997993942, 0.0702656999137464, 0.0169617820251326, 0.00879241607068731, 0.00517916227709094, 0.00410872504760704, 0.00170818317305375, 0.00979560533141911, 1.89778837099118, 1.55841997757495, 3.64493989944458, 12.1466919835998, -10.1052786230115, -4.97728207307531, 2.47818090349935, 0.957687808987724, 2.68639592884364, 0.560824818337819, 0.147532529875471, 0.0995156760255148, 0.0538199490310599, 0.0493877116222821, 0.022795469734845, 0.0195796028501587, 0.0166468973727396, 0.0190702400936957, 0.0108271050564147, -0.00568660770225522, 2.68640194758991, 2.13397458584444, 4.30637359619141, 12.0054022762691, 0.304855380196813, -3.39976373588531, -6.7461901065201, -1.66430381406051, 1.38781902868949, 0.49065230538336, 0.222380098085652, 0.120200824468097, 0.0795811294152858, 0.0459677546172634, 0.0130715315808727, 0.0102073530943589, 0.00724722605225593, 0.00700771818281096, 0.00368405912004372, 0.00459912158202956, 1.38782664922964, 1.96909363282193, 2.43353128433228, 2.40587843887356, -0.216659957095117, -1.32586400806785, -0.567010154529193, 0.203655680818606, 2.68523468155132, 0.400589061189292, 0.214340980153349, 0.201276255721187, 0.0841447543057761, 0.0756648047359144, 0.0154991951814369, 0.00366056563281507, 0.00213592644141634, 0.00181351827287974, 0.000874938365933499, 0.0056457464497715, 2.68524061667832, 3.80342515687968, 2.4191303981712, 15.3966651501083, 8.15729248954987, -2.17156627021466, -8.98825052513186, -11.6519441222571, 3.56837327791954, 0.358926067315976, 0.176967228307379, 0.150507170200863, 0.0821079372408624, 0.0828012029597157, 0.046854757439526, 0.0420390316634725, 0.0295074042940565, 0.0235711958683417, 0.00671800470980691, 2.87398078129752, 2.10309442468672, 2.73158100684783, 2.91563377177983, 5.44557783109638, -3.78983615970856, -1.03892000732774, -0.19908979173662, 0.0822681276765491, 2.42938729431298, 0.393022943682662, 0.170811336679691, 0.196113100165351, 0.107546207861885, 0.104252726019581, 0.022537890343388, 0.00309661962603827, 0.00129402516879765, 0.000924933757305456, 0.000400216695300287, -0.00318152120286263, 2.42938937756929, 4.3182522341057, 1.69926416873932, 3.42992081930846, -2.38426931026718, -1.46036478608295, 0.589596119132647, 0.325117157909024, 1.15864106675148, 0.533919280989235, 0.212557942544423, 0.127028934193428, 0.0568161614960086, 0.036315029065334, 0.010792259432298, 0.00607939504897236, 0.00563267547158433, 0.006867455976919, 0.00399086578179714, 0.00479298539704131, 1.15865098035259, 6.36870449688288, 1.14465796947479, 0.161147686450045, 0.722549423285578, -0.339737492047722, -0.313198682940556, 0.269239065252654, 2.34284359342186, 0.48253538343314, 0.228961297387775, 0.159855625840985, 0.0647406733964262, 0.0397024059818626, 0.0100544238038268, 0.00511385348185598, 0.00357352772061325, 0.00356445206219435, 0.00189835689132043, 0.00664406182569223, 2.34285301433859, 4.44696530104833, 1.96738582849503
1839999999, 14.417157106339, -7.58045093256037, -7.52684807456974, 0.26440075967009, 0.925741141121023, 2.7917553684037, 0.584007265164739, 0.133383744887634, 0.102127980622149, 0.0369487335652905, 0.0619501454477388, 0.0220991735516667, 0.0178440643155409, 0.0148396410708164, 0.0170852166122038, 0.0097140347622205, -0.00784682972003051, 2.79176639598437, 1.7304076006392, 5.59653337050443, 18.3582744755998, 10.0764334624925, -0.530173134188106, -9.52259416453491, -17.4764022074084, 3.49130328886793, 0.314254526451955, 0.198596890245624, 0.150884620906221, 0.083864085927284, 0.0847906655613189, 0.0408871790208785, 0.0369156924966272, 0.0324563269088462, 0.0368278779797724, 0.0205221345014727, 3.29535735605071, 1.12765184589998, 2.75891466065603, 1.54322970021217, 18.0612466762775, 1.23414727225712, -9.89217132817189, -7.39332976378236, -1.50989285658038, 1.89403466246581, 0.499037548930114, 0.150605564764771, 0.109875148767284, 0.117690588971481, 0.0687772801261014, 0.0220375526467405, 0.0131222433108606, 0.00803377286929123, 0.00726032309760445, 0.00355997651575077, 0.00698755924987995, 1.89404755183344, 1.54894124863419, 3.64493989944458, 11.59431699795, -9.49930237220949, -4.22756657993071, 1.66619691119215, 0.966355042998094, 2.60067173140732, 0.522994658312986, 0.166856365483185, 0.103524145232079, 0.052941777670981, 0.0558266132666067, 0.0254047890387031, 0.0225512711045564, 0.0179792703162138, 0.0204010193690087, 0.0115200902056802, -0.00512038981819134, 2.60067677209857, 2.21221127582683, 4.19441336393356, 11.1501162585146, -0.123474357737501, -3.09397249528801, -6.20413481709282, -1.22853458839632, 1.35585319916902, 0.478326769285531, 0.221993946161053, 0.123690175957294, 0.0737336468748452, 0.0480232280999439, 0.0129342437391405, 0.0130296694430039, 0.0103899169323266, 0.0114529163981686, 0.00642548710869386, 0.00172871490478631, 1.35585430122565, 2.21418090191098, 2.20939111709595, 2.42780520621908, 0.0951353768358822, -1.30752327127393, -0.889437704054688, 0.174020392273658, 2.68625396699123, 0.401274451713665, 0.213293118523125, 0.200461863630496, 0.0841850207744806, 0.074661458544531, 0.0150186391082686, 0.00341249434698505, 0.00259828409540729, 0.00323173229685708, 0.00186293696618547, 0.00385553018512276, 2.68625673387507, 3.8001170323227, 2.43384539538649, 15.188100779329, 8.01331106131313, -1.99713268329078, -8.77122463625598, -11.6851287346994, 3.58256237413895, 0.351523970912756, 0.182111429375385, 0.147341088963266, 0.0818859963883966, 0.0843725538768664, 0.0480078048843633, 0.0417489589898957, 0.0299600640736812, 0.0245689143021031, 0.00847921823328759, 2.90174640251958, 2.07989033876779, 2.78866597524942, 2.86048318996868, 5.45468172536052, -3.57983274395316, -1.02585487324482, -0.424515188500374, 0.0755210803378304, 2.42988457802803, 0.393634670760751, 0.169839093357256, 0.19588220210087, 0.107430174676539, 0.103809463723272, 0.022074473361673, 0.00312947494098546, 0.00131988230112459, 0.00182004474587979, 0.00106052003164989, -0.0012226446197328, 2.42988488562695, 4.31829234294355, 1.69926416873932, 3.96320005788422, -3.31295826179797, -1.40763700097864, 0.68457460057391, 0.572820604318481, 1.18709635192589, 0.498220926381261, 0.212852421974265, 0.134149065601201, 0.0609037482846411, 0.0411675640369144, 0.0146246792119631, 0.0131761037887395, 0.00957078042131642, 0.00993716810358671, 0.00539754219611174, 0.0126795146049859, 1.1871640656819, 6.1399266514502, 1.14700201153755, 0.321239260327059, 0.799717828096901, -0.420560653357315, -0.449352680596636, 0.248956245529991, 2.34972686780866, 0.483487366735243, 0.227640738345869, 0.156687853285636, 0.0636722824594827, 0.0387331587515609, 0.00970375715498209, 0.00617889197938923, 0.00497845600342964, 0.0056901167882941, 0.00322737849611331, 0.00843874024105106, 2.34974202108205, 4.44325962699108, 1.96738582849503
2039999999, 15.56163566091, -5.5390306821818, -8.23157329661246, -1.64082941518964, 0.349797733073912, 2.74223473346597, 0.577392310151421, 0.128132953652481, 0.109646299548571, 0.0315516081624581, 0.0684228009444051, 0.0231056804340128, 0.0186001048352675, 0.0154073602852798, 0.0176912500449906, 0.0100496319411136, 0.00622094603493553, 2.74224178977652, 1.70101129646171, 5.21282730407527, 18.8403589910752, 10.0538351543842, -0.591630629944801, -9.85501207200441, -17.5505686088191, 3.35898683809024, 0.32051005366777, 0.202156504030965, 0.117939605114596, 0.0954420375067891, 0.0801497490561927, 0.0446358362442509, 0.0445089691245771, 0.0332466073898938, 0.0385705602172199, 0.022840077647745, 3.15236090041484, 1.1383645940997, 2.7391109896789, 1.63354125101697, 17.878070210703, 1.15239314236704, -10.139384041504, -6.98144269410543, -1.40963661746057, 1.87996036776516, 0.53529816189753, 0.130832170797209, 0.107887644427041, 0.117731010152438, 0.07073127647672, 0.0180842838788988, 0.00845309348094127, 0.00527651966684034, 0.00402741405327394, 0.00167842516910793, 0.00648428265381018, 1.87997155039359, 1.58947407593284, 3.51655864715576, 11.5803887747402, -8.41962837103728, -4.04994761035633, 0.609574126456715, 0.779613080196714, 2.4586095466112, 0.508088580217786, 0.16052338262278, 0.117715744148244, 0.0455965115646535, 0.0660314881552613, 0.0233539276853655, 0.0238864918899111, 0.0197290926521124, 0.0224082143901833, 0.0126665666737033, -0.00368752237892208, 2.45861231195751, 2.2452313820998, 4.00373262166977, 9.75546637091155, -0.698567368469192, -2.91386941319222, -5.29724566689794, -0.345783922352187, 1.30528950482565, 0.443564774269007, 0.230268198730335, 0.12174596960346, 0.0616333611689792, 0.0460142439825579, 0.0240250772313346, 0.0223322618258431, 0.0181534891402195, 0.0205984523625618, 0.0116641716857016, -0.00246913781738122, 1.30529184018347, 2.54107528586971, 1.79662561416626, 2.50876020619861, 0.298703690950652, -1.26844784876877, -1.09949967059039, 0.0604836222099028, 2.69020738185368, 0.398946772275967, 0.211642444367602, 0.197134995238113, 0.0844627826896084, 0.0741540268862937, 0.0146438593880128, 0.0061921695266651, 0.00454158723164049, 0.00527937419011474, 0.00300198820598284, 0.0051094265257466, 2.6902122339361, 3.78943786968214, 2.4452326931542, 14.9838376681447, 7.81605394209206, -1.83164749170486, -8.62022606732773, -11.5950326804879, 3.59259667890303, 0.348441586145266, 0.179652640645461, 0.153932657911012, 0.0790410342425721, 0.0839176354290619, 0.0486645501010238, 0.0432266977332075, 0.0308734104776897, 0.0256712436817902, 0.0065785436329153, 2.93791301947738, 2.05768585274403, 2.81621003629447, 2.85464949000367, 5.50160207141645, -3.46956248698709, -0.951557162405271, -0.561244195849472, -0.0192382261746197, 2.43129395193785, 0.390905581506557, 0.169154119979988, 0.193343788485678, 0.107472086699996, 0.10387891131671, 0.0219124865818993, 0.00502950694739098, 0.00293793053096654, 0.00342209567314378, 0.0019434922776698, -0.00248098518922846, 2.43129521778353, 4.31370650615409, 1.69926416873932, 4.40570835899187, -3.8594093188246, -1.48294088708378, 0.826035762179617, 0.610606084736897, 1.19991948631117, 0.5300738440767, 0.223375651305318, 0.125579251907042, 0.0590312369226125, 0.0369649387626011, 0.0096018063998099, 0.00473186417827334, 0.0038165068598468, 0.00435858946869894, 0.00246631011909659, 0.0029068410124179, 1.19992300726086, 6.13712259082991, 1.18052271008492, 0.500012432746803, 0.911943278501041, -0.593782001849058, -0.542500724951056, 0.22432701555227, 2.35706466667893, 0.488775154653497, 0.219439504012698, 0.15670995956663, 0.065212957549194, 0.037476572925706, 0.0089503612397192, 0.00692172280638759, 0.00587165240562806, 0.00678324850063811, 0.00385886633990204, 0.00590857993984211, 2.35707207234382, 4.45483999246577, 1.96738582849503
2239999999, 16.7120135182601, -3.68854555130268, -8.77728414876572, -3.40685443092033, -0.339329387271348, 2.71425411142968, 0.599760261295032, 0.127186220626343, 0.101385936055306, 0.0344641441595848, 0.0608635307247269, 0.0225088232733541, 0.0151167684136696, 0.0136185822141679, 0.0159585850183752, 0.00913714821944026, 0.0125450865321225, 2.71428310251695, 1.6856471124133, 5.06677354847577, 19.3033693660269, 9.97805196443059, -0.559343049630733, -10.3245733602355, -17.5033531165582, 3.23208538948188, 0.357651136160252, 0.147404740678416, 0.138847880332865, 0.0862650217077775, 0.0771157050159066, 0.0456295332373995, 0.0430916384812132, 0.0359330763194193, 0.0439288225105728, 0.0241324455561774, 3.01785576046583, 1.11216463934889, 2.79791723623134, 1.59158215733778, 17.6031325988543, 1.0361073852056, -10.0095273651606, -6.70151865687437, -1.42819396202488, 1.87564199612326, 0.533162471100029, 0.127136487885123, 0.123193525470895, 0.10775265159302, 0.0699306692381604, 0.0174021014806511, 0.00758798971259528, 0.0053332015265051, 0.0055104637691544, 0.00299043822386677, 0.00392840084838672, 1.87564610999902, 1.6222625029951, 3.51655864715576, 12.3527311141025, -6.67157750965657, -4.38556485999366, -1.16102382647717, 0.365435082024929, 2.34825540266607, 0.536595462512833, 0.14269575705424, 0.108080096353431, 0.0435503957598647, 0.060020171536819, 0.0249863735899563, 0.0242521014387594, 0.0211183698287191, 0.024627682810353, 0.0140735891150246, -0.0144864507503504, 2.34830008589314, 2.24380979012601, 3.87385660409927, 7.90598233125279, -1.11036841470343, -3.38864913401844, -3.92770821663947, 1.02074343410856, 1.18913398367493, 0.458715001507729, 0.200092679102892, 0.102694945939381, 0.0640692967739887, 0.0482754609963319, 0.0278876737094924, 0.03056775491779, 0.0244782710331957, 0.027626400100054, 0.0155925159191453, -0.00776981680297798, 1.18915936744566, 2.63581410435995, 1.73999118804932, 2.95610870080266, 0.47712906952421, -1.3709719131278, -1.24761331610469, -0.314652541094377, 2.67229445094653, 0.389103773748479, 0.204351684132755, 0.197835936660458, 0.083207039329871, 0.0740586615678394, 0.0162412738496351, 0.0101006641482831, 0.00899132529775093, 0.0102713611701489, 0.00583828009477991, 0.00743478093165716, 2.67230479334359, 3.8563819265652, 2.09957631699645, 14.747894292525, 7.51422325923202, -2.05655365027832, -8.19216290091845, -11.2649752038794, 3.57503847789069, 0.344708234131906, 0.176494212287714, 0.15207228721442, 0.0835637640951882, 0.084479784287041, 0.0508117732931051, 0.0393587099749798, 0.033688373822434, 0.0253751006144795, 0.00944776027873179, 2.905058138837, 2.07272877355635, 2.78970266728375, 2.86653054396503, 6.07876410464497, -3.27705803183306, -1.28057253421001, -0.710095116938671, -0.311038421663227, 2.41487944836314, 0.373258745792355, 0.162380448433277, 0.197534026929287, 0.106336128406511, 0.103219506952039, 0.0230691985843779, 0.00976500289427798, 0.00886654138735716, 0.0099463229554884, 0.00562407766502924, -0.00454581078270149, 2.41488372691571, 4.40017864426768, 1.58055579662323, 4.2591163644386, -3.98621677606569, -1.24734526488739, 1.07671727944491, 0.397728397069563, 1.19647961074959, 0.518226164151875, 0.226263455674949, 0.123444075548813, 0.0588460690491783, 0.0366307313145662, 0.0105556234238198, 0.00738349201346522, 0.00648828638717257, 0.0077269780917927, 0.00443512434436953, 0.000126157117068527, 1.19647961740061, 6.1039865251248, 1.18052271008492, 0.616681401916476, 0.884936048597309, -0.459491497840674, -0.551995976974368, 0.00987002430125869, 2.34897720494108, 0.487800176746068, 0.213163587859833, 0.156183195204286, 0.0650531961193513, 0.0365659773425232, 0.0105627240922348, 0.00897844542845682, 0.0076279025434925, 0.00894632073118998, 0.00511847393256412, 0.00634010161256833, 2.34898576117891, 4.46823330634527, 1.89245074987411
2439999999, 14.2220701077335, -4.30025438036929, -8.33993090532732, -1.56789314583314, 0.486008323796274, 2.86952363678828, 0.411539541789764, 0.158638410771749, 0.146291332916644, 0.098016364666616, 0.0715222858820366, 0.0304314195115483, 0.026724848287503, 0.0211098526522452, 0.0229904013609849, 0.0127355421609088, 0.0586320900562518, 2.87012257997302, 1.99797807743141, 5.24836833723988, 15.2275844499869, 8.03490450719464, -0.351368027401709, -7.93769386949947, -14.1047870461045, 3.43636607546162, 0.238969495748763, 0.124185744695405, 0.144745176175594, 0.12918884358003, 0.120712495202033, 0.0660546606079742, 0.048014714588618, 0.0372904620667474, 0.0554726431786903, 0.0353657641561452, 3.08899777387555, 1.33853213719528, 9.55526608960332, 1.53563293065104, 16.6103377696066, -0.513313560034742, -10.01723657796, -5.19816617218551, -0.381621459426399, 1.85091034371229, 0.473312694707432, 0.117341008488367, 0.0819348731177639, 0.0987143767587582, 0.0773710884524257, 0.0345301095436874, 0.0346840587824937, 0.0292462389579992, 0.0336865312081681, 0.0191790199829053, -0.0221585454254168, 1.85104297670165, 1.72331429515741, 3.40020322799683, 10.5037158752077, -5.33410158502051, -5.47992245368434, 0.262219640614856, 0.548088522882255, 2.53490199886275, 0.379545344222248, 0.19897251197498, 0.163737216811506, 0.10499753615586, 0.0667963235298152, 0.0248910809169437, 0.0204962298840028, 0.0156113813150175, 0.0162137756097736, 0.00873859957985202, 0.0573554796476354, 2.53555078728153, 2.83062978402647, 3.97603797912598, 4.85850677217998, 0.54556857756435, -2.21499641903292, -1.61615943928262, -1.0729194914288, 1.39893336520507, 0.338501523681725, 0.221229540689491, 0.156779269023272, 0.0856921053458417, 0.0629077466516164, 0.0349690988679547, 0.0333094898164008, 0.025106517049973, 0.0267942675609254, 0.0147104413127995, 0.0461700525894154, 1.39969505037351, 5.59565343134979, 1.54563426971436, 3.42605707591438, 0.475076156833659, -1.35302015786849, -1.31684867591717, -0.731264398962384, 2.64797869343962, 0.39873781511452, 0.214372091896818, 0.196800682341816, 0.0808442298966467, 0.0747769588924674, 0.0155196886349056, 0.00609582460574554, 0.00460234171923535, 0.0052756282632555, 0.00297473863458952, 0.000908441423901773, 2.64797884926901, 3.96294816340973, 1.98912763221127, 14.3034026116333, 7.1067317718232, -2.31168703197812, -7.68398221714105, -10.6719105330912, 3.54892298776979, 0.349019697073803, 0.175645444059162, 0.148826412055993, 0.0811765674251602, 0.0856316018343195, 0.0489811005327872, 0.042847937565874, 0.0335961786253921, 0.0232527575079501, 0.0110223033195588, 2.85307897148641, 2.08971347655158, 2.83034877770262, 2.83727136644721, 7.29014617987134, -3.3238506628268, -1.82583752732357, -0.969702759521259, -0.670755230199706, 2.37536306909836, 0.370088082174425, 0.180757675385509, 0.196661182548596, 0.108527965962602, 0.107231421422058, 0.021794642245094, 0.00615038232625424, 0.00333885866559832, 0.00354990289335593, 0.00189988637650863, 0.00156823750469136, 2.37536358678104, 4.62166031948989, 1.42772741615772, 4.49935717186918, -3.79825300221695, -1.35409557597829, 0.969608746362318, 0.183382659963745, 1.20183961938302, 0.490459001871027, 0.214931123920976, 0.120413895005511, 0.0569106006936788, 0.0383559928666886, 0.0175293141174714, 0.0183422468655353, 0.0152768371573896, 0.0177000877456321, 0.0100808997560901, 0.0134649900599722, 1.20191504553193, 5.96928627618118, 1.17696693539619, 0.779691812580805, 1.0110782321505, -0.722329732981025, -0.315914265490621, -0.252526046259658, 2.34693122872524, 0.496756211663126, 0.212318785056606, 0.152235146891322, 0.0614415457416496, 0.0456747924990496, 0.0127979698563315, 0.00817895280366975, 0.00478523382516735, 0.00397703888187424, 0.00183432278120471, 0.00731363057136475, 2.34694262425776, 4.53786041767537, 1.76560845971107
2639999999, 10.9032517669878, -4.81890754692933, -8.10714984783971, 0.940553393518316, 1.58225223426291, 3.15556195559539, 0.460039183396082, 0.198129756637858, 0.0890532806640504, 0.0879058713677678, 0.0480439393021901, 0.0297389028310005, 0.0290474261690597, 0.0214482680755095, 0.0235030192733873, 0.0130903522830949, 0.0605422816963113, 3.15614268110204, 2.46522350936906, 5.37345888633044, 12.5400730976461, 6.0717289868245, 0.0138975400053635, -6.12070023027681, -11.6549817388102, 3.75574253734083, 0.307170619889285, 0.160831857519805, 0.0953681231416751, 0.0833604782714156, 0.107146972088661, 0.0354738895843937, 0.0755409548675333, 0.040277264572184, 0.0640485764409942, 0.0307812636240529, 3.33817812322511, 1.57917721567457, 7.66772386514542, 1.36370375962256, 14.6645362118318, -3.33102170836468, -10.0711001510621, -2.39322441348399, 1.63081006107906, 1.84860762208672, 0.433318820657188, 0.139157276529299, 0.106593191468478, 0.103915832574824, 0.0636153969156076, 0.0363422230041721, 0.0343491501669321, 0.0291952812833065, 0.0340514361058548, 0.0194613912943392, -0.0165282975158697, 1.84868150990263, 1.72639121944998, 3.40020322799683, 9.75221528369077, -4.73881943934129, -7.09929973387768, 1.41204011499546, 1.17386377453275, 2.73877989666533, 0.429246088276755, 0.204067815786131, 0.103886737665976, 0.114643564866618, 0.0491073948034027, 0.0270649437803589, 0.0264675087639689, 0.0175732878724781, 0.018138158898758, 0.00980449928555336, 0.0520263815946585, 2.73927400359292, 2.47016371334752, 4.29022264480591, 3.64488507853273, 0.876080202446798, -0.710390875998374, -0.773937552388554, -2.5366368525926, 1.78531132970585, 0.394601599146547, 0.269796517236655, 0.113359865257763, 0.0854290210627882, 0.0511065267325955, 0.027839943330853, 0.025304928080606, 0.0153330003189171, 0.0121042773493574, 0.00512432148391872, 0.0440630308094045, 1.78585500381755, 6.57685734666595, 1.57336664199829, 3.77500169028628, -1.14299697915487, -2.36915193878795, -1.30775981108752, 1.54490703874407, 4.05560261938843, 0.245208442821274, 0.147642845870704, 0.153464365173066, 0.100689736173652, 0.0948393775577984, 0.0639893430581134, 0.0619864955840658, 0.0485224822214294, 0.0536514256731839, 0.0300054858667126, -0.224271727718362, 4.06179891356577, 24.2051148922683, 1.62704716062797, 6.95154509096377, 2.22500532821293, -0.415420170407968, -3.44383561753108, -4.65223419710435, 4.83048623303999, 0.21281941035374, 0.141323646691612, 0.152745572578931, 0.111145932723681, 0.0914939855938849, 0.0733863198954416, 0.070538946599311, 0.0558724983454381, 0.0584672614387348, 0.0322064257792256, 3.1768721508681, 3.43548945212107, 27.6486969626191, 3.0180263205284, 3.61232120767153, -1.20671827981158, -2.00394011917841, -1.35307370383196, 1.45141089515042, 3.95977851640382, 0.243961001849292, 0.143393550343598, 0.154640670823279, 0.101138529646868, 0.0959627920405986, 0.0646695498005064, 0.0626037258650875, 0.049039356744681, 0.0542465958641799, 0.0303442270219092, 0.221496654035299, 3.96596856602798, 24.9699032402133, 1.42772741615772, 5.28136779673857, -1.73121267855449, -3.48522984866741, -0.181864323146885, 0.616939053630212, 1.449872389947, 0.366318686695256, 0.220555175291704, 0.111705783948615, 0.084068164353674, 0.0594334028350719, 0.0391952914478096, 0.0385136513478325, 0.0296692245942613, 0.0324679433745182, 0.018072676111258, 0.0424248698781132, 1.45049295645129, 6.32526446139922, 1.20268258452415, 1.01784631867501, 1.21858873099314, -0.962784519144186, -0.21635909529046, -0.557291435233497, 2.3561878960484, 0.482926819375965, 0.208873346810073, 0.146096304301872, 0.0573054152725166, 0.043453857135604, 0.0173568257412465, 0.014618089094365, 0.0109336054633356, 0.0118531477242874, 0.00658258908073466, 0.0199169790344235, 2.3562720741754, 4.53756524339225, 1.60276785492897
2839999999, 9.81824424031861, -4.61228797376822, -8.19222119750817, 1.32075569951803, 2.16550923143975, 3.48974251994005, 0.521747577883963, 0.118771198409001, 0.127072780664193, 0.0651598925841992, 0.0401986729487696, 0.0282983982211652, 0.0289665769152747, 0.025040588535388, 0.0285641179456603, 0.0161801958923863, 0.0617819536398372, 3.49028936698278, 2.60891405633194, 5.20263018731285, 12.5485291888663, 5.15510261160812, 0.267454302191994, -5.75321246537538, -11.3690550857473, 4.00140569122022, 0.363869772181871, 0.11701276069186, 0.118079615782047, 0.0737015930999845, 0.0841816389167729, 0.0660365027762282, 0.0492631436334211, 0.0412690436205179, 0.0569993848369373, 0.0295865444603602, 3.56226609997153, 1.68997094017226, 5.69159906074105, 1.19503266275141, 13.5080491452965, -5.36457541333802, -10.1054293262629, -0.384467649489484, 2.84642324379395, 1.85070178409729, 0.438955686923147, 0.121766508304967, 0.0887811473723833, 0.110494373483473, 0.0690958876379025, 0.0370249937070725, 0.0394941188446688, 0.033267258526537, 0.0389004853230487, 0.0222195398767996, -0.0259552325897216, 1.85088378018709, 1.75016235962119, 3.40020322799683, 9.77942795070529, -4.59878472597005, -8.06916462511724, 1.44349444987996, 1.94502695050205, 2.96469432070334, 0.472645855340026, 0.153915616662335, 0.140114247422697, 0.0831878380677535, 0.0452318071136712, 0.0247168624233835, 0.0226575287489657, 0.0206060420677555, 0.0235555668836569, 0.0133686352697566, 0.0453816819105137, 2.96504163752614, 2.1698280701839, 5.02654552459717, 4.42737539614086, 0.369075227409126, -0.252386942333473, -1.05783294039407, -2.98623074082244, 1.94852200317523, 0.507391399197195, 0.159138391048649, 0.114828228030972, 0.077910035191717, 0.0486773896724988, 0.0318514689450316, 0.0258121557383531, 0.0156584476614995, 0.0129148465055558, 0.00581763800852951, 0.0391911107959742, 1.94891609363344, 5.33324640955584, 1.5368766784668, 3.91770135669543, -0.754746968654854, -2.34800462149917, -1.4142654873711, 1.0993157208297, 4.94776352475365, 0.356679043637286, 0.233727379012127, 0.221822474208437, 0.0831345378538143, 0.0571265961567697, 0.0180940885762547, 0.0100487063900461, 0.00700327051942065, 0.00790920028681422, 0.00445470335903003, 0.0034233232256443, 4.9477647090403, 19.2136828394291, 1.40133128246208, 5.81497107323185, 0.647180044200803, -0.197331732632919, -2.01705049649817, -3.60458622469806, 5.63587316591378, 0.314651021953861, 0.240567571533651, 0.223139782600402, 0.0744126785093467, 0.0579793792692077, 0.026722421765849, 0.0281908281950576, 0.0159571366704083, 0.0115993487033474, 0.0067798307988697, 3.74118853159407, 4.19779910684118, 19.8637560059471, 2.86750030432157, 3.63558754594559, -0.815188585989945, -1.96791972044865, -1.47010202418076, 1.11762278467376, 4.84325161946162, 0.349750891624807, 0.231017751679041, 0.224008811091262, 0.083654489907432, 0.0583023368010189, 0.0191744933534536, 0.011413230326373, 0.00816999537873857, 0.00927305491450928, 0.00523494492336455, 0.00593371245357588, 4.84325525430584, 19.1706301843607, 1.42772741615772, 5.37678614079965, -1.44562133743235, -3.77549995311004, -0.34352833109348, 0.687863480836218, 1.52363706995753, 0.408879430998986, 0.258434557492617, 0.130551001535347, 0.0643861753761489, 0.0434749879179966, 0.018959518279379, 0.0214870845605461, 0.0190051156566423, 0.0221568890176832, 0.0126652391646541, -0.0152654486777178, 1.52371354094924, 5.8523698235233, 1.23832204937935, 1.43879507044457, 1.69793673798941, -1.1347750926453, -0.550781124430394, -0.951175591358291, 2.44632585153749, 0.508624917538844, 0.218292725893731, 0.140341731100957, 0.0707705019856497, 0.0358820688863549, 0.0100952260155683, 0.00529226310221808, 0.003893980545427, 0.00436166093025814, 0.0024449240009913, 0.0103727966041552, 2.44634784256246, 4.42054643312939, 1.23913216590881
