239999999, 0, 22, 0, 22, 0.14659482109919, 0.133269962930729, 0, 0.106879112474078, 0.135010431903323, 0.06919726645291, 1.01480740602212, 0.126374148593977, 0.14273440898483, 0.149069228228941, 0.121791375192579, 0.201581918101821, 0.102788259513446, 0.0755784945903867, 0.0377375121256668, 0.029061776287355, 0.0132828783809981, 0.000239496024806844, -0.0188963867155958, 0.018748002690744, 0.106879380806555, 0.133849413116746, 0.133849413116746, 0.0114232020415925, 0.0179156653916973, 0.0179156653916973
439999999, 0, 18, 0, 17, 0.177712089822181, 0.177712089822181, 1, 0.0975088060252653, 0.0992667611429692, 0.0947900281866533, 0.733382039974864, 0.167288139160073, 0.172947889021282, 0.181126608822945, 0.160981057033805, 0.188805446670464, 0.0570367791781587, 0.0267940989240381, 0.0173894426666929, 0.0179291612987932, 0.00970137722374706, 0.00114474015915448, -0.00958319183008098, 0.0140467545132179, 0.0975155253408646, 0.0988674188218355, 0.0988674188218355, 0.0095092776825048, 0.00977476650449224, 0.00977476650449224
639999999, 0, 18, 0, 17, 0.168130292934179, 0.168130292934179, 1, 0.0979771670483534, 0.103110379068358, 0.0919003991924344, 0.727717119248836, 0.172085587523772, 0.175673778994223, 0.19179752431098, 0.174915956640084, 0.201799280420753, 0.0465778779746217, 0.0170583536445465, 0.00789025758815751, 0.0079443345154844, 0.00425704838737706, 0.00104735161515002, -0.00208278564384994, 0.00271993330598791, 0.0979827648529408, 0.103160894640715, 0.103160894640715, 0.0096006222082267, 0.0106421701830726, 0.0106421701830726
839999999, 0, 20, 0, 19, 0.153807210081425, 0.148302126408326, 0, 0.0972286885673511, 0.104785827463849, 0.0897559890606165, 0.789633071897247, 0.174794152292603, 0.175174808887158, 0.192524621028613, 0.168201563968697, 0.211998397944637, 0.0441966912864387, 0.0184504007087604, 0.00813786778780081, 0.00497852481034413, 0.00154297128494673, -0.000302775224858815, 0.00194846582650221, -0.00163401468314845, 0.0972291599951565, 0.104772996617409, 0.104772996617409, 0.00945350955336374, 0.0109773808201915, 0.0109773808201915
1039999999, 0, 21, 0, 21, 0.139073569698357, 0.111352139151253, 0, 0.0964644127547021, 0.101880600356234, 0.0915479570538479, 0.611300060056563, 0.187589604710314, 0.174889201785917, 0.202747687009565, 0.165909783301346, 0.215410679641357, 0.0409740803558103, 0.00863577036604318, 0.00137786805921323, 0.0014426993331182, 0.00102262543731499, -0.0000257812254699285, 0.00214476452699686, -0.00238740474701316, 0.0964644161998668, 0.101855662757267, 0.101855662757267, 0.00930538359278112, 0.0103745760357222, 0.0103745760357222
1239999999, 0, 21, 0, 20, 0.151929050942812, 0.151929050942812, 1, 0.100643559939403, 0.103842278311218, 0.0977251973849927, 0.625813483277671, 0.165780277241862, 0.202624588955194, 0.191348812477377, 0.160952442962678, 0.202884066189465, 0.0409979667204366, 0.0170349118704596, 0.00752534220396914, 0.0071209657153333, 0.00373062566322424, 0.000591563384609691, 0.012875919343305, -0.00934509737617511, 0.100645298471982, 0.103025450837561, 0.103025450837561, 0.0101294761045143, 0.0106142435202826, 0.0106142435202826
1439999999, 0, 22, 0, 22, 0.142516109360715, 0.109584233668998, 0, 0.10300498777279, 0.1065829387999, 0.0960172204067882, 0.6808900669271, 0.159251653411515, 0.186915438889658, 0.195513894534874, 0.156652554420181, 0.172566307646839, 0.0543079430691042, 0.0303120560970491, 0.0174229510886623, 0.0175228385066447, 0.00953436233547227, 0.00179494778747377, 0.0207540705559697, -0.0140713088780887, 0.103020625816544, 0.104817987019374, 0.104817987019374, 0.0106132493436324, 0.0109868104027936, 0.0109868104027936
1639999999, 0, 18, 0, 18, 0.124557151048828, 0.0987259064425962, 0, 0.103580514334731, 0.108874764744253, 0.0975841924947419, 0.746673446954782, 0.160144496051029, 0.193668708185602, 0.219068437292558, 0.166236890709823, 0.172932050365956, 0.0568549293402242, 0.0172205223702616, 0.00713724854351446, 0.00490418601654702, 0.00183253112448384, -0.00100492385564551, 0.0208818362610806, -0.0227753663215868, 0.103585389036307, 0.106954218887592, 0.106954218887592, 0.0107299328218031, 0.0114392049378549, 0.0114392049378549
1839999999, 0, 20, 0, 20, 0.163586564854089, 0.0920199441031464, 0, 0.100788718865027, 0.107295158693868, 0.0946301387078311, 0.970312338646479, 0.143153591653799, 0.181090716222211, 0.211096473716138, 0.159981317234112, 0.178938609468003, 0.0531045192981676, 0.0313519623568505, 0.0173050251358334, 0.0158324158786983, 0.00814536903618675, -0.000231122337728235, 0.0272478105481418, -0.0257159708649199, 0.100788983862267, 0.103966775499482, 0.103966775499482, 0.0101584192679884, 0.0108090904077597, 0.0108090904077597
2039999999, 0, 19, 0, 19, 0.145512322238922, 0.0771296748827112, 0, 0.099838839600962, 0.104762501797628, 0.0930551843513174, 0.951255233811566, 0.150171222772002, 0.176296808464478, 0.22742241359195, 0.166242975808024, 0.189826776685997, 0.0527040520799907, 0.0171683500348779, 0.00905546202098686, 0.00743745309577356, 0.00367448544592096, -0.00135383050802965, 0.0188697671884003, -0.0212087374951033, 0.0998480182573049, 0.103329021010574, 0.103329021010574, 0.0099696267499111, 0.0106768865830036, 0.0106768865830036
2239999999, 0, 18, 0, 17, 0.143435539529557, 0.0183560371256267, 0, 0.101851618864584, 0.104011144834538, 0.09844839668612, 1.01957394120063, 0.144490339406776, 0.156958586102863, 0.216107764941815, 0.156977438351592, 0.192964690952863, 0.0580724934104838, 0.0229132132874092, 0.0183881350876691, 0.0211596860762088, 0.0119676523823199, -0.00126677971454064, 0.0210846314566016, -0.0241995743364344, 0.101859496347575, 0.101702722951361, 0.101702722951361, 0.0103753569961817, 0.0103434438557212, 0.0103434438557212
2439999999, 0, 18, 0, 18, 0.181122221761012, 0.100439009100198, 0, 0.100637790874198, 0.0980584720717642, 0.102767201877744, 1.31594998673896, 0.139084075704439, 0.149668580417529, 0.215803068230913, 0.164705340561267, 0.192153586445213, 0.0558120336599438, 0.0245515084004311, 0.0205662841671496, 0.0239515241233442, 0.013703998289771, 0.000981388141485648, 0.0241543842446287, -0.0230059767897508, 0.100642575854968, 0.0946241656703819, 0.0946241656703819, 0.010128928074723, 0.00895373272881588, 0.00895373272881588
2639999999, 0, 15, 0, 14, 0.162693177126959, 0.138232749580438, 0, 0.0985109325807537, 0.090729074098867, 0.106404656621825, 1.23071421048799, 0.153311888572213, 0.156722271987581, 0.226546004635798, 0.174276514254252, 0.207467075101978, 0.0479669379882996, 0.0175364844800126, 0.00815337853812162, 0.00587588717401471, 0.00214355726772878, 0.000214677105575036, 0.0247941146367873, -0.0244659073405921, 0.098511166494918, 0.0874595471885042, 0.0874595471885042, 0.00970444992418946, 0.0076491723944182, 0.0076491723944182
2839999999, 0, 20, 0, 20, 0.134980854420747, 0.102162029402835, 0, 0.0992769787031328, 0.0917571809479911, 0.106858136264057, 1.07986133535887, 0.169791331182786, 0.154235833930416, 0.225999043155465, 0.171605861249951, 0.214725324837086, 0.0504263178298872, 0.00936580253569149, 0.00228496314043449, 0.00120324995898092, 0.000362272179301812, -0.000360553972798694, 0.0169188602164274, -0.0183158984340219, 0.0992776334306453, 0.0903634305136675, 0.0903634305136675, 0.00985604849958959, 0.00816554957419842, 0.00816554957419842
3039999999, 0, 20, 0, 20, 0.172521814140935, 0.0162725775565552, 0, 0.101242047299598, 0.097096195083491, 0.103903996996206, 0.972464985922358, 0.150802505384196, 0.139432792411746, 0.247071939376979, 0.177431206205049, 0.209403609707197, 0.0593317201221716, 0.0104842885667624, 0.00197314276104106, 0.00243883242002673, 0.00162996304483095, 0.0013236046009001, 0.00945009664998379, -0.00612687113300215, 0.101250699111431, 0.0964199703562293, 0.0964199703562293, 0.0102517040705536, 0.00929681068349614, 0.00929681068349614
3239999999, 0, 21, 0, 21, 0.189311220746263, -0.0109613872917157, 0, 0.0988282126721609, 0.0903587152123247, 0.107236834101812, 0.710427401264979, 0.158361519376361, 0.151050335811825, 0.217754795034564, 0.165016073510608, 0.214281279142845, 0.0692334052225459, 0.0112817510909384, 0.00720856516536084, 0.00442229007354284, 0.00138998557140873, 0.000328089774117659, 0.00631971689403036, -0.00340890315742747, 0.0988287572666668, 0.0900838232865408, 0.0900838232865408, 0.00976712326287374, 0.00811509521792071, 0.00811509521792071
3439999999, 0, 20, 0, 19, 0.154911321095949, 0.0162746837655603, 0, 0.0996653784196038, 0.0919802861950333, 0.107268032667408, 0.690336033154783, 0.162982724806045, 0.162092935535936, 0.213231292811747, 0.16538261794579, 0.21270318921656, 0.067552916335493, 0.00664972570244292, 0.0045307272309692, 0.00326126575446871, 0.00161260466054923, -0.0004870558950931, 0.0071553058718845, -0.0112651907826151, 0.0996665685120531, 0.091588702990871, 0.091588702990871, 0.00993342487896778, 0.00838849051554999, 0.00838849051554999
3639999999, 0, 20, 0, 20, 0.172585397614436, 0.075649684178766, 0, 0.101394186119105, 0.0919876394337247, 0.110509948423005, 0.569514288772914, 0.125193170353522, 0.17709169760436, 0.204534176183209, 0.164529985803707, 0.209881814716974, 0.0636015178514211, 0.0134803560358189, 0.0153253576627533, 0.0167998805578633, 0.00956204323037194, -0.000459481640720181, 0.00953655861799357, -0.00679275706203182, 0.101395227215752, 0.0917889360531404, 0.0917889360531404, 0.010280992102134, 0.0084252087817675, 0.0084252087817675
3839999999, 0, 22, 0, 22, 0.160444657245414, 0.0594284451118828, 0, 0.100127784433857, 0.0939640512376226, 0.10625632369664, 0.227177197927528, 0.126424341790233, 0.180130216026459, 0.216967541465013, 0.156972967128676, 0.222374403475397, 0.0584330520830294, 0.0179634944985832, 0.00789358745001002, 0.00826380005841767, 0.00457659602418186, -0.000608126219655519, -0.00687443264686795, 0.0022953625977447, 0.100129631144491, 0.0938519953025372, 0.0938519953025372, 0.0100259430331319, 0.00880819702226746, 0.00880819702226746
4039999999, 0, 22, 0, 22, 0.181644405580096, 0.0551304088753023, 0, 0.099516893160593, 0.0975803175767719, 0.101132513170408, 0.302623788552012, 0.132779901155991, 0.17850025303185, 0.22409581866372, 0.134749027274394, 0.230468265773835, 0.0754108966341424, 0.0108650671764616, 0.00568428819309774, 0.00504658514379106, 0.00239989695271728, 0.00092847849499242, -0.00900526079509835, 0.0112051525009593, 0.0995212243526603, 0.0971532556859328, 0.0971532556859328, 0.00990447409665255, 0.00943875509037623, 0.00943875509037623
4239999999, 0, 23, 0, 23, 0.22279397972304, 0.0472632419235754, 0, 0.0973652271214862, 0.092750908281049, 0.102381390099032, 0.33403048445788, 0.133364536618066, 0.170311545282368, 0.222202424896656, 0.125994852413791, 0.210885314241811, 0.0638712112521181, 0.028259564681327, 0.0162822355286029, 0.0184039113906673, 0.0104244036945924, 0.000334498546914528, -0.00726699077258385, 0.00675806320994716, 0.0973658017052008, 0.092527947102574, 0.092527947102574, 0.00948009934169648, 0.00856142099501673, 0.00856142099501673
4439999999, 0, 20, 0, 20, 0.237541957974095, 0.0709261492713596, 0, 0.100462655797518, 0.0930221306582552, 0.106668483393522, 0.435944164118418, 0.136608810898179, 0.179104400260071, 0.205236170077285, 0.132559055625374, 0.202715284841615, 0.0629581168057517, 0.0333362898003154, 0.0185123697384916, 0.0187661684891188, 0.0102033334637985, 0.00112153205079299, -0.00844385168523808, 0.0105237478564741, 0.100468915809973, 0.0927622671874983, 0.0927622671874983, 0.0100940030440315, 0.00860483821376483, 0.00860483821376483
4639999999, 0, 19, 0, 19, 0.251450543889943, 0.0663485294696906, 0, 0.0990068817544893, 0.0934556333893111, 0.104829762913197, 0.373249709563025, 0.150323661894727, 0.19182141235391, 0.236143215973604, 0.144874004354572, 0.208954658725542, 0.0559597788393376, 0.00884216479474401, 0.00121276158579373, 0.00119813189819817, 0.000670209579572069, 0.000396366202885175, 0.00162307444655142, 0.00281224585899555, 0.099007675161647, 0.0934733201223472, 0.0934733201223472, 0.00980251974091421, 0.00873726157469479, 0.00873726157469479
4839999999, 0, 18, 0, 17, 0.268356720035308, 0.0880316651379636, 0, 0.100545966564585, 0.101606952652655, 0.0997191909404608, 0.483715283165427, 0.150033884825141, 0.191396411016406, 0.236211608434109, 0.142759475293195, 0.202500644448168, 0.0554905026845634, 0.0116005118031414, 0.00495323351753678, 0.00340772792786134, 0.00164600004987842, -0.000673011246823931, -0.000146584554707735, -0.00543958638697657, 0.100548218962571, 0.101609421508901, 0.101609421508901, 0.0101099443365451, 0.0103244745393736, 0.0103244745393736
5039999999, 0, 21, 0, 21, 0.249027366064466, 0.132027466924276, 0, 0.10162952700907, 0.104077007252259, 0.0983968632167668, 0.55298681882434, 0.134870384201469, 0.179846925328801, 0.239070244930104, 0.141060734970268, 0.176130003614218, 0.0509121129975874, 0.0298013845417794, 0.0182576280190697, 0.0193388319294388, 0.0107117494672653, -0.00110863360895178, -0.0028350654626619, 0.00254404261181662, 0.101635573637217, 0.103973927743404, 0.103973927743404, 0.0103297898285661, 0.0108105776503905, 0.0108105776503905
5239999999, 0, 20, 0, 20, 0.231476027919581, 0.137266580529151, 0, 0.102640001687636, 0.104510271765834, 0.101537152571279, 0.442364327822038, 0.143532140310793, 0.188149647523346, 0.253177147139705, 0.158122158559841, 0.190693597393478, 0.0501208967683813, 0.0114935818565497, 0.00268208664664513, 0.00146309706392998, 0.000565646737331899, 0.000174438047213677, -0.0041204176973565, 0.00779397290235181, 0.102640149917419, 0.104374594896403, 0.104374594896403, 0.0105350003750702, 0.0108940560597883, 0.0108940560597883
5439999999, 0, 19, 0, 19, 0.213896806426632, 0.144587825138552, 0, 0.101442540320367, 0.103077793247922, 0.0991052614835024, 0.270704804266798, 0.113908160751871, 0.199939649787561, 0.242711954700953, 0.143770077323018, 0.200420913979629, 0.0532579480248905, 0.0208150716030155, 0.0112250612530163, 0.00957323974379688, 0.00437792283224894, -0.00109154703653146, 0.00149420971093671, -0.0063149514806662, 0.101448412809576, 0.103042915935418, 0.103042915935418, 0.0102917804615822, 0.0106178425244736, 0.0106178425244736
5639999999, 0, 17, 0, 17, 0.226439246437967, 0.0748089363202788, 0, 0.101678297299172, 0.103126058510095, 0.100882138834473, 0.26882281043281, 0.117025187912472, 0.201889419835323, 0.247469754670031, 0.165922201806044, 0.181553866030431, 0.0532440665303277, 0.0205879273750893, 0.00523246097298179, 0.00478200471668586, 0.00229311015061456, 0.000353609517458735, -0.0015679320864573, 0.00420520637369408, 0.10167891217627, 0.10311734143632, 0.10311734143632, 0.0103386011813496, 0.0106331861048946, 0.0106331861048946
5839999999, 0, 15, 0, 14, 0.230365626920116, 0.0626203119047495, 0, 0.102232470404035, 0.107901704219337, 0.0970946938746691, 0.325538669842505, 0.126577561540288, 0.193041815101652, 0.250630127098629, 0.162259933260825, 0.182148483944485, 0.0566814385148206, 0.0167045612792125, 0.00636499554713152, 0.00404217911995817, 0.00154890459299792, 0.0000737540937732342, -0.00867680030925796, 0.00669794653337776, 0.102232497008428, 0.107617488452631, 0.107617488452631, 0.0104514834445781, 0.0115815238208521, 0.0115815238208521
6039999999, 0, 16, 0, 16, 0.240057205557813, 0.0967534672169541, 0, 0.101689187036741, 0.111363874044408, 0.0918414670291325, 0.479253962329157, 0.128511427557669, 0.187675162931466, 0.261991033775607, 0.16043162963418, 0.182381184401446, 0.0580135924520756, 0.0112961068979372, 0.00373649702142119, 0.00379990880169553, 0.00216345652650185, -0.000212679591974212, -0.00814429643403146, 0.0107197735257941, 0.101689409442686, 0.110816680657924, 0.110816680657924, 0.0103407359928022, 0.0122803367120402, 0.0122803367120402
6239999999, 0, 16, 0, 16, 0.211441858297851, 0.11801725505172, 0, 0.0998159403135039, 0.107140788974753, 0.0927619342075191, 0.344464162096745, 0.122627103565119, 0.204114011733881, 0.251947719796597, 0.159595665189238, 0.180005013485886, 0.0569289859156141, 0.014796005194291, 0.0059969678063608, 0.00316839741160297, 0.000820129901410966, -0.00011296339381865, -0.0111158667038606, 0.00921039974344229, 0.0998160042347785, 0.10664124163431, 0.10664124163431, 0.00996323470139732, 0.0113723544173074, 0.0113723544173074
6439999999, 0, 17, 0, 17, 0.232123567057558, 0.130465073896483, 0, 0.097330115008028, 0.102102341909159, 0.0929266680942363, 0.402992175250215, 0.120965036985741, 0.188483047881389, 0.238432707588664, 0.158670592327261, 0.178860703952179, 0.0579838055740322, 0.0225728213592815, 0.0136910860378564, 0.0132894417935, 0.0070507565000944, -0.000392584968903229, -0.00873368264214725, 0.00733322737073841, 0.0973309067585099, 0.101745335833347, 0.101745335833347, 0.00947330541043376, 0.0103521133638405, 0.0103521133638405
6639999999, 0, 20, 0, 20, 0.287912909400013, 0.162914173904696, 0, 0.0971279703464118, 0.102406855061699, 0.0920958118402804, 0.404288887391593, 0.122328017319458, 0.18060409634035, 0.23130850378956, 0.157351637884855, 0.176517821283045, 0.0512065526775594, 0.0247838970567164, 0.0204715297234382, 0.0226691398432274, 0.0127588040817914, -0.00045003619968158, -0.00937364534409193, 0.00796454344098795, 0.0971290129477, 0.102164379928375, 0.102164379928375, 0.00943404515619447, 0.0104375605261493, 0.0104375605261493
6839999999, 0, 19, 0, 19, 0.243603441991111, 0.18107190992531, 0, 0.097882979701504, 0.105858640319295, 0.0886759491034334, 0.400930952408361, 0.128068446051964, 0.189812429956765, 0.245936269904416, 0.169834670502382, 0.18271740725954, 0.0546795624495783, 0.0191109442860763, 0.00496578056150334, 0.0034698558358242, 0.001404633191951, 0.000990425274885221, -0.00431722534343516, 0.00437483830410984, 0.0978879903638346, 0.105914470856032, 0.105914470856032, 0.00958205865747018, 0.0112178751367132, 0.0112178751367132
7039999999, 0, 19, 0, 19, 0.218356913825254, 0.218356913825254, 1, 0.0963281603970649, 0.105267252298178, 0.08709506178642, 0.539196181748654, 0.124989035147536, 0.189877224645728, 0.238653002275911, 0.159267581124032, 0.178294762651796, 0.0601490376228701, 0.0222856389931081, 0.0116878934159589, 0.00993334545620072, 0.00486247866685918, 0.000404072916828674, -0.00640966888158484, 0.00703954235073617, 0.0963290078865384, 0.105054810930975, 0.105054810930975, 0.00927927776040478, 0.0110365132997429, 0.0110365132997429
7239999999, 0, 20, 0, 19, 0.19680108795226, 0.19680108795226, 1, 0.0949128038369236, 0.101385807675308, 0.087788050280765, 0.586618554797918, 0.133854592047364, 0.201196765878255, 0.200923265804426, 0.191650268437981, 0.177427168681798, 0.0456475365440204, 0.029170463320489, 0.0109437574624666, 0.00730595196858619, 0.00188022985461332, 0.000836524917646042, -0.0123885076819743, 0.0126593465457974, 0.0949164901696443, 0.100673227200047, 0.100673227200047, 0.00900914010612418, 0.0101350986748723, 0.0101350986748723
7439999999, 0, 19, 0, 19, 0.213259549803965, 0.213259549803965, 1, 0.094296040003844, 0.101551053525841, 0.0872411035329653, 0.662535360682523, 0.13311273519038, 0.206638632729949, 0.184168090861272, 0.202458698831624, 0.175153600432246, 0.0482359565230341, 0.0214583391577261, 0.0114637997303777, 0.0111460273228099, 0.00616411922058025, -0.00011399501564747, -0.00766174123580341, 0.00921481621106266, 0.0942961089084281, 0.101070303898867, 0.101070303898867, 0.00889175615527014, 0.0102152063302093, 0.0102152063302093
7639999999, 0, 20, 0, 20, 0.181967797571286, 0.165196244377083, 0, 0.0933032354441643, 0.100337559126, 0.0852448864134454, 0.378733314738893, 0.130841337337455, 0.209839984693473, 0.186036225834064, 0.192071219400415, 0.160071817204411, 0.0592557209447695, 0.0232069485622181, 0.0153031315053638, 0.0150987494027202, 0.00827486511510871, 0.000928106866996696, -0.00275660860209117, 0.00725524409978947, 0.0933078513668905, 0.100283817077466, 0.100283817077466, 0.00870635512670573, 0.0100568439676267, 0.0100568439676267
7839999999, 0, 20, 0, 20, 0.26276101532805, 0.106611481985746, 0, 0.0926864526033133, 0.100313418919732, 0.0833477538590449, 0.444206779815071, 0.130628696837276, 0.214131271525671, 0.190587784156019, 0.195231103101593, 0.159551402535554, 0.05342649200461, 0.0241229456627778, 0.0122551022961546, 0.0128729483633049, 0.00719225351704016, -0.00110996206127683, -0.0099631333764788, 0.0067043727914879, 0.0926930985131241, 0.0997842886213532, 0.0997842886213532, 0.00859201051196372, 0.00995690425566952, 0.00995690425566952
8039999999, 0, 16, 0, 16, 0.305815627171324, 0.246084880079233, 0, 0.0905971419989067, 0.0989631059333719, 0.0821554212241271, 0.328680819357591, 0.137191098495482, 0.204212656176101, 0.217154687373462, 0.193066865104412, 0.147204802052927, 0.0668985094563506, 0.0173526651860388, 0.00765508572794279, 0.00619580384909565, 0.00306782657818804, -0.000138857924894872, -0.00297834331607482, 0.00184714815960031, 0.0905972484123738, 0.0989534927974082, 0.0989534927974082, 0.00820786141989337, 0.00979179373680672, 0.00979179373680672
8239999999, 0, 15, 0, 13, 0.306293607189461, 0.257539423908546, 0, 0.08896614832424, 0.0964448269009246, 0.0815740765130037, 0.209504094127284, 0.130303522505935, 0.192720323859205, 0.219998646618675, 0.199854564363609, 0.159570139500354, 0.0562596552816161, 0.0260512841377294, 0.00666839052359377, 0.00565989951452938, 0.00291357369475285, -0.0000815837523497125, -0.0048464514689592, 0.00173854567156531, 0.0889661857312053, 0.0963586190639614, 0.0963586190639614, 0.00791498220355933, 0.00928498346791363, 0.00928498346791363
8439999999, 0, 16, 0, 15, 0.288679681567271, 0.286577053349039, 0, 0.0909365748477535, 0.0967010404167044, 0.0853477471539379, 0.26525440339075, 0.151026417099399, 0.157629250764371, 0.222179864334124, 0.197319860799419, 0.174948248002511, 0.0292440570674467, 0.0346521480212067, 0.0143334627112153, 0.012349014210311, 0.00631767698999696, 0.000383013114406846, -0.00309799434199442, 0.00376112392714641, 0.0909373814450739, 0.0966263499768458, 0.0966263499768458, 0.00826960734408687, 0.00933665150984788, 0.00933665150984788
8639999999, 0, 20, 0, 18, 0.328015498504991, 0.328015498504991, 1, 0.0868282613948041, 0.0908399244054236, 0.0832951007531002, 0.287848446668598, 0.125797236807694, 0.145169842021353, 0.249548477147301, 0.20413563219687, 0.205378670407026, 0.0258440125760234, 0.0230344815321945, 0.00766915103004886, 0.00857649216497814, 0.00484600411651052, 0.00019847421636363, 0.00254016839576534, -0.00454542347288379, 0.0868284882331772, 0.0907313540595368, 0.0907313540595368, 0.00753918636885899, 0.00823217860947702, 0.00823217860947702
8839999999, 0, 19, 0, 18, 0.330624861075455, 0.330624861075455, 1, 0.0873379172799944, 0.0926607007256201, 0.0823022188792818, 0.218351524458167, 0.124745978773504, 0.154119185181964, 0.2474698775229, 0.208810716678914, 0.203225889483467, 0.0280065599230495, 0.024257534410067, 0.00591052281121583, 0.00284362754440728, 0.000610107670510602, -0.000275972344480472, 0.00462080023181205, -0.00797538368975164, 0.0873383532907626, 0.0924779110163666, 0.0924779110163666, 0.00762798795554207, 0.00855216402595103, 0.00855216402595103
9039999999, 0, 18, 0, 17, 0.354331185113256, 0.354331185113256, 1, 0.0869382011923566, 0.0914486448512952, 0.0823436653513172, 0.279153281892615, 0.113690382215665, 0.162010383149474, 0.228967242143058, 0.191922441237495, 0.177609755833104, 0.0502443174371055, 0.0315286192652573, 0.0157511240008107, 0.0181080020558926, 0.0101677326621371, 0.000614213172917632, 0.0106977489198441, -0.00765833231886204, 0.0869403708548823, 0.0909013807601667, 0.0909013807601667, 0.00755862808438446, 0.00826306102410481, 0.00826306102410481
9239999999, 0, 17, 0, 15, 0.335271187492209, 0.335271187492209, 1, 0.0861186251870911, 0.0923804929618382, 0.079488095447645, 0.281890930396429, 0.116812699412694, 0.183611916677643, 0.254332070690305, 0.190876570659944, 0.172779173964517, 0.0577363584538961, 0.018232333596918, 0.00303070840581567, 0.00164025176024458, 0.000947916378022888, -0.000629738081571604, 0.00789923439820821, -0.0120696925968816, 0.0861209276202136, 0.0919433007984159, 0.0919433007984159, 0.00741681417416607, 0.00845357056170799, 0.00845357056170799
9439999999, 0, 16, 0, 15, 0.367290323106152, 0.367290323106152, 1, 0.0816273421432891, 0.0867035880858904, 0.0767299147071079, 0.332220528988462, 0.124747706768589, 0.151321581137704, 0.266338142008331, 0.191308889443107, 0.152275568448574, 0.0468557348748862, 0.0259671935904311, 0.0158500640228096, 0.0162415110634387, 0.00909360864212861, 0.000336415866515225, 0.0019854626480179, -0.00174536528862901, 0.0816280353862128, 0.0866806676218715, 0.0866806676218715, 0.00666313616101281, 0.00751353813937336, 0.00751353813937336
9639999999, 0, 15, 0, 15, 0.313864813187374, 0.313864813187374, 1, 0.0869195150740492, 0.0853677108024507, 0.0873931924800498, 0.524512402870189, 0.132609961701763, 0.182263381306309, 0.252404788226882, 0.189375827579194, 0.15299750911393, 0.0573019364773908, 0.0186145939717366, 0.00590204301442629, 0.00555844593760854, 0.00297151267075946, 0.00110306806866299, 0.0110958033857136, -0.00607026874615883, 0.0869265141362057, 0.084465355948785, 0.084465355948785, 0.00755621885987197, 0.00713439635555495, 0.00713439635555495
9839999999, 0, 17, 0, 16, 0.269457317195845, 0.269457317195845, 1, 0.0856177536651655, 0.0897380796370687, 0.0819588687665262, 0.448454539945807, 0.149925341145078, 0.165370964852904, 0.253088124206098, 0.192363712095925, 0.165713869799506, 0.0502254600729925, 0.0164646444937512, 0.00429759003987367, 0.00216434679870318, 0.000385946495168462, 0.000187422642729151, 0.00820373485665471, -0.00591895068581927, 0.0856179588048908, 0.0895011977341179, 0.0895011977341179, 0.00733043486991598, 0.00801046439584167, 0.00801046439584167
10039999999, 0, 17, 0, 17, 0.233159652373189, 0.233159652373189, 1, 0.0829876758795164, 0.0842428763503662, 0.0821546924293917, 0.517183329291791, 0.134939635383764, 0.172849869016795, 0.241916159387465, 0.173283422734173, 0.151101865572186, 0.0631374249606295, 0.0199445935683754, 0.0160827784893317, 0.0171736559617894, 0.00957059492548929, -0.000392035903702305, 0.00944173528834537, -0.0106677711061975, 0.082988601868169, 0.083758395422732, 0.083758395422732, 0.00688710804003347, 0.00701546880379074, 0.00701546880379074
10239999999, 0, 18, 0, 17, 0.231457209553655, -0.00100886319047511, 0, 0.0805233335282227, 0.0827466344367703, 0.0789024004927622, 0.684217002940307, 0.153576081764661, 0.175765228844471, 0.251050246557174, 0.180466309560752, 0.154221820039292, 0.0528248949069456, 0.0187335144159379, 0.00571105394749972, 0.00503405057570169, 0.00261679938756526, -0.00000192392837170324, 0.00549206518527777, -0.00480224049518018, 0.0805233335512067, 0.0825599849298474, 0.0825599849298474, 0.00648400724619889, 0.00681615111161663, 0.00681615111161663
10439999999, 0, 20, 0, 20, 0.174897102385658, -0.0070501704436677, 0, 0.0803728623401164, 0.0842539287883142, 0.0766404637612717, 0.560251962973758, 0.15600763644593, 0.171752377690199, 0.247286765287255, 0.177233687593106, 0.153559493826354, 0.0571848976733701, 0.0177268817206751, 0.00932560451843835, 0.00722242432759166, 0.00270023091708036, 0.000451170394826308, 0.00826887040865866, -0.00692205790847282, 0.0803741286451584, 0.0839428378190659, 0.0839428378190659, 0.00646000055546847, 0.00704640002111799, 0.00704640002111799
10639999999, 0, 20, 0, 20, 0.167704448828303, 0.0250369493279654, 0, 0.0795970240470026, 0.0792564519597467, 0.0795087071127153, 0.616830456320335, 0.141231330243066, 0.189825215223006, 0.25275614930106, 0.163387327487074, 0.15131325725708, 0.0542943846349012, 0.0188723281266609, 0.0107965858919492, 0.0114448349153532, 0.00607858691985035, -0.000822140006974122, 0.00680481650785176, -0.00978926419044116, 0.0796012697846597, 0.078941373268487, 0.078941373268487, 0.00633636215133017, 0.0062317404135146, 0.0062317404135146
10839999999, 0, 20, 0, 20, 0.156547430296456, 0.00237189327085755, 0, 0.0793341820171308, 0.0859747721495697, 0.0727831448783083, 0.499676528092165, 0.152014564513903, 0.17923394646591, 0.263648323405963, 0.158084271985249, 0.150350551660935, 0.0536048863724545, 0.016054777694589, 0.0104700784231055, 0.0105935986733753, 0.00594500080451472, 0.0000340369859776862, 0.00699033035446602, -0.00433428521637874, 0.0793341893186264, 0.085891979378996, 0.085891979378996, 0.00629391359484365, 0.00737743212164188, 0.00737743212164188
11039999999, 0, 19, 0, 19, 0.153552250885644, 0.000712532758082851, 0, 0.080277031392967, 0.0862726287354277, 0.0744253054268087, 0.616077484441934, 0.154635330469909, 0.191010589379982, 0.26118278612416, 0.16183023901038, 0.154854517313141, 0.0546366751902936, 0.0189459283885963, 0.00219419679742059, 0.000596318252761746, 0.000113419073354088, 0.000205598854028828, 0.00664307440853755, -0.00701981280166162, 0.0802772946738752, 0.0859677834151937, 0.0859677834151937, 0.00644444404015619, 0.00739045978532166, 0.00739045978532166
11239999999, 0, 16, 0, 16, 0.206420669516876, 0.206420669516876, 1, 0.0769958215940873, 0.0818076538208471, 0.0723907870396703, 0.283398463952828, 0.123215350759905, 0.1704702161013, 0.27499563697549, 0.17558425583289, 0.160061492163362, 0.0613576263138412, 0.0216676100138592, 0.00567111788223266, 0.00456091209884379, 0.0024157818582761, 0.000277547546757224, 0.00570692279010253, -0.00582500351523328, 0.0769963218315605, 0.0814863025529907, 0.0814863025529907, 0.00592843357558924, 0.00664001750375754, 0.00664001750375754
11439999999, 0, 20, 0, 19, 0.217898488351877, -0.00510419402318308, 0, 0.0781853021287973, 0.0823862583850782, 0.0705477020333083, 0.209664175284484, 0.115766508059129, 0.173125784249683, 0.238183220594004, 0.180464821861312, 0.162617087535024, 0.0587083852453107, 0.0296437612583329, 0.0165744370476531, 0.0163411761986428, 0.00857481795090821, 0.00149067084996297, 0.00951995636842907, -0.00551383949916064, 0.0781995113063646, 0.0818479028987428, 0.0818479028987428, 0.00611516356855424, 0.00669907920892203, 0.00669907920892203
11639999999, 0, 17, 0, 17, 0.207077652966351, 0.161547860384745, 0, 0.079588287332599, 0.080943313953438, 0.0786947637088817, 0.312584947782932, 0.118177382426454, 0.195536322471228, 0.245654854904067, 0.181436228451072, 0.144022446077139, 0.070538919002542, 0.0236359595106728, 0.00915844599381886, 0.0078745310773139, 0.00396491008569281, 0.000321636685611339, 0.00858309908388069, -0.00822353707259991, 0.0795889372381229, 0.0805653170761145, 0.0805653170761145, 0.00633439893069386, 0.00649077031557487, 0.00649077031557487
11839999999, 0, 16, 0, 16, 0.219246676959291, 0.149390288004089, 0, 0.0786556114162456, 0.0780665550373105, 0.0780400789457217, 0.303202436555194, 0.136880175740339, 0.173597003070231, 0.257123622475027, 0.180296192597131, 0.154979287577575, 0.0669910305492445, 0.020799277458223, 0.00575579605816198, 0.00306010458247399, 0.000517509891593335, -0.00107004038199867, 0.00972730984415357, -0.0131967904414745, 0.0786628895584349, 0.0774875707160745, 0.0774875707160745, 0.00618785019368253, 0.00600432361547865, 0.00600432361547865
12039999999, 0, 15, 0, 14, 0.222471668426171, 0.139119026022709, 0, 0.0795136201868688, 0.0779292785024771, 0.0788642148150156, 0.401622468892161, 0.121118932218319, 0.157854012050446, 0.264179797065852, 0.143905066315838, 0.131837345285734, 0.0638729655442395, 0.0436356729037517, 0.0277983813802264, 0.029401097903655, 0.0163967293319392, 0.00134258714242032, 0.0114726354459618, -0.00739044500488482, 0.0795249541682146, 0.0772696234676152, 0.0772696234676152, 0.00632421833545663, 0.00597059471082704, 0.00597059471082704
12239999999, 0, 18, 0, 16, 0.226415614774459, 0.192512450075395, 0, 0.0835365692825016, 0.0851137767380164, 0.0822491073064543, 0.423655369749262, 0.138706163817231, 0.181667138023199, 0.228364166732881, 0.179276125879197, 0.142851747625251, 0.0732653314040798, 0.0205223406806347, 0.0127651029941768, 0.0143865032431186, 0.00819537960023009, -0.000487935802373104, 0.00276755537499151, -0.00660285934056124, 0.0835379942830652, 0.0850208274033328, 0.0850208274033328, 0.00697859648883743, 0.00722854109234731, 0.00722854109234731
12439999999, 0, 16, 0, 16, 0.256068118379744, 0.197382323238836, 0, 0.0824600043951762, 0.0814633668335637, 0.0837226655585503, 0.49990988278906, 0.144488255043228, 0.190281165208331, 0.225356829028284, 0.177073503219905, 0.149881023438504, 0.0732424583215889, 0.0194109820329991, 0.00754132940377509, 0.00821900246686929, 0.00450545183651595, -0.000500822940884403, 0.00661547966823568, -0.00784563167645705, 0.0824615252616067, 0.0811956530525093, 0.0811956530525093, 0.00679990314847059, 0.00659273407462346, 0.00659273407462346
12639999999, 0, 16, 0, 16, 0.250034099285078, 0.230497440360845, 0, 0.0816179048187083, 0.0794867674096999, 0.0843237822313737, 0.725615595890508, 0.152530709713034, 0.184526495016538, 0.20778239804005, 0.189306371898796, 0.149345221162126, 0.0774696346592547, 0.0218576569367369, 0.00740041742667122, 0.00651010583803799, 0.00327098930875419, 0.0000836062793805664, 0.0128391157618462, -0.011929186276343, 0.0816179476402444, 0.0784265460432017, 0.0784265460432017, 0.00666148937700568, 0.00615072312426644, 0.00615072312426644
12839999999, 0, 16, 0, 16, 0.24776962926422, 0.183941019175437, 0, 0.0819884666917164, 0.0770375769506989, 0.0868231230405615, 0.433816483237893, 0.150455002659083, 0.180547378906556, 0.200331694357363, 0.178062139509758, 0.139394196585527, 0.0751420950557273, 0.0256905938127158, 0.0180903140215128, 0.0205999950125848, 0.0116865900791729, -0.00056199191318605, 0.00721268519101778, -0.0114962650590084, 0.0819903927626229, 0.0765583162318994, 0.0765583162318994, 0.00672242450536917, 0.00586117578426351, 0.00586117578426351
13039999999, 0, 15, 0, 15, 0.17705678415444, 0.155829621463272, 0, 0.0867462610040135, 0.0782985455882199, 0.0928937614621394, 0.294122558334185, 0.199050654098407, 0.172499447706015, 0.189704398673106, 0.183662312649936, 0.119761936924796, 0.0663223496302599, 0.0247696625760799, 0.0155175789518607, 0.0182521343690333, 0.0104595244205057, -0.0012774877562092, 0.00221432513990086, -0.00545925567102496, 0.0867556670952607, 0.0783134434297883, 0.0783134434297883, 0.0075265457731437, 0.00613299542183066, 0.00613299542183066
13239999999, 0, 15, 0, 15, 0.187857210661737, 0.101824277211478, 0, 0.0902760725077735, 0.0765432392307553, 0.102653320042148, 0.269841010243071, 0.216209329486334, 0.201732787956637, 0.20115452772488, 0.145365946698062, 0.130277320386347, 0.0668737727053959, 0.0217434469953772, 0.00704369815697457, 0.00636723304390756, 0.00323193684608437, 0.000369537656788773, -0.00181015743282671, 0.00415411546931885, 0.0902768288405645, 0.0765095071408524, 0.0765095071408524, 0.00814990582550858, 0.00585370468293614, 0.00585370468293614
13439999999, 0, 17, 0, 17, 0.177998306629879, 0.120085139686354, 0, 0.0879906749469169, 0.0736832802429009, 0.100897806563368, 0.248657608701651, 0.223331572697454, 0.182002155423482, 0.211377246206032, 0.152062650355533, 0.115515271340303, 0.058501078916079, 0.0204987331875023, 0.012752450594469, 0.0152506024309841, 0.00870823884816124, -0.00000231847234747912, -0.00362076233778607, 0.00474966789117066, 0.0879906749774617, 0.0734976444247417, 0.0734976444247417, 0.0077423588829893, 0.00540190373598576, 0.00540190373598576
13639999999, 0, 15, 0, 15, 0.185637493854878, 0.00901988515789117, 0, 0.0934848804041437, 0.0727002435736181, 0.111060385830981, 0.234284994802141, 0.230191435748317, 0.181596906950997, 0.243445264214505, 0.146617148807369, 0.120867051302337, 0.0566380004607682, 0.0151154194065909, 0.00278929371987529, 0.00190527887758195, 0.000834200511658518, -0.000016599939416279, -0.00136445111114534, 0.00137404326548301, 0.0934848818779542, 0.0726982919396782, 0.0726982919396782, 0.00873942313973504, 0.00528504165094668, 0.00528504165094668
13839999999, 0, 18, 0, 18, 0.16264003045079, -0.048722207026984, 0, 0.0946154322969454, 0.0690873511196436, 0.114466578904881, 0.22581238361521, 0.246112866046685, 0.162695911087365, 0.210939086025051, 0.160598517307442, 0.112946707646775, 0.0659865816403163, 0.0175070228212868, 0.00833498837602045, 0.00956652523822235, 0.00531179381083612, -0.000828264606817871, -0.00285888973207749, 0.00000451620428023799, 0.094619057546547, 0.0690854836536294, 0.0690854836536294, 0.00895276605099677, 0.00477280405165589, 0.00477280405165589
14039999999, 0, 18, 0, 18, 0.175431703100588, -0.0680963113289482, 0, 0.0959243694944325, 0.077783498491162, 0.111733988781243, 0.237491710048418, 0.249265477480939, 0.161745617340165, 0.207866534244345, 0.155759644835164, 0.108103901113676, 0.0737060969359509, 0.017783830703995, 0.00981347385270385, 0.0101914199145379, 0.00576400357852421, -0.00025683063998831, -0.00855784667095808, 0.00619968855773707, 0.0959247133166529, 0.0772232274938685, 0.0772232274938685, 0.00920155062488204, 0.00596342686456977, 0.00596342686456977
14239999999, 0, 18, 0, 18, 0.164290178237712, -0.0514831594219324, 0, 0.0965513043766555, 0.0765526913105738, 0.113504356247704, 0.370178223906749, 0.243623568334561, 0.149373367224776, 0.207485120602733, 0.151739492847755, 0.125740667411823, 0.0677616206791518, 0.0259978454708658, 0.0129310074898664, 0.0103599373705459, 0.00498737256792209, 0.00045034985085941, -0.0103148931356211, 0.00980013575704522, 0.0965523546674122, 0.0758177964466727, 0.0758177964466727, 0.00932235719182175, 0.0057483382580291, 0.0057483382580291
14439999999, 0, 17, 0, 17, 0.137776511647673, -0.027626806094255, 0, 0.0980635526436831, 0.0796160480736127, 0.113760333331373, 0.484015952139521, 0.237375371349972, 0.163761872328103, 0.211048722708716, 0.159635759159318, 0.142517595558329, 0.0528648496154541, 0.0198235194495867, 0.00617668295592404, 0.00467078423008246, 0.00212484264451395, -0.000654318552633588, -0.00796700409670163, 0.00604219885093149, 0.0980657355546204, 0.0791100812806733, 0.0791100812806733, 0.00961688848986874, 0.00625840496023473, 0.00625840496023473
14639999999, 0, 17, 0, 17, 0.167168451695297, -0.0197416213577373, 0, 0.0948218689726328, 0.083035617606767, 0.105978391655295, 0.33269159115996, 0.248589172581517, 0.152325462351666, 0.191539115572887, 0.172452768693957, 0.146312025148386, 0.0637537444902844, 0.0152113873502972, 0.00424383456710974, 0.00357919603803629, 0.00199329320585956, -0.0000648397427335102, -0.014599289082115, 0.0171087679213225, 0.0948218911415258, 0.0811278563400677, 0.0811278563400677, 0.00899119103965538, 0.00658172907433466, 0.00658172907433466
14839999999, 0, 16, 0, 16, 0.192437910802983, -0.0447885924857248, 0, 0.0959734358411303, 0.0839014653110449, 0.107381353131522, 0.399164897451528, 0.235487463212529, 0.175138369544237, 0.183258428002933, 0.183335317478181, 0.146440765511833, 0.0603131909083445, 0.014986284988513, 0.000849207573769779, 0.000140569595977413, 0.0000504031836817195, 0.0000246235383022938, -0.0154530024466948, 0.0183158791795116, 0.0959734389999139, 0.0821329100437027, 0.0821329100437027, 0.00921090099347019, 0.00674581491224696, 0.00674581491224696
15039999999, 0, 16, 0, 14, 0.193213763401597, -0.0260528766284548, 0, 0.0960451961990884, 0.0845340123313653, 0.106598900619612, 0.576350278831165, 0.225131800308898, 0.17202962316861, 0.175432670930849, 0.175586096579499, 0.140652441441944, 0.0598096905663507, 0.0191124185011458, 0.011213859010996, 0.0134155871954308, 0.00761581229627665, -0.000593663778671393, -0.0191147109134093, 0.0185397401912934, 0.0960470309254975, 0.082171748276261, 0.082171748276261, 0.00922503214960348, 0.0067521962147772, 0.0067521962147772
15239999999, 0, 18, 0, 17, 0.199663868292375, 0.00484595490940805, 0, 0.100534114171116, 0.0856159434235752, 0.11346214957067, 0.581543151316569, 0.217936761799727, 0.176805414401263, 0.20062762571263, 0.175364465195304, 0.140078512099321, 0.0665849306034222, 0.0183501395782777, 0.00274456198844154, 0.00115210007092425, 0.000355488550689043, 0.000829691663364737, -0.0184341506929224, 0.0216675248224748, 0.100537537767877, 0.0840120479577352, 0.0840120479577352, 0.0101077965004273, 0.00705802420205279, 0.00705802420205279
15439999999, 0, 17, 0, 16, 0.179830992972407, 0.0220909124805958, 0, 0.100494157670595, 0.089768132252841, 0.110834289777904, 0.744985034155836, 0.213017406243415, 0.168542305737189, 0.18247311349182, 0.167357010154736, 0.129382091179673, 0.0701501612342772, 0.0308257739240018, 0.0143441219451074, 0.0153809401026478, 0.00852707598713254, 0.000270810280296568, -0.012551513216835, 0.00883489412274082, 0.10049452255785, 0.0892756184351006, 0.0892756184351006, 0.0100991490641303, 0.00797013604696967, 0.00797013604696967
15639999999, 0, 20, 0, 19, 0.204997685880453, 0.0405046531692163, 0, 0.100538976130903, 0.101396868816797, 0.100267127101158, 0.76380547996697, 0.218488927107434, 0.172489901070574, 0.16757805911278, 0.175620641480349, 0.148296378996009, 0.0781127734096076, 0.0235606874746342, 0.00875446149772326, 0.00551938960946905, 0.00157878024142132, 0.000419658118920316, 0.000588779488164001, -0.00530764597447228, 0.100539851971181, 0.101373256111178, 0.101373256111178, 0.0101082618343871, 0.0102765370545824, 0.0102765370545824
15839999999, 0, 19, 0, 18, 0.247800997918821, 0.0645337458691659, 0, 0.102960069034993, 0.101780520193512, 0.104402009561992, 0.771193090195049, 0.217817697643042, 0.185081709909245, 0.173075879469691, 0.19905960439853, 0.134905493765782, 0.0674472062350318, 0.0195156984342113, 0.00217286373884182, 0.000773807878882759, 0.000150038526742162, -0.000671029570341776, 0.00421368271270508, -0.00857949394851539, 0.102962255688066, 0.101670366300414, 0.101670366300414, 0.0106012260963748, 0.0103368633836604, 0.0103368633836604
16039999999, 0, 18, 0, 17, 0.25754792626994, 0.041720885948256, 0, 0.102982608274973, 0.107979031026181, 0.0985978479200207, 0.692275983415725, 0.217018914001355, 0.192079758823401, 0.166942409615214, 0.195150229773874, 0.139663058941737, 0.0649703916169719, 0.014083989118125, 0.00332603082965688, 0.00428098037756618, 0.00248423690209858, -0.0000592119064687483, 0.00272706791878563, 0.000619542444387917, 0.102982625297505, 0.10805691812561, 0.10805691812561, 0.0106054211131663, 0.0116762975548048, 0.0116762975548048
16239999999, 0, 18, 0, 17, 0.219082290577795, 0.0161010593766896, 0, 0.10726112528208, 0.113130630556749, 0.0957425307620838, 0.699455934579765, 0.18628088562762, 0.194126843103837, 0.163361404825184, 0.182479836219358, 0.146295518992436, 0.0560997727506969, 0.0234649595408549, 0.0181589584376708, 0.0191778803808831, 0.0105539401214601, -0.00220947740499418, -0.00857121284561813, 0.00415828908721081, 0.107283879437599, 0.112581640295898, 0.112581640295898, 0.0115098307871812, 0.0126746257317149, 0.0126746257317149
16439999999, 0, 15, 0, 14, 0.211037480356281, -0.167745687471585, 0, 0.109537766308249, 0.112700162422528, 0.105805462055953, 0.683643907247868, 0.183366036490048, 0.198615288624117, 0.183616478392787, 0.154903613670459, 0.121584725531649, 0.0733204087006982, 0.0270529586019497, 0.0214320185564645, 0.0232049669310873, 0.0129035045007414, 0.00108090899515305, -0.0131445414134018, 0.0184999653758444, 0.109543099335633, 0.111802031937119, 0.111802031937119, 0.0119996906120564, 0.0124996943452685, 0.0124996943452685
16639999999, 0, 18, 0, 16, 0.242688818840817, 0.024406104955378, 0, 0.108177427909558, 0.111452099598939, 0.105412797057454, 0.573646229772163, 0.197035695502213, 0.213742297780318, 0.192581869659796, 0.159936985275839, 0.142085917105647, 0.05759666900993, 0.0236940640284324, 0.00712319953885096, 0.00469307374503607, 0.00151022835393698, -0.000488061291541497, -0.00932451798719224, 0.00993851818931036, 0.108178528890681, 0.111013408884919, 0.111013408884919, 0.0117025941129519, 0.0123239769522501, 0.0123239769522501
16839999999, 0, 17, 0, 15, 0.25839139610342, 0.0883877820475331, 0, 0.108852708976502, 0.112818693868908, 0.10562861975018, 0.716060457701404, 0.195872684539195, 0.228798689573471, 0.183571196139347, 0.154244557559243, 0.144538960290839, 0.0498932667436296, 0.0199609236325368, 0.00998654488998994, 0.00869006952538259, 0.00444310710636666, -0.00011739182943287, -0.0139844756520655, 0.0135794082303102, 0.10885277227689, 0.111926616352172, 0.111926616352172, 0.0118489260323646, 0.0125275674480462, 0.0125275674480462
17039999999, 0, 20, 0, 19, 0.276997392305747, 0.0878133736020104, 0, 0.107730915484895, 0.113794562399417, 0.102093963631878, 0.579472609560023, 0.187186971021935, 0.205186543316793, 0.181358794765447, 0.148890295101854, 0.12974066273653, 0.0562231465147518, 0.0302436325744895, 0.0230359005538345, 0.0245324132207495, 0.0136016401936155, 0.00032557333686556, -0.00624326533201837, 0.00398160148648343, 0.107731407440966, 0.113739938108804, 0.113739938108804, 0.0116060561492113, 0.0129367735209945, 0.0129367735209945
17239999999, 0, 20, 0, 20, 0.217237030248725, 0.0639013016372307, 0, 0.102796757524958, 0.105750464890957, 0.100331426145846, 0.445066243475957, 0.216034897995532, 0.211022973761628, 0.165561347668923, 0.153475661165254, 0.153300107950186, 0.065515676791923, 0.0132925735998713, 0.00735597480436342, 0.0091309436194721, 0.00530984264284787, -0.000468133593557573, 0.000755176714407763, 0.000565626747946962, 0.102797823453157, 0.105762809485163, 0.105762809485163, 0.0105673925067065, 0.0111857718701949, 0.0111857718701949
17439999999, 0, 19, 0, 19, 0.185324507536987, 0.0774249441245593, 0, 0.10299008369748, 0.105543760822975, 0.101068507332785, 0.489081090070777, 0.217978972798866, 0.213195923401351, 0.177265202134325, 0.149470502568151, 0.16356880005406, 0.062618889326545, 0.00938045861363733, 0.00268524488381734, 0.00247889444475929, 0.00135711177448849, 0.000348830536958488, -0.00407290648971454, 0.00558108806046814, 0.10299067444559, 0.105474259613864, 0.105474259613864, 0.0106070790227575, 0.0111248194410929, 0.0111248194410929
17639999999, 0, 20, 0, 19, 0.207621263503029, 0.116854373726547, 0, 0.102813718840002, 0.105342522351143, 0.100545677814105, 0.61419967885478, 0.21240747614222, 0.199923302740048, 0.169710166362831, 0.147197679673306, 0.164758510554837, 0.0558485469597167, 0.0186852808714698, 0.0124305862125685, 0.0123829503537804, 0.00665550012922281, -0.000646507737811103, 0.00245841409106898, -0.00272770848739273, 0.10281575148763, 0.105316535539272, 0.105316535539272, 0.0105710787539661, 0.0110915726579948, 0.0110915726579948
17839999999, 0, 20, 0, 20, 0.260295179078343, 0.108783346645485, 0, 0.104025447867445, 0.112953556706344, 0.0945460095901273, 0.498939051534683, 0.195924517200518, 0.214494673065023, 0.16942564768295, 0.166965128027914, 0.170419007127744, 0.0632209218522067, 0.00992315224456183, 0.00392675625765764, 0.00377227888009649, 0.00192791766132928, 0.000689096037520468, -0.011943010287447, 0.0154651919468985, 0.104027730232719, 0.112248615355239, 0.112248615355239, 0.0108217686573714, 0.0125997516491684, 0.0125997516491684
18039999999, 0, 20, 0, 20, 0.260711960066313, 0.168841054753396, 0, 0.101730689978222, 0.107922032292682, 0.0950332242472049, 0.603019826323907, 0.16366037157904, 0.220209365643078, 0.175687545936719, 0.175287468567272, 0.180375645928318, 0.0618058584336177, 0.0143386092592853, 0.00436181348549651, 0.00321414785091069, 0.00105917331626198, 0.000860733714938848, -0.0161701010391762, 0.0182982888999109, 0.101734331206202, 0.106691120122198, 0.106691120122198, 0.0103498741459732, 0.0113829951129293, 0.0113829951129293
18239999999, 0, 21, 0, 20, 0.222792074220724, 0.21349535613677, 0, 0.0981657252878896, 0.104624855788482, 0.0916838731494715, 0.805591291905207, 0.165101819787312, 0.240392117135527, 0.162273111903742, 0.167002786945711, 0.184471405578844, 0.060777956666237, 0.0117687601279108, 0.00264301805815436, 0.00339189940887416, 0.00217712438768677, 0.000549707349419007, -0.0178657858172027, 0.0213908598953129, 0.0981672643984104, 0.102820985436914, 0.102820985436914, 0.00963681179946742, 0.0105721550462182, 0.0105721550462182
18439999999, 0, 20, 0, 19, 0.230820037824756, 0.230820037824756, 1, 0.0982709404232866, 0.107213689637522, 0.0892904370010371, 0.887902072767847, 0.170076970137043, 0.228483482467122, 0.166066319580283, 0.169865451200409, 0.184572705505721, 0.0599143345361727, 0.013644289203369, 0.00384935179272751, 0.00239428010188056, 0.0011328154752724, -0.000100767790715069, -0.0136816601293236, 0.0125470684954171, 0.0982709920873133, 0.106526288530981, 0.106526288530981, 0.0096571878858248, 0.0113478501481859, 0.0113478501481859
18639999999, 0, 19, 0, 17, 0.296541321514465, 0.296541321514465, 1, 0.0922308872801537, 0.0977293327664092, 0.0869819762699106, 0.425661410008885, 0.149736666774621, 0.219663569605439, 0.182722879944565, 0.170248512034644, 0.188078794128991, 0.057467643607764, 0.0162432577856465, 0.00601349192981631, 0.00641422747040957, 0.00341095671810251, -0.000363986547071843, -0.00562010179515198, 0.00688977275337618, 0.0922316055085829, 0.0974873065776203, 0.0974873065776203, 0.00850666905469086, 0.00950377494375894, 0.00950377494375894
18839999999, 0, 18, 0, 13, 0.291849232964443, 0.291849232964443, 1, 0.0900205419842601, 0.104499589853699, 0.0733063621100658, 0.304783461059941, 0.15247011755822, 0.208084921383014, 0.1795793575768, 0.174140501663794, 0.176028763573063, 0.0531329252817643, 0.0171965995422315, 0.0142319009923456, 0.0160269772861462, 0.00910793514262086, -0.000418381877808691, 0.00498614944111611, -0.0075652763782152, 0.0900215142204107, 0.1042833143438, 0.1042833143438, 0.00810387302253561, 0.0108750096505277, 0.0108750096505277
19039999999, 0, 19, 0, 19, 0.273991935558475, -0.041107293188605, 0, 0.0901250641043039, 0.106013264294322, 0.0704403260198256, 0.397598435174791, 0.161198972736745, 0.223192072611268, 0.187882676781592, 0.180811645796918, 0.177360062468492, 0.0558736824208176, 0.00977208090038617, 0.0025361156868329, 0.00118125589214092, 0.000191434704807889, -0.000834284933057361, -0.00226060904729602, 0.000912083630976044, 0.0901289254965043, 0.105969750552651, 0.105969750552651, 0.00812322321115442, 0.011229588032191, 0.011229588032191
19239999999, 0, 17, 0, 17, 0.260216063558664, -0.0614195753673843, 0, 0.0885280705540307, 0.106832834442129, 0.0660224079231507, 0.347269500620897, 0.156165243099416, 0.216912609222103, 0.177508122808165, 0.165469824964951, 0.147992265421821, 0.0554122783446165, 0.0316438399954113, 0.0184459629710342, 0.0195821179736916, 0.010867735198791, 0.000337066118332269, -0.0016561537762139, 0.000878168130723028, 0.0885287122327416, 0.106851137588892, 0.106851137588892, 0.00783733288958757, 0.0114171656040403, 0.0114171656040403
19439999999, 0, 15, 0, 15, 0.232473412653691, -0.0782215863195998, 0, 0.0871967319810609, 0.103766871922566, 0.0669153816143005, 0.335665682273727, 0.165236515041107, 0.222091434365341, 0.198090914126745, 0.187798841117233, 0.160021796609507, 0.0528573706875808, 0.00968309837592469, 0.00127323875319668, 0.00179259031566148, 0.00115420060770467, 0.000577130790076972, 0.00206977993157759, 0.000656822196231242, 0.0871986418938153, 0.103753902500716, 0.103753902500716, 0.00760360314812583, 0.0107648722841281, 0.0107648722841281
19639999999, 0, 18, 0, 18, 0.200653405372244, -0.0156382230623921, 0, 0.0862199694115431, 0.101821965870717, 0.067074665987684, 0.551076422857191, 0.16254000241531, 0.211932029648833, 0.18832176677414, 0.178862566019118, 0.160229844295569, 0.0520871900037711, 0.0211701300679312, 0.00938874186982231, 0.0100202455173583, 0.00544748338814759, -0.000692752446194319, -0.00317618879244789, 0.00108063805161195, 0.0862227523991152, 0.101778772486736, 0.101778772486736, 0.00743436303127913, 0.0103589185289068, 0.0103589185289068
19839999999, 0, 19, 0, 19, 0.208339169134293, -0.0540858610738944, 0, 0.0846772773187477, 0.10064270983797, 0.0657380952950506, 0.31369634837597, 0.163203843348047, 0.2102753735861, 0.199412498868311, 0.179616413769517, 0.166546502673398, 0.0544964154783507, 0.0120345290980109, 0.00522118627505581, 0.00588464519527118, 0.00330859170793838, -0.000150119810999287, 0.00360725354181818, -0.00489379341924089, 0.0846774103883306, 0.100511987135994, 0.100511987135994, 0.00717026383007377, 0.0101026595580263, 0.0101026595580263
20039999999, 0, 15, 0, 14, 0.206784458457411, -0.0730615672728114, 0, 0.0858278849681208, 0.100906784286086, 0.0683040503487646, 0.394755680222876, 0.160263813087616, 0.215580976009878, 0.178901035187992, 0.179736963798795, 0.162207850180393, 0.059039421532183, 0.0198967403368354, 0.0101813150873302, 0.00933211786158939, 0.00485976691738778, -0.000126653013682034, 0.000074588624125182, -0.00112997099137786, 0.0858279784166379, 0.100907222783158, 0.100907222783158, 0.00736644187908686, 0.01018226760981, 0.01018226760981
20239999999, 0, 15, 0, 13, 0.190362027916808, 0.149410756737164, 0, 0.0810115606603552, 0.0940377826700881, 0.064417430844558, 0.325121603261311, 0.160255812573519, 0.19966703185843, 0.172566218874855, 0.178181915901939, 0.165308014331414, 0.0483908719693437, 0.0255863105367362, 0.0173846440702454, 0.0207686578772102, 0.0118905220063087, 0.00097360697380765, 0.00835012493046781, -0.00670409977996679, 0.0810174109137403, 0.0935181497045175, 0.0935181497045175, 0.00656382087116584, 0.00874564432415654, 0.00874564432415654
20439999999, 0, 16, 0, 13, 0.212475187702541, -0.0311304193090192, 0, 0.0812312414154724, 0.0948693870377595, 0.0655699622843159, 0.416886134344141, 0.168353233739418, 0.209510687947728, 0.17502936255117, 0.18430445825223, 0.148424796332189, 0.0450699340184163, 0.0258459713153069, 0.0162081656781244, 0.0176021424700939, 0.00965124769532353, 0.000123378722926905, 0.00671124685298747, -0.00634172659006697, 0.0812313351128, 0.0946873728662544, 0.0946873728662544, 0.00659852980420802, 0.00896569858031309, 0.00896569858031309
20639999999, 0, 15, 0, 12, 0.224537751128069, 0.210386616027086, 0, 0.0795789583519559, 0.0934249643214509, 0.0631111427241841, 0.435966711556139, 0.16631161841018, 0.217693904992663, 0.167713556394464, 0.170238783185437, 0.128244447950132, 0.0657295947458127, 0.0294159420129824, 0.0201290506049147, 0.0222260095895635, 0.0122970921138512, 0.000473585695321538, 0.00246726754515973, -0.00112414587958723, 0.0795803675273817, 0.0933976779030231, 0.0933976779030231, 0.00633303489579315, 0.00872312623767684, 0.00872312623767684
20839999999, 0, 17, 0, 14, 0.260508124219878, -0.0327633775110126, 0, 0.0768378386651518, 0.0886226200551761, 0.062511610033408, 0.475742507642965, 0.172246043222709, 0.224311644782426, 0.194812073590837, 0.154159766409824, 0.157180992325224, 0.0470073338325342, 0.0203867963988902, 0.0118749947743794, 0.0118050117856824, 0.00621534287749309, 0.000749746859802944, -0.000443560003477195, 0.00299815169335776, 0.0768414964136285, 0.0886174576285658, 0.0886174576285658, 0.00590461557108567, 0.00785305379655066, 0.00785305379655066
21039999999, 0, 15, 0, 12, 0.278253945328567, -0.0725813355872705, 0, 0.0773456084784825, 0.0878917972654714, 0.0658403448859797, 0.322569158482004, 0.172097030517499, 0.228991104162712, 0.200279825534839, 0.152426507234391, 0.165859091542363, 0.0457587211618919, 0.0142986862481355, 0.00737798401705873, 0.00830129103745007, 0.00460975854366004, 0.0000706148110238761, -0.00504421206612501, 0.00348278762905364, 0.0773456407133475, 0.0877811273728291, 0.0877811273728291, 0.00598234813735824, 0.00770552632284484, 0.00770552632284484
21239999999, 0, 16, 0, 14, 0.287423816344396, 0.287423816344396, 1, 0.0715239459977203, 0.0805920257406957, 0.0615599006586006, 0.270153329295462, 0.169342726757865, 0.19596877937667, 0.153908260859839, 0.151073818190536, 0.172017189679378, 0.0506866729247351, 0.0299062696191652, 0.0281596823286829, 0.0313748908847779, 0.0175617093783506, -0.000340183996922771, -0.00605964698540882, 0.00268500239759499, 0.0715247549890007, 0.080513391553644, 0.080513391553644, 0.00511579057623658, 0.00648240621947039, 0.00648240621947039
21439999999, 0, 16, 0, 15, 0.224853492552307, 0.224853492552307, 1, 0.0661545812497904, 0.0712010216956692, 0.0600680267435507, 0.307745418867148, 0.185034047886333, 0.158062833817836, 0.203311174079569, 0.180919125248859, 0.181679230860474, 0.057406264660011, 0.0169688803290269, 0.00897283591696754, 0.00570176611582812, 0.00194384108509501, -0.000760331348605793, -0.00320224269035778, -0.000676331835070727, 0.0661589504458376, 0.071176309837277, 0.071176309837277, 0.00437700672409479, 0.00506606708205205, 0.00506606708205205
21639999999, 0, 16, 0, 15, 0.225091010299108, 0.185818375786563, 0, 0.0650135659328438, 0.0699577503685687, 0.0602282886754118, 0.293937306827662, 0.188356805383839, 0.141949116394969, 0.192742997625668, 0.177038634910525, 0.17636641445283, 0.0603888528091012, 0.0253669811583149, 0.0138452431379595, 0.0154143740778104, 0.00853058004898406, -0.00002578262639401, 0.00390438716585677, -0.00277799499293274, 0.0650135710451907, 0.0698722340606051, 0.0698722340606051, 0.00422676442004806, 0.00488212909261999, 0.00488212909261999
21839999999, 0, 18, 0, 17, 0.229992400178062, 0.0103840468811072, 0, 0.0633593226374872, 0.0667023519735084, 0.0596349872421883, 0.315596816880289, 0.198499733419666, 0.144668064998438, 0.17951814499792, 0.190422222496907, 0.197860476863373, 0.0537531969473201, 0.0159615395150345, 0.0073775786137862, 0.00767993915290882, 0.00425910299464587, -0.000590986807588605, -0.00257044220881446, 0.000883383074908268, 0.0633620788049756, 0.0666431585529851, 0.0666431585529851, 0.00401475303048794, 0.00444131058191831, 0.00444131058191831
22039999999, 0, 20, 0, 20, 0.0199733106754937, 0.00545017622336599, 0, 0.304655840301987, 0.05542477389493, 0.215053483409347, 1.41337276527105, 0.137632801496125, 0.141168696888433, 0.157704976216825, 0.125529094669056, 0.134882287144163, 0.0825172074183422, 0.0763859521897034, 0.0544984938032495, 0.0577459662241762, 0.0319345239499264, -0.0233841839731665, -0.0389162380794323, -0.0345421747370134, 0.305551961358786, 0.039459950246336, 0.039459950246336, 0.0933620010902008, 0.00155708767344332, 0.00155708767344332
22239999999, 0, 12, 0, 9, 0.00079151437633284, 0.00079151437633284, 1, 0.55358274873165, 0.131183164541866, 0.771887081209213, 4.54628073478868, 0.361520081991679, 0.262507509014065, 0.126355690259328, 0.0325075787743996, 0.094374526750594, 0.0548820856980845, 0.030126698778391, 0.0143243694790029, 0.0150831017741344, 0.00831835748032265, -0.00437866650936447, -0.124164571014866, 0.0761589111763825, 0.553600065402533, 0.0373108909463858, 0.0373108909463858, 0.306473032413689, 0.0013921025832131, 0.0013921025832131
22439999999, 0, 14, 0, 12, 0.0101440059732547, 0.00610665002817598, 0, 1.10209784580334, 0.0672751963126901, 1.35364540246168, 1.92564937489, 0.21943548052305, 0.305678126039876, 0.147785223892162, 0.0714167105729221, 0.0599103717802793, 0.0537043084274241, 0.0430018345972974, 0.0364010414052789, 0.0401732612198816, 0.0224936415418292, 0.0492768728888233, 0.0516397462624859, 0.13875552442779, 1.10319892672449, 0.0419818180924623, 0.0419818180924623, 1.21704787192606, 0.00176247305034859, 0.00176247305034859
22639999999, 0, 10, 0, 8, -0.00406380376881288, -0.00406380376881288, 1, 1.48977356742031, 0.26341900951447, 2.03087701747144, 9.45923071444746, 0.452507892436667, 0.272083987971001, 0.0561120052439086, 0.0517592396730455, 0.0583451064600858, 0.0236202691305199, 0.0283734742666816, 0.0211464839825515, 0.0231462570480148, 0.0129052837875239, 0.0333796547602612, 0.256349975908957, -0.122172460928913, 1.49014747039887, 0.0429920862661586, 0.0429920862661586, 2.22053948353615, 0.00184831948151683, 0.00184831948151683
22839999999, 0, 8, 0, 6, -0.0123207339889659, -0.0123207339889659, 1, 1.65953175472476, 0.423675101527226, 2.27497469404231, 15.4172644375621, 0.543017541996689, 0.197610464871648, 0.0716748344318211, 0.0427907077202613, 0.0432626371516642, 0.0254270372331058, 0.0248711401877314, 0.0191479206987511, 0.0207176539299613, 0.0114800617783673, 0.0279943510940472, 0.414415657851124, -0.311760559553642, 1.6597678538377, 0.0473919410994394, 0.0473919410994394, 2.75482932863302, 0.00224599608117274, 0.00224599608117274
23039999999, 0, 3, 3, 0, -0.0265652221765902, -0.0265652221765902, 1, 1.8513751712764, 0.620556866835057, 2.50329734095474, 22.588459343935, 0.527820965496448, 0.210565492004241, 0.0776204371732227, 0.0356829078226354, 0.0421154580336063, 0.031541169206011, 0.0248231919984383, 0.0185430591254988, 0.0201491695987312, 0.0111381495411673, 0.0320502327384942, 0.608299342502147, -0.4921607415341, 1.85165257060749, 0.0494946455885546, 0.0494946455885546, 3.42861724223732, 0.00244971994193663, 0.00244971994193663
23239999999, 0, 2, 0, 0, -0.0460565919314224, -0.0460565919314224, 1, 2.02677342494755, 0.816062849101772, 2.69683410924033, 29.6839102793385, 0.505541790721998, 0.210968221870103, 0.0813031960159885, 0.0394130756098061, 0.0541472668985986, 0.0278483621650876, 0.0278849952472757, 0.0199127411926482, 0.0212874455417087, 0.0116929047367867, 0.0368922337622783, 0.800651065977396, -0.67423954132412, 2.02710916158593, 0.0519075925138306, 0.0519075925138306, 4.1091715529856, 0.00269439816058188, 0.00269439816058188
23439999999, 0, 1, 1, 0, -0.0689651781327169, -0.0689651781327169, 1, 2.17816747830187, 1.01371322753961, 2.87894148392504, 36.8146049031695, 0.557962247432566, 0.205308678150054, 0.0571523833977574, 0.0375318762345158, 0.0594798700243395, 0.0222772709585815, 0.0206254921158892, 0.0152218372659063, 0.0158467817539447, 0.00859356266644546, 0.0314601907251063, 0.995513539907204, -0.887944935892207, 2.17839466284978, 0.054662270416437, 0.054662270416437, 4.74540330713239, 0.00298796380707968, 0.00298796380707968
23639999999, 0, 1, 1, 0, -0.0967574294808723, -0.0967574294808723, 1, 2.29264171451796, 1.21285245992686, 2.98016496727503, 43.939143310425, 0.573262971565406, 0.17902962602734, 0.073859158895481, 0.0379965712828817, 0.0557546158569423, 0.0225094535475006, 0.0211522921342028, 0.0143002412119351, 0.0144211378398136, 0.00771393163849746, 0.0311664495985933, 1.1917119238691, -1.08908679938516, 2.29285354498023, 0.0568050320968597, 0.0568050320968597, 5.25717737872842, 0.00322681167152526, 0.00322681167152526
23839999999, 0, 1, 1, 0, -0.134237221387513, -0.134237221387513, 1, 2.39316247084321, 1.40949412668834, 3.05536754455575, 50.9609602526823, 0.561039783980142, 0.208342633630618, 0.0679815701549432, 0.035177237282338, 0.0554942065425077, 0.0232125113046812, 0.017727124591711, 0.0125537604517693, 0.0121451020522637, 0.00632607000902645, 0.0298720106062586, 1.38646808556839, -1.28993201307671, 2.39334889827414, 0.0549252969288614, 0.0549252969288614, 5.72811894887003, 0.00301678824272359, 0.00301678824272359
24039999999, 0, 1, 1, 0, -0.177976039093022, -0.177976039093022, 1, 2.4929414058334, 1.62030425061865, 3.108037479773, 58.477210348765, 0.550085032851978, 0.209707863129855, 0.0809135415633058, 0.0356968917470807, 0.0541930630028773, 0.0190598344336391, 0.0201335974103943, 0.0125284952387738, 0.0117211749409354, 0.00596050568116062, 0.0311456660428126, 1.59349380503572, -1.49411202339169, 2.49313595807205, 0.051995457256603, 0.051995457256603, 6.21572690543185, 0.00270352757532323, 0.00270352757532323
24239999999, 0, 1, 1, 0, -0.232048495164125, -0.232048495164125, 1, 2.5584341359202, 1.82297239749781, 3.11441163437958, 65.851246076353, 0.589023758625307, 0.198112611312232, 0.0631668689057311, 0.0367934455952522, 0.0488789824423533, 0.0232810754054069, 0.0163022367922436, 0.0106004822580065, 0.00934330469860077, 0.00449723396486678, 0.0262727669505013, 1.79297754825227, -1.71874120518364, 2.55856903094776, 0.0516974537744001, 0.0516974537744001, 6.54627548612497, 0.00267262672675624, 0.00267262672675624
