1, 1415587759660941000, 0.29493573, -4.0831614, 9.124153
11, 1415587759661582537, 0.49874878, 0.47602844, -0.719223, 0.085632324, -1.0
3, 1415587759662375994, 131.0, -36.821945, 86.47197
9, 1415587759663230486, -7.8353996, -5.8774, 0.48299998
4, 1415587759664969000, -1.5210788, 1.0744936, -0.71154696
11, 1415587759701499529, 0.49874878, 0.47602844, -0.719223, 0.085632324, -1.0
3, 1415587759702262469, 131.0, -36.821945, 86.47197
9, 1415587759703055926, -7.8353996, -5.8774, 0.48299998
4, 1415587759704734000, -1.5210788, 1.0744936, -0.71154696
4, 1415587759744346000, -1.5210788, 1.0744936, -0.71154696
11, 1415587759745048113, 0.49874878, 0.47602844, -0.719223, 0.085632324, -1.0
3, 1415587759746116229, 131.0, -36.821945, 86.47197
9, 1415587759747153826, -7.8353996, -5.8774, 0.48299998
11, 1415587759781882830, 0.49874878, 0.47602844, -0.719223, 0.085632324, -1.0
3, 1415587759783958025, 131.0, -36.821945, 86.47197
9, 1415587759786002703, -7.8353996, -5.8774, 0.48299998
4, 1415587759790214000, -1.5210788, 1.0744936, -0.71154696
11, 1415587759821250506, 0.49874878, 0.47602844, -0.719223, 0.085632324, -1.0
3, 1415587759823264666, 131.0, -36.821945, 86.47197
9, 1415587759827628680, -7.8353996, -5.8774, 0.48299998
4, 1415587759831107000, -1.5210788, 1.0744936, -0.71154696
11, 1415587759861899920, 0.49874878, 0.47602844, -0.719223, 0.085632324, -1.0
3, 1415587759862693377, 131.0, -36.821945, 86.47197
9, 1415587759863517352, -7.8353996, -5.8774, 0.48299998
4, 1415587759870994000, -1.5210788, 1.0744936, -0.71154696
11, 1415587759901694842, 0.49874878, 0.47602844, -0.719223, 0.085632324, -1.0
3, 1415587759902793475, 131.0, -36.821945, 86.47197
9, 1415587759904014178, -7.8353996, -5.8774, 0.48299998
4, 1415587759911552000, -1.5210788, 1.0744936, -0.71154696
11, 1415587759942374773, 0.49874878, 0.47602844, -0.719223, 0.085632324, -1.0
3, 1415587759943687029, 131.0, -36.821945, 86.47197
9, 1415587759945029803, -7.8353996, -5.8774, 0.48299998
4, 1415587759951621000, -1.5210788, 1.0744936, -0.71154696
1, 1415587759982871000, 0.2709937, -4.092738, 8.918252
11, 1415587759983573504, -0.17625427, -0.11160278, 0.5428314, 0.8135071, -1.0
3, 1415587759984580584, 292.0, -24.076477, 0.6134033
9, 1415587759985648699, -0.0959, -4.0007, 8.9529
4, 1415587759991233000, 0.014471364, 0.09139351, -0.041646905
1, 1415587760022513000, 0.2614169, -4.126257, 9.071481
11, 1415587760023215838, -0.17588806, -0.11161804, 0.542511, 0.813797, -1.0
3, 1415587760024222918, 292.0, -24.041428, 0.5750427
9, 1415587760025687762, -0.089899994, -3.9952998, 8.955299
4, 1415587760031241000, 0.10147137, 0.14359352, -0.019896902
1, 1415587760061332000, -0.0163105, -4.284274, 9.306112
11, 1415587760061942645, -0.17616272, -0.11091614, 0.54222107, 0.8140259, -1.0
3, 1415587760062736102, 292.0, -24.02391, 0.65556335
9, 1415587760063560076, -0.1025, -3.9924, 8.9565
4, 1415587760070975000, 0.09712137, 0.20449352, -0.019896902
1, 1415587760101035000, -0.19348143, -4.5236945, 9.368361
11, 1415587760101646014, -0.17745972, -0.1105957, 0.5416565, 0.8141632, -1.0
3, 1415587760102439471, 292.0, -24.128845, 0.76275635
9, 1415587760103263445, -0.1192, -4.0088997, 8.9489
4, 1415587760110953000, -0.02902864, 0.18709351, -0.080796905
11, 1415587760141349383, -0.18043518, -0.11199951, 0.53974915, 0.81459045, -1.0
3, 1415587760142692156, 292.0, -24.511292, 0.7751312
9, 1415587760144065447, -0.120699994, -4.0685997, 8.9219
1, 1415587760146049000, -0.3179799, -5.2132244, 9.986066
4, 1415587760151542000, -0.35962868, 0.08704351, -0.38529694
1, 1415587760187186000, -0.76330143, -5.553201, 10.771364
11, 1415587760181541033, -0.18637085, -0.11672974, 0.5345917, 0.815979, -1.0
3, 1415587760183829852, 293.0, -25.403244, 0.55545044
9, 1415587760187614031, -0.0858, -4.207, 8.8579
4, 1415587760191215000, -1.3688288, -0.23050652, -1.194397
1, 1415587760221396000, 0.112976395, -4.906767, 9.8615675
11, 1415587760222007342, -0.18945313, -0.12611389, 0.5263672, 0.81921387, -1.0
3, 1415587760222831316, 294.0, -26.30774, -0.4602661
9, 1415587760223685809, 0.0704, -4.3463, 8.7906
4, 1415587760231437000, -1.5950288, -0.8221066, -1.999147
1, 1415587760261588000, 0.8503905, -3.805434, 10.019585
11, 1415587760262107439, -0.18785095, -0.13539124, 0.5172882, 0.82388306, -1.0
3, 1415587760263084002, 296.0, -26.719513, -1.8449402
9, 1415587760264457293, 0.2819, -4.4093, 8.7548
4, 1415587760271567000, -1.3644787, -0.99610656, -2.281897
1, 1415587760301627000, 1.472883, -4.2986393, 9.588628
11, 1415587760302207537, -0.18598938, -0.14700317, 0.5075836, 0.8283386, -1.0
3, 1415587760303519793, 297.0, -27.217865, -3.5275116
9, 1415587760304862566, 0.53639996, -4.4853, 8.7042
4, 1415587760311667000, -1.3079288, -1.2353566, -2.3732471
1, 1415587760342460000, 1.745822, -4.5572133, 9.444976
11, 1415587760343162127, -0.18032837, -0.15628052, 0.49780273, 0.83380127, -1.0
3, 1415587760344138689, 299.0, -27.150345, -5.2291565
9, 1415587760345969744, 0.7951, -4.475, 8.6897
4, 1415587760351249000, -0.22912866, -1.2092566, -2.521147
1, 1415587760381003000, 1.4010569, -4.5715785, 10.598981
11, 1415587760381614275, -0.1699524, -0.16149902, 0.4879303, 0.8407898, -1.0
3, 1415587760382438250, 301.0, -26.321304, -6.7738953
9, 1415587760383292742, 1.0366, -4.3483, 8.728499
4, 1415587760391532000, 0.8453214, -1.2832066, -2.8430471
11, 1415587760421226092, -0.15325928, -0.1678009, 0.47817993, 0.84832764, -1.0
3, 1415587760422446795, 303.0, -24.869064, -8.757645
9, 1415587760423789568, 1.3544999, -4.1240997, 8.7934
1, 1415587760425773000, 1.8463784, -4.3944077, 9.94297
4, 1415587760431266000, 2.0502715, -2.0096567, -3.104047
11, 1415587760460898943, -0.14250183, -0.17869568, 0.46684265, 0.85427856, -1.0
3, 1415587760462241717, 305.0, -24.227219, -10.889114
9, 1415587760463584490, 1.6891999, -4.0243, 8.7817
1, 1415587760465934000, 2.3108535, -4.638616, 7.816919
4, 1415587760471549000, 1.0976214, -2.0096567, -3.1692972
1, 1415587760506766000, 2.9429228, -3.5612254, 9.40188
11, 1415587760500999041, -0.13327026, -0.19058228, 0.45443726, 0.85987854, -1.0
3, 1415587760502524920, 307.0, -23.73079, -13.044449
9, 1415587760504111834, 2.0262, -3.9466, 8.7457
4, 1415587760511008000, -0.12907864, -2.0227067, -3.1475472
1, 1415587760541190000, 3.3643024, -3.676147, 10.100987
11, 1415587760541770525, -0.115112305, -0.19558716, 0.44425964, 0.8666687, -1.0
3, 1415587760542594500, 308.0, -21.920715, -14.785767
9, 1415587760543540545, 2.3216, -3.6611, 8.7962
4, 1415587760550986000, 2.2677715, -1.6921066, -3.0561972
1, 1415587760581595000, 3.325995, -3.2404025, 9.842414
11, 1415587760582175799, -0.09803772, -0.19955444, 0.43307495, 0.8734894, -1.0
3, 1415587760582969256, 310.0, -20.130035, -16.312393
9, 1415587760583823748, 2.586, -3.375, 8.8368
4, 1415587760591636000, 2.1285715, -1.5007067, -3.2214973
1, 1415587760621604000, 3.680337, -3.4175732, 10.354773
11, 1415587760622214861, -0.07984924, -0.20227051, 0.42253113, 0.87986755, -1.0
3, 1415587760623527117, 311.0, -18.14743, -17.672241
9, 1415587760624900408, 2.8288, -3.0544999, 8.879
4, 1415587760632194000, 2.6375215, -1.4398066, -3.1518972
1, 1415587760661887000, 3.632453, -2.7088895, 9.507225
11, 1415587760662498064, -0.05996704, -0.20301819, 0.4102173, 0.8870697, -1.0
3, 1415587760663718768, 313.0, -15.841782, -18.86
9, 1415587760665244647, 3.0496, -2.6771, 8.9275
4, 1415587760671012000, 3.0507717, -1.1657566, -3.5868971
1, 1415587760701194000, 4.0873513, -3.3744776, 9.04275
11, 1415587760701804705, -0.04598999, -0.20483398, 0.39575195, 0.8940277, -1.0
3, 1415587760702659197, 314.0, -14.146042, -19.888382
9, 1415587760703727313, 3.2347999, -2.3967, 8.941999
4, 1415587760711021000, 2.3286715, -0.6524566, -3.8609471
11, 1415587760741355486, -0.026046753, -0.20085144, 0.38111877, 0.90205383, -1.0
3, 1415587760742667742, 316.0, -11.544022, -20.461716
9, 1415587760743949481, 3.3586998, -1.9626, 9.0018
1, 1415587760747092000, 3.9197571, -2.7328317, 8.769812
4, 1415587760751578000, 3.8294218, -0.10435651, -4.1915474
1, 1415587760782554000, 3.4169748, -1.4112322, 8.602217
11, 1415587760781180926, -3.3569336E-4, -0.1907196, 0.3678131, 0.91012573, -1.0
3, 1415587760783378191, 317.0, -8.101334, -20.513199
9, 1415587760784537859, 3.4020998, -1.382, 9.092999
4, 1415587760792167000, 5.077872, 0.36109352, -4.082797
1, 1415587760821860000, 3.3690908, -0.9084499, 8.56391
11, 1415587760822501727, 0.023773193, -0.18156433, 0.35691833, 0.91600037, -1.0
3, 1415587760823356219, 318.0, -4.936035, -20.544266
9, 1415587760824637957, 3.4285998, -0.8438, 9.1488
4, 1415587760831016000, 4.8081717, 0.19579352, -3.4172473
1, 1415587760860984000, 2.8184242, -0.51580083, 8.429834
11, 1415587760861594744, 0.045806885, -0.17193604, 0.34899902, 0.9200592, -1.0
3, 1415587760862388201, 318.0, -2.0465546, -20.40213
9, 1415587760863242693, 3.4162998, -0.35029998, 9.1855
4, 1415587760871421000, 4.6037216, 0.15229352, -2.6864471
11, 1415587760900931902, 0.06442261, -0.16569519, 0.34303284, 0.92233276, -1.0
3, 1415587760902274676, 319.0, 0.29673767, -20.47937
9, 1415587760903647967, 3.4308, 0.050699998, 9.1867
1, 1415587760905601000, 3.005172, -0.23807344, 8.147319
4, 1415587760911552000, 3.8511717, -0.14785652, -2.046997
1, 1415587760945853000, 2.6556187, -0.3290531, 8.750658
11, 1415587760940848895, 0.07879639, -0.16073608, 0.33988953, 0.92326355, -1.0
3, 1415587760942161150, 319.0, 2.07695, -20.524673
9, 1415587760943534441, 3.4359, 0.35529998, 9.1779995
4, 1415587760952292000, 3.2595716, -0.38710654, -1.324897
1, 1415587760981895000, 2.8423662, 0.30301616, 7.3476553
11, 1415587760982535906, 0.09106445, -0.159729, 0.33714294, 0.9233093, -1.0
3, 1415587760983542986, 319.0, 3.4667358, -20.917664
9, 1415587760985099383, 3.4947, 0.59279996, 9.1434
4, 1415587760990989000, 2.3765216, -0.6872566, -0.972547
1, 1415587761021567000, 3.005172, -0.30032268, 7.309348
11, 1415587761022178240, 0.09298706, -0.16500854, 0.33190918, 0.9240875, -1.0
3, 1415587761023307391, 319.0, 3.5734863, -21.55812
9, 1415587761024375506, 3.5963, 0.61109996, 9.1027
4, 1415587761030997000, 0.19717138, -1.1483566, -1.155247
11, 1415587761061332293, 0.09832764, -0.16938782, 0.32608032, 0.92481995, -1.0
3, 1415587761062614031, 320.0, 4.095276, -22.235794
9, 1415587761063987322, 3.7013998, 0.7003, 9.0541
1, 1415587761065940000, 3.254169, 0.3556886, 6.9454293
4, 1415587761071586000, 0.5886714, -1.0744066, -1.298797
11, 1415587761100883074, 0.105651855, -0.17059326, 0.321167, 0.9255066, -1.0
3, 1415587761102256365, 320.0, 4.933609, -22.648392
9, 1415587761103629656, 3.7621, 0.8433, 9.0168
1, 1415587761105857000, 2.7130795, 0.6669348, 5.83452
4, 1415587761111503000, 1.0628215, -0.6568065, -1.190047
11, 1415587761140800066, 0.11193848, -0.16893005, 0.3169403, 0.92652893, -1.0
3, 1415587761142142840, 321.0, 5.7587585, -22.703796
9, 1415587761143516131, 3.7659, 0.9838, 9.000999
1, 1415587761145713000, 2.6651955, 1.1314099, 5.7674823
4, 1415587761150901000, 0.8888214, -0.034756504, -1.033447
11, 1415587761180717059, 0.11268616, -0.16343689, 0.31362915, 0.92855835, -1.0
3, 1415587761181632586, 321.0, 6.1286774, -22.10849
9, 1415587761182517596, 3.6697, 1.0468, 9.0336
1, 1415587761184287000, 2.1432595, 0.978181, 5.882404
4, 1415587761191032000, 0.19717138, 0.8700436, -0.83769697
1, 1415587761222190000, 1.9613001, 1.4618098, 6.265476
11, 1415587761220817156, 0.10801697, -0.15542603, 0.31088257, 0.9313965, -1.0
3, 1415587761223014422, 321.0, 6.0035095, -21.019226
9, 1415587761223868914, 3.498, 1.0256, 9.1038
4, 1415587761231711000, -0.8903287, 1.6356436, -0.563647
1, 1415587761261771000, 1.7793407, 0.6382044, 6.9597945
11, 1415587761262351580, 0.09376526, -0.14804077, 0.30958557, 0.9345703, -1.0
3, 1415587761263389178, 322.0, 4.7964783, -19.631378
9, 1415587761264762469, 3.283, 0.81979996, 9.2042
4, 1415587761272025000, -2.3606288, 2.0401938, -0.11994691
1, 1415587761301658000, 2.2294507, 0.98296946, 7.2087917
11, 1415587761302268572, 0.079940796, -0.14057922, 0.31089783, 0.9365692, -1.0
3, 1415587761303062029, 322.0, 3.5733185, -18.279877
9, 1415587761304526873, 3.0698, 0.61109996, 9.2935
4, 1415587761310996000, -2.4171789, 2.3098936, 0.48905313
1, 1415587761341147000, 1.4058453, 0.27907413, 8.396316
11, 1415587761341758318, 0.062683105, -0.13046265, 0.31474304, 0.9380646, -1.0
3, 1415587761342521258, 322.0, 2.033615, -16.525131
9, 1415587761343406268, 2.7875, 0.3479, 9.3955
4, 1415587761351005000, -2.552029, 2.5926437, 0.9936532
1, 1415587761381644000, 2.3683145, 0.32216978, 9.047539
11, 1415587761382224627, 0.04460144, -0.12400818, 0.32089233, 0.9378967, -1.0
3, 1415587761383475848, 322.0, 0.2339325, -15.145401
9, 1415587761384849139, 2.562, 0.039899997, 9.465899
4, 1415587761391318000, -3.0261788, 2.4316938, 1.6287532
1, 1415587761421622000, 1.4633062, -0.96112233, 9.258228
11, 1415587761422202654, 0.019348145, -0.117248535, 0.32798767, 0.9371643, -1.0
3, 1415587761423423357, 321.0, -2.3293, -13.4548645
9, 1415587761424827166, 2.2798, -0.39859998, 9.5295
4, 1415587761432120000, -3.913579, 2.6143937, 1.9028033
1, 1415587761461875000, 1.697938, -0.8797195, 9.679607
11, 1415587761462516375, -0.0037078857, -0.111816406, 0.3360901, 0.93515015, -1.0
3, 1415587761463340350, 320.0, -4.7095947, -11.967346
9, 1415587761464500018, 2.0265, -0.8052, 9.561
4, 1415587761471305000, -3.813529, 2.3881936, 2.1986034
1, 1415587761501243000, 1.1664251, -2.4024317, 9.923817
11, 1415587761501823016, -0.03265381, -0.1081543, 0.3441162, 0.9320984, -1.0
3, 1415587761502585955, 320.0, -7.7774963, -10.418289
9, 1415587761503440447, 1.757, -1.3270999, 9.5561
4, 1415587761511008000, -4.570429, 2.2750938, 2.2638533
1, 1415587761541312000, 1.5590742, -2.2587798, 10.259005
11, 1415587761542106219, -0.06021118, -0.10574341, 0.35095215, 0.9284363, -1.0
3, 1415587761543113299, 319.0, -10.721985, -9.023499
9, 1415587761544486590, 1.5110999, -1.8245, 9.516
4, 1415587761551536000, -4.800979, 2.2359438, 2.1507533
1, 1415587761581626000, 1.4393641, -3.8150108, 9.713126
11, 1415587761582236834, -0.0980072, -0.107666016, 0.35531616, 0.9233246, -1.0
3, 1415587761583457537, 318.0, -14.923645, -7.68338
9, 1415587761584830828, 1.2667999, -2.5254998, 9.3906
4, 1415587761592155000, -7.1325793, 2.1967938, 1.9724033
1, 1415587761621879000, 0.56308633, -4.614674, 10.527155
11, 1415587761622489520, -0.13441467, -0.10441589, 0.3565216, 0.91864014, -1.0
3, 1415587761623313494, 318.0, -18.749908, -5.818466
9, 1415587761624717303, 0.9413, -3.1522, 9.238299
4, 1415587761630942000, -6.188629, 2.8753939, 1.2938032
1, 1415587761661460000, 1.3483845, -4.092738, 9.330054
11, 1415587761662070818, -0.15985107, -0.098480225, 0.3548584, 0.91586304, -1.0
3, 1415587761662864275, 318.0, -21.267899, -4.120224
9, 1415587761663993426, 0.6566, -3.5570998, 9.115
4, 1415587761670951000, -4.231129, 3.284294, 0.69785315
11, 1415587761701835223, -0.18299866, -0.08998108, 0.35081482, 0.9139557, -1.0
3, 1415587761703055926, 318.0, -23.43245, -2.253296
9, 1415587761704429217, 0.35369998, -3.8997998, 8.9908
1, 1415587761706107000, 0.2709937, -4.8636713, 10.282947
4, 1415587761711600000, -3.661279, 3.2973437, 0.088853106
11, 1415587761740897723, -0.19215393, -0.07600403, 0.34561157, 0.915329, -1.0
3, 1415587761742240496, 318.0, -23.849304, -0.39698792
9, 1415587761743583270, 0.062, -3.9652, 8.9689
1, 1415587761745841000, 0.14649522, -2.842965, 8.956559
4, 1415587761751487000, -1.2861787, 3.5235438, -0.35049692
1, 1415587761784507000, 0.29493573, -4.624251, 10.096199
11, 1415587761780875750, -0.21185303, -0.0687561, 0.3399353, 0.91368103, -1.0
3, 1415587761782401629, 318.0, -25.715408, 1.1696472
9, 1415587761785148211, -0.1804, -4.2552, 8.8335
4, 1415587761791038000, -3.4350789, 3.1842437, -0.24174692
1, 1415587761821036000, -0.1599626, -4.2746973, 10.06268
11, 1415587761821647234, -0.22479248, -0.056503296, 0.33366394, 0.91374207, -1.0
3, 1415587761822440691, 319.0, -26.650085, 2.9993591
9, 1415587761823356219, -0.45859998, -4.3986998, 8.7527
4, 1415587761831595000, -2.0169787, 3.6322937, -0.38964695
11, 1415587761861259051, -0.23815918, -0.045150757, 0.32618713, 0.91368103, -1.0
3, 1415587761862571307, 319.0, -27.689896, 4.7191467
9, 1415587761863944598, -0.7145, -4.5569997, 8.6539
1, 1415587761866874000, -0.54303485, -4.9881697, 10.6420765
4, 1415587761871543000, -2.0952787, 3.5278938, -0.65499693
1, 1415587761902274000, -1.0027215, -5.538836, 12.001984
11, 1415587761900901385, -0.24931335, -0.03552246, 0.31825256, 0.9139404, -1.0
3, 1415587761903312273, 320.0, -28.576813, 6.127762
9, 1415587761904685564, -0.91929996, -4.6909, 8.562699
4, 1415587761911490000, -1.9821788, 3.0624437, -0.898597
11, 1415587761941520281, -0.253891, -0.029876709, 0.3102417, 0.91563416, -1.0
3, 1415587761943107195, 320.0, -28.914581, 6.7463684
9, 1415587761944663592, -1.0085, -4.7416997, 8.5247
1, 1415587761946891000, -1.055394, -5.505317, 11.887062
4, 1415587761951011000, -0.9729787, 1.9401437, -1.250947
11, 1415587761980735369, -0.25257874, -0.028533936, 0.3035431, 0.9182739, -1.0
3, 1415587761981528826, 321.0, -28.765152, 6.6119995
9, 1415587761982413836, -0.9898, -4.7191997, 8.5392
1, 1415587761984153000, -1.2086229, -5.3616652, 12.67236
4, 1415587761991233000, -0.33787867, 0.65689355, -1.377097
11, 1415587762020988055, -0.24765015, -0.030517578, 0.2975464, 0.9215088, -1.0
3, 1415587762022330828, 322.0, -28.333084, 5.9427643
9, 1415587762023734637, -0.8937, -4.6542997, 8.5854
1, 1415587762025962000, -1.2086229, -5.112668, 11.882274
4, 1415587762031211000, 0.3146214, -0.33055654, -1.516297
1, 1415587762067466000, -1.136797, -4.945074, 11.494412
11, 1415587762061545916, -0.23597717, -0.032302856, 0.2920227, 0.92626953, -1.0
3, 1415587762063834734, 323.0, -27.131638, 5.0269012
9, 1415587762067893572, -0.7647, -4.4722, 8.6939
4, 1415587762071189000, 1.8371215, -0.79165655, -1.564147
1, 1415587762102531000, -1.0410289, -4.6577697, 10.867132
11, 1415587762103232928, -0.22041321, -0.034225464, 0.287735, 0.93136597, -1.0
3, 1415587762104240008, 324.0, -25.485565, 4.0074615
9, 1415587762105887957, -0.61869997, -4.2197, 8.8307
4, 1415587762111198000, 2.7897716, -1.1831566, -1.394497
1, 1415587762141349000, -0.28924948, -5.088726, 10.187179
11, 1415587762142020770, -0.20166016, -0.037902832, 0.28337097, 0.93678284, -1.0
3, 1415587762142905779, 325.0, -23.536682, 2.7045288
9, 1415587762144065447, -0.4243, -3.9160998, 8.980599
4, 1415587762150962000, 3.8772717, -1.4789566, -1.385797
1, 1415587762181663000, 0.007631518, -3.9538746, 9.737069
11, 1415587762182273455, -0.17041016, -0.036972046, 0.277771, 0.94467163, -1.0
3, 1415587762183555193, 326.0, -20.03041, 1.5140076
9, 1415587762184897967, -0.2434, -3.359, 9.2101
4, 1415587762191520000, 6.517722, -1.2092566, -1.6728971
1, 1415587762221671000, 0.45295304, -3.3457472, 9.952547
11, 1415587762222251482, -0.13752747, -0.035583496, 0.2713623, 0.95191956, -1.0
3, 1415587762223533221, 328.0, -16.329239, 0.41098022
9, 1415587762224906512, -0.0676, -2.7572, 9.4107
4, 1415587762231528000, 6.848322, -1.0613565, -1.7598971
1, 1415587762261924000, 0.34281975, -3.010559, 9.986066
11, 1415587762262534686, -0.10435486, -0.033584595, 0.26631165, 0.95762634, -1.0
3, 1415587762263419695, 328.0, -12.578339, -0.51319885
9, 1415587762264701434, 0.085499994, -2.1357, 9.5708
4, 1415587762270957000, 7.087572, -1.1396565, -1.4510471
1, 1415587762301017000, 0.0028431145, -2.665794, 9.780165
11, 1415587762301627703, -0.0761261, -0.033691406, 0.26324463, 0.9611206, -1.0
3, 1415587762302451678, 329.0, -9.443924, -1.4350586
9, 1415587762303306170, 0.24219999, -1.6092, 9.6706
4, 1415587762311515000, 6.108822, -1.5964067, -1.020397
1, 1415587762341514000, 0.045938745, -2.1630116, 9.421034
11, 1415587762342094012, -0.05407715, -0.036605835, 0.260849, 0.96315, -1.0
3, 1415587762343375750, 329.0, -7.082596, -2.4440613
9, 1415587762344749041, 0.41489998, -1.2092, 9.722799
4, 1415587762351523000, 4.699422, -1.8922067, -0.82029694
1, 1415587762382804000, 0.050727148, -2.3832781, 9.387515
11, 1415587762383536883, -0.04096985, -0.04168701, 0.2583313, 0.9642792, -1.0
3, 1415587762384513445, 330.0, -5.7727814, -3.4129486
9, 1415587762385795184, 0.5807, -0.98639995, 9.7396
4, 1415587762391227000, 3.0464215, -1.9270067, -0.776797
1, 1415587762422477000, 0.5104139, -2.3353941, 9.100211
11, 1415587762423179217, -0.019882202, -0.04472351, 0.2552948, 0.9656067, -1.0
3, 1415587762424186297, 330.0, -3.5119476, -4.3803864
9, 1415587762426017352, 0.7475, -0.60069996, 9.7595
4, 1415587762431144000, 4.903872, -1.7747567, -0.94644696
1, 1415587762461783000, 0.8216601, -0.23328502, 8.678831
11, 1415587762462394305, 0.018112183, -0.037994385, 0.24911499, 0.96754456, -1.0
3, 1415587762463462420, 331.0, 0.923645, -4.737213
9, 1415587762464377947, 0.8096, 0.15799999, 9.7717
4, 1415587762470969000, 7.848822, -0.60025656, -1.642447
11, 1415587762501792498, 0.047470093, -0.030059814, 0.24163818, 0.96873474, -1.0
3, 1415587762503135272, 331.0, 4.44252, -4.671417
9, 1415587762504508563, 0.7962, 0.75949997, 9.7446995
1, 1415587762506217000, 0.74504566, 0.8105869, 8.415469
4, 1415587762511558000, 6.065322, 0.08704351, -1.7903471
11, 1415587762540885516, 0.07312012, -0.020996094, 0.23486328, 0.9690399, -1.0
3, 1415587762542106219, 332.0, 7.577194, -4.34198
9, 1415587762543021746, 0.7359, 1.293, 9.693
1, 1415587762545280000, 0.9701006, 1.5096939, 8.003667
4, 1415587762551597000, 5.2518716, 0.65254354, -1.603297
1, 1415587762585685000, 0.6013935, 2.2997804, 7.5487685
11, 1415587762581016131, 0.09225464, -0.010665894, 0.2286377, 0.9690552, -1.0
3, 1415587762582542010, 333.0, 10.017166, -3.6606445
9, 1415587762584159441, 0.61649996, 1.7056999, 9.6374
4, 1415587762591056000, 3.7641716, 1.0962436, -1.446697
1, 1415587762621024000, 0.14649522, 2.2375312, 7.601441
11, 1415587762621635027, 0.10046387, -6.1035156E-4, 0.22433472, 0.9693146, -1.0
3, 1415587762622459002, 333.0, 11.214874, -2.704483
9, 1415587762623313494, 0.4538, 1.9072, 9.6085
4, 1415587762631248000, 1.7066215, 1.4181436, -1.029097
1, 1415587762661613000, 0.14170681, 2.5966613, 6.8975453
11, 1415587762662223406, 0.10661316, 0.009185791, 0.22207642, 0.96913147, -1.0
3, 1415587762663169451, 334.0, 12.166428, -1.730957
9, 1415587762664542742, 0.2895, 2.0665998, 9.5817995
4, 1415587762671531000, 1.1106714, 1.5834436, -0.6114969
1, 1415587762702811000, -0.25573066, 1.8113632, 7.2662525
11, 1415587762703513689, 0.10145569, 0.017608643, 0.22137451, 0.96972656, -1.0
3, 1415587762704520770, 334.0, 11.805557, -0.6291809
9, 1415587762706138201, 0.105299994, 2.0063, 9.598499
4, 1415587762711875000, -0.7989787, 1.7139436, -0.32004693
1, 1415587762742515000, -0.48078564, 1.8017864, 7.175273
11, 1415587762743217059, 0.094436646, 0.0256958, 0.2211914, 0.97029114, -1.0
3, 1415587762744254656, 334.0, 11.223404, 0.4724121
9, 1415587762745292254, -0.079399996, 1.9086, 9.6187
4, 1415587762751243000, -1.2296288, 1.6965437, -0.21129692
1, 1415587762781516000, -0.35628715, 2.2854152, 7.1082354
11, 1415587762782279559, 0.092453, 0.03225708, 0.2217102, 0.97016907, -1.0
3, 1415587762783103533, 334.0, 11.170273, 1.262497
9, 1415587762783988543, -0.212, 1.8996999, 9.6184
4, 1415587762791007000, -0.54232866, 1.3006936, -0.015546901
11, 1415587762821891375, 0.092453, 0.03225708, 0.2217102, 0.97016907, -1.0
3, 1415587762823234148, 334.0, 11.170273, 1.262497
9, 1415587762824607439, -0.212, 1.7392, 9.647699
1, 1415587762826163000, -0.35628715, 2.2854152, 7.3237133
4, 1415587762830955000, -1.8603787, 0.54379356, 0.26285312
11, 1415587762861259051, 0.077178955, 0.032333374, 0.22541809, 0.97065735, -1.0
3, 1415587762862327166, 333.0, 9.464661, 1.6261597
9, 1415587762863212176, -0.27449998, 1.6123999, 9.6691
1, 1415587762864951000, 0.036361936, 1.4474446, 7.6780553
4, 1415587762871268000, -1.4340788, 0.38284352, 0.31505314
11, 1415587762900962420, 0.073410034, 0.03340149, 0.22694397, 0.97055054, -1.0
3, 1415587762901816912, 333.0, 9.071976, 1.8300018
9, 1415587762902701922, -0.3093, 1.5461999, 9.679
1, 1415587762904471000, -0.32276833, 1.8113632, 8.219145
11, 1415587762940757342, 0.06561279, 0.031799316, 0.2278595, 0.97094727, -1.0
3, 1415587762941581316, 333.0, 8.160004, 1.8441315
9, 1415587762942435809, -0.31239998, 1.3919, 9.7022
4, 1415587762911002000, -0.9642787, 0.37849355, 0.26285312
11, 1415587762980704852, 0.06201172, 0.030883789, 0.22599792, 0.97164917, -1.0
3, 1415587762981620379, 333.0, 7.7283936, 1.8499756
9, 1415587762982505389, -0.3137, 1.3187, 9.712299
1, 1415587762944266000, 0.30451253, 1.380407, 7.6205945
4, 1415587762951255000, -1.7777288, 0.33499354, 0.08450311
1, 1415587762984275000, 0.16086042, 0.58074355, 7.888745
4, 1415587762990989000, -0.50317866, 0.16969351, -0.43314692
11, 1415587763020713397, 0.08425903, 0.040740967, 0.22305298, 0.97029114, -1.0
3, 1415587763021903582, 334.0, 10.468887, 2.417694
9, 1415587763023032732, -0.4068, 1.7816999, 9.6347
1, 1415587763024772000, -0.23657705, 3.3149219, 8.032397
4, 1415587763030997000, 3.9686217, 0.9570436, -0.55059695
11, 1415587763061210223, 0.080825806, 0.045043945, 0.22329712, 0.9703369, -1.0
3, 1415587763062919207, 334.0, 10.194504, 2.9891968
9, 1415587763063926287, -0.5033, 1.7356, 9.638599
1, 1415587763065726000, -0.4185364, 1.5144823, 8.889522
4, 1415587763071036000, -0.44227868, 1.0353436, -0.059046905
11, 1415587763100699969, 0.06564331, 0.04762268, 0.22515869, 0.970932, -1.0
3, 1415587763101523943, 334.0, 8.564682, 3.6486816
9, 1415587763102408953, -0.61719996, 1.4604, 9.6775
1, 1415587763104240000, -0.76808983, 0.11148002, 8.74587
4, 1415587763111167000, -2.295379, 1.1223435, 0.21500312
11, 1415587763140708514, 0.056167603, 0.05404663, 0.22633362, 0.97091675, -1.0
3, 1415587763141532488, 334.0, 7.6741333, 4.6031647
9, 1415587763142448016, -0.78, 1.3094, 9.6873
1, 1415587763144248000, -0.97877955, 1.0260651, 9.387515
4, 1415587763150962000, -1.4688787, 1.6095437, 0.08015311
11, 1415587763180686541, 0.033706665, 0.05836487, 0.22787476, 0.971344, -1.0
3, 1415587763181510516, 333.0, 5.285263, 5.649826
9, 1415587763182395525, -0.9614, 0.9032, 9.7174
1, 1415587763184165000, -1.6539445, -0.53016603, 9.971701
4, 1415587763191001000, -3.5133789, 1.5616937, 0.09755311
11, 1415587763220695086, 0.015029907, 0.06159973, 0.22956848, 0.97120667, -1.0
3, 1415587763221519061, 333.0, 3.295868, 6.486038
9, 1415587763222343035, -1.1058999, 0.5636, 9.7276
1, 1415587763224113000, -1.4911387, -0.6163573, 10.479271
4, 1415587763231010000, -2.934829, 1.3702936, 0.17585312
11, 1415587763260703631, 0.006164551, 0.06666565, 0.23072815, 0.9707031, -1.0
3, 1415587763261680193, 333.0, 2.4503632, 7.2786407
9, 1415587763262534686, -1.2413, 0.4191, 9.718599
1, 1415587763264304000, -1.6539445, -0.4631284, 9.717916
4, 1415587763271018000, -1.0730287, 1.2136936, 0.19325311
11, 1415587763300681658, -1.373291E-4, 0.07424927, 0.23213196, 0.9698334, -1.0
3, 1415587763301505633, 333.0, 1.9592743, 8.290756
9, 1415587763302512713, -1.4132999, 0.3351, 9.6984
1, 1415587763304252000, -2.3147442, 0.6190508, 10.474483
4, 1415587763310966000, -1.0469288, 1.4050937, 0.21935312
11, 1415587763340720721, -0.01399231, 0.07472229, 0.23628235, 0.96868896, -1.0
3, 1415587763341544695, 332.0, 0.46896362, 8.708771
9, 1415587763342643328, -1.4848, 0.0802, 9.6932
1, 1415587763344413000, -1.5007155, 0.17851767, 11.08261
4, 1415587763351005000, -2.8304288, 0.8700436, 0.65870315
11, 1415587763380912371, -0.024597168, 0.08206177, 0.24014282, 0.9669342, -1.0
3, 1415587763382102557, 332.0, -0.46803284, 9.819489
9, 1415587763382987566, -1.6724, -0.0802, 9.662499
1, 1415587763384788000, -2.7026048, 0.38441902, 12.083386
4, 1415587763391288000, -2.060479, 1.6573937, 0.66740316
11, 1415587763420737811, -0.036499023, 0.08538818, 0.24549866, 0.9649353, -1.0
3, 1415587763421561785, 331.0, -1.6351471, 10.532791
9, 1415587763422568865, -1.7918999, -0.27989998, 9.6374
1, 1415587763424491000, -2.444031, 0.0013467384, 12.246192
4, 1415587763430991000, -2.473729, 1.1571436, 0.9371032
11, 1415587763460746356, -0.039642334, 0.08973694, 0.25115967, 0.96295166, -1.0
3, 1415587763461906023, 330.0, -1.7921448, 11.119431
9, 1415587763462760516, -1.8902999, -0.3067, 9.6178
1, 1415587763464561000, -2.549376, 0.55680156, 12.725033
4, 1415587763471000000, -1.0164788, 0.97879356, 1.0937032
11, 1415587763500724383, -0.049865723, 0.088760376, 0.25636292, 0.9611969, -1.0
3, 1415587763501548357, 329.0, -2.8867035, 11.330399
9, 1415587763502433367, -1.9243, -0.4939, 9.6032
1, 1415587763504142000, -2.3626282, -0.4535516, 13.251757
4, 1415587763511039000, -2.2910287, 0.47419354, 0.90230316
11, 1415587763541007586, -0.049087524, 0.087905884, 0.26130676, 0.9599762, -1.0
3, 1415587763542350359, 329.0, -2.7696686, 11.226044
9, 1415587763543723650, -1.9068999, -0.4739, 9.607699
1, 1415587763545951000, -1.9029415, 0.27907413, 13.1416235
4, 1415587763550986000, -0.48142868, 0.13054352, 0.9588532
11, 1415587763580741473, -0.05064392, 0.08331299, 0.26481628, 0.9593506, -1.0
3, 1415587763582023211, 328.0, -3.0407562, 10.774506
9, 1415587763583213397, -1.8307999, -0.5202, 9.62
1, 1415587763585319000, -1.9029415, -0.35778353, 13.266122
4, 1415587763591636000, -0.8076787, -0.51760656, 0.62825316
11, 1415587763620872088, -0.042800903, 0.08039856, 0.26593018, 0.959671, -1.0
3, 1415587763622214861, 328.0, -2.258316, 10.208969
9, 1415587763623588152, -1.7368, -0.3865, 9.6438
1, 1415587763625815000, -2.0274398, -0.017806875, 12.605322
4, 1415587763631522000, 1.1063215, -0.8830066, 0.26285312
1, 1415587763668296000, -1.7161937, 0.72918403, 11.527931
11, 1415587763661582537, -0.030227661, 0.07722473, 0.26586914, 0.9604187, -1.0
3, 1415587763663810320, 328.0, -0.9744873, 9.465439
9, 1415587763666312762, -1.6126, -0.16679999, 9.671599
4, 1415587763671195000, 1.8153715, -1.2092566, 0.045353103
1, 1415587763702506000, -1.6252141, 0.0827496, 11.642853
11, 1415587763703239031, -0.02217102, 0.07286072, 0.2662201, 0.9608917, -1.0
3, 1415587763704215594, 329.0, -0.220047, 8.7335205
9, 1415587763705710955, -1.489, -0.037699997, 9.692699
4, 1415587763711204000, 1.2716215, -1.2179567, 0.13235311
1, 1415587763741752000, -1.4911387, 0.71481884, 10.5702505
11, 1415587763742362566, -0.0075531006, 0.07270813, 0.26602173, 0.96118164, -1.0
3, 1415587763743369647, 329.0, 1.3846436, 8.270035
9, 1415587763744315691, -1.4101, 0.2368, 9.7017
4, 1415587763751029000, 2.6288216, -0.8047066, 0.1280031
11, 1415587763781302996, 0.0014038086, 0.07310486, 0.26571655, 0.96125793, -1.0
3, 1415587763782615252, 329.0, 2.382904, 8.044113
9, 1415587763783683367, -1.3711, 0.4076, 9.7017
1, 1415587763785392000, -1.4959271, 0.930297, 10.522367
4, 1415587763791556000, 1.5326215, -0.41320655, 0.032303102
1, 1415587763825431000, -1.0410289, 0.020500353, 10.316465
11, 1415587763820884295, 0.0038909912, 0.071243286, 0.26615906, 0.9612732, -1.0
3, 1415587763822227068, 329.0, 2.6031647, 7.762253
9, 1415587763823600359, -1.3232, 0.44529998, 9.7066
4, 1415587763831473000, 0.6147714, -0.30880654, 0.14975311
1, 1415587763861899000, -1.1463737, 1.002123, 9.406669
11, 1415587763862510272, 0.012588501, 0.075042725, 0.26583862, 0.96099854, -1.0
3, 1415587763863334246, 329.0, 3.6753693, 7.923294
9, 1415587763864707537, -1.3491, 0.6286, 9.6929
4, 1415587763871268000, 1.7153215, 0.36109352, 0.041003104
1, 1415587763901298000, -1.2229881, 0.10190321, 10.124929
11, 1415587763901969500, 0.0027770996, 0.073516846, 0.2653656, 0.9613342, -1.0
3, 1415587763902762957, 329.0, 2.5434875, 8.049698
9, 1415587763903678484, -1.372, 0.4351, 9.700399
4, 1415587763911063000, -1.8168788, 0.33499354, -0.23739693
11, 1415587763941337176, -0.0038452148, 0.07209778, 0.26390076, 0.96183777, -1.0
3, 1415587763942649432, 329.0, 1.7568665, 8.09404
9, 1415587763944022723, -1.3801999, 0.3006, 9.7042
1, 1415587763945975000, -1.0458173, -0.92760354, 10.287735
4, 1415587763951621000, -0.7076287, 0.28714353, -0.3287469
11, 1415587763980887957, 0.009796143, 0.080078125, 0.2590332, 0.96247864, -1.0
3, 1415587763982230731, 330.0, 3.4605713, 8.590179
9, 1415587763983634539, -1.4621999, 0.5918, 9.6788
1, 1415587763985862000, -1.280449, 0.8201637, 9.3444195
4, 1415587763991477000, 3.0551217, 0.89614356, -0.807247
11, 1415587764021720477, 0.00440979, 0.0809021, 0.25424194, 0.96372986, -1.0
3, 1415587764022452898, 330.0, 2.8464355, 8.852997
9, 1415587764023215838, -1.5073999, 0.4869, 9.6778
1, 1415587764025168000, -1.3666402, -0.017806875, 9.670031
4, 1415587764030936000, -0.6771787, 0.48724353, -1.059547
11, 1415587764060752459, 7.019043E-4, 0.08164978, 0.2496643, 0.96487427, -1.0
3, 1415587764061912127, 331.0, 2.4148254, 9.053375
9, 1415587764062888689, -1.5417999, 0.4131, 9.675799
1, 1415587764064628000, -1.1511621, 0.010923545, 9.330054
4, 1415587764071006000, -0.41617867, 0.48724353, -0.998647
1, 1415587764104514000, -1.6874633, 0.27907413, 9.919028
11, 1415587764100883074, 0.0030059814, 0.08857727, 0.24275208, 0.9660187, -1.0
3, 1415587764102225848, 332.0, 2.798294, 9.781876
9, 1415587764104819842, -1.6642, 0.4786, 9.6525
4, 1415587764111564000, 1.0323714, 1.2397937, -1.364047
1, 1415587764141746000, -1.8406922, 0.40357262, 10.828825
11, 1415587764142325945, 0.0061798096, 0.093826294, 0.23661804, 0.96702576, -1.0
3, 1415587764143302508, 332.0, 3.2311554, 10.30304
9, 1415587764144675799, -1.7512, 0.55259997, 9.632999
4, 1415587764152091000, 1.1106714, 0.9222436, -1.190047
1, 1415587764181632000, -1.4624083, 1.2894273, 9.52159
11, 1415587764182212420, 0.028808594, 0.09944153, 0.23155212, 0.96728516, -1.0
3, 1415587764183158465, 333.0, 5.8437653, 10.369049
9, 1415587764184592791, -1.7558999, 0.99829996, 9.5962
4, 1415587764190909000, 4.686372, 0.14794351, -0.62454695
1, 1415587764221335000, -1.8215386, 1.9310733, 9.157672
11, 1415587764221946307, 0.054229736, 0.10392761, 0.22798157, 0.966568, -1.0
3, 1415587764222739764, 334.0, 8.756439, 10.269318
9, 1415587764223777361, -1.7279999, 1.4927, 9.537
4, 1415587764230979000, 5.056122, -0.40450653, -0.21999691
1, 1415587764261436000, -1.5485996, 1.6246156, 8.429834
11, 1415587764262137957, 0.069366455, 0.103897095, 0.22683716, 0.96588135, -1.0
3, 1415587764262931414, 334.0, 10.437042, 9.909195
9, 1415587764264243670, -1.6596999, 1.7764, 9.5004
4, 1415587764271506000, 2.9942217, -0.74815655, 0.13235311
1, 1415587764301719000, -1.6539445, 1.4809633, 8.104223
11, 1415587764302329607, 0.0831604, 0.106903076, 0.22616577, 0.96461487, -1.0
3, 1415587764303428240, 334.0, 12.051926, 9.9292145
9, 1415587764304801531, -1.6537, 2.0474, 9.4467
4, 1415587764312278000, 3.0290217, -0.14785652, 0.22370312
1, 1415587764341880000, -2.1088428, 1.6102502, 8.59264
11, 1415587764342490740, 0.08970642, 0.111694336, 0.22459412, 0.9638519, -1.0
3, 1415587764343314715, 334.0, 12.892548, 10.344437
9, 1415587764344688006, -1.7166, 2.188, 9.4039
4, 1415587764350944000, 1.7544715, 0.36109352, -0.11559691
1, 1415587764381827000, -2.0657473, 1.5192707, 8.89431
11, 1415587764382468768, 0.09461975, 0.114974976, 0.22291565, 0.96339417, -1.0
3, 1415587764383262225, 335.0, 13.5095215, 10.630127
9, 1415587764384391375, -1.7588999, 2.2907999, 9.3716
4, 1415587764390983000, 1.4934715, 0.20014352, -0.15039691
11, 1415587764421378680, 0.10748291, 0.117752075, 0.22106934, 0.9621277, -1.0
3, 1415587764422721453, 335.0, 15.005569, 10.683838
9, 1415587764424003191, -1.7560999, 2.539, 9.307899
1, 1415587764425986000, -1.8694227, 2.7594671, 7.936629
4, 1415587764430991000, 2.4287217, -0.23050652, -0.06339691
11, 1415587764460868426, 0.102127075, 0.11289978, 0.22172546, 0.96313477, -1.0
3, 1415587764462211199, 335.0, 14.288666, 10.236237
9, 1415587764463584490, -1.6888, 2.4201999, 9.3519
1, 1415587764465842000, -1.8837879, 1.8975545, 7.888745
4, 1415587764471519000, -1.2383287, -0.9482566, 0.13235311
1, 1415587764505851000, -1.8406922, 1.404349, 7.879168
11, 1415587764500846453, 0.09642029, 0.104782104, 0.22314453, 0.9643097, -1.0
3, 1415587764502158709, 335.0, 13.458221, 9.414185
9, 1415587764503532000, -1.5601, 2.2821999, 9.4087
4, 1415587764510917000, -1.2948787, -1.6007566, 0.37595314
1, 1415587764541465000, -1.6156372, 1.8879777, 7.6205945
11, 1415587764542045184, 0.09779358, 0.09700012, 0.2244873, 0.9646759, -1.0
3, 1415587764542899676, 334.0, 13.430267, 8.46936
9, 1415587764543784686, -1.4049, 2.2776, 9.434299
4, 1415587764551597000, -0.14212865, -1.8182566, 0.48470315
1, 1415587764581412000, -1.136797, 1.595885, 6.9454293
11, 1415587764581992693, 0.09716797, 0.08874512, 0.22616577, 0.9651489, -1.0
3, 1415587764583274432, 334.0, 13.162521, 7.5160217
9, 1415587764584617205, -1.2491, 2.233, 9.4668
4, 1415587764591514000, -0.5249287, -1.6834066, 0.48905313
1, 1415587764622825000, -1.136797, 1.7778444, 7.0842934
11, 1415587764623527117, 0.09509277, 0.08218384, 0.22808838, 0.9654846, -1.0
3, 1415587764624503680, 334.0, 12.774689, 6.7908173
9, 1415587764626060076, -1.1309, 2.1683, 9.496699
4, 1415587764632255000, -0.83377874, -1.3136566, 0.48035315
1, 1415587764662467000, -0.734571, 1.595885, 6.88318
11, 1415587764663169451, 0.090545654, 0.076828, 0.23001099, 0.9658966, -1.0
3, 1415587764664176531, 333.0, 12.138809, 6.271042
9, 1415587764665824481, -1.0473, 2.062, 9.5299
4, 1415587764671165000, -1.2383287, -0.80035657, 0.38030314
1, 1415587764701591000, -0.8590695, 1.7634792, 7.591864
11, 1415587764702231951, 0.08773804, 0.07510376, 0.23252869, 0.96569824, -1.0
3, 1415587764703300066, 333.0, 11.79483, 6.114807
9, 1415587764704429217, -1.0225999, 2.0045, 9.5449
4, 1415587764711051000, -0.7554787, -0.18265651, 0.48905313
1, 1415587764741599000, -1.103278, 1.1888708, 7.7786117
11, 1415587764742209979, 0.076828, 0.07487488, 0.235672, 0.96588135, -1.0
3, 1415587764743461199, 333.0, 10.587433, 6.333664
9, 1415587764744834490, -1.0634, 1.8017, 9.5808
4, 1415587764751487000, -2.0735288, 0.40459353, 0.48905313
1, 1415587764781577000, -1.3139678, 0.7674913, 7.879168
11, 1415587764782310076, 0.063934326, 0.0763855, 0.23910522, 0.9658661, -1.0
3, 1415587764783561297, 332.0, 9.210754, 6.806732
9, 1415587764784934588, -1.1474, 1.5696, 9.611899
4, 1415587764791495000, -2.256229, 0.78304356, 0.5195031
1, 1415587764821921000, -1.5725416, 0.8153753, 9.176826
11, 1415587764822532244, 0.050186157, 0.07949829, 0.24150085, 0.9658203, -1.0
3, 1415587764823966570, 332.0, 7.780075, 7.5009613
9, 1415587764825461932, -1.2684, 1.3274, 9.6332
4, 1415587764830985000, -2.3649788, 1.1310436, 0.27590314
1, 1415587764861014000, -0.94526076, 0.9398738, 8.879945
11, 1415587764861625262, 0.03614807, 0.08053589, 0.2427063, 0.96606445, -1.0
3, 1415587764862449236, 332.0, 6.255707, 7.9831543
9, 1415587764863303729, -1.3539, 1.0684999, 9.6537
4, 1415587764871299000, -2.7173288, 1.0570936, -0.028596902
1, 1415587764901633000, -1.4624083, -0.3482067, 10.038738
11, 1415587764902244158, 0.015579224, 0.080322266, 0.24453735, 0.96617126, -1.0
3, 1415587764903495379, 331.0, 3.9803925, 8.5091095
9, 1415587764904868670, -1.4475, 0.6807, 9.6751995
4, 1415587764911521000, -3.5525289, 1.0135936, 0.09755311
1, 1415587764941581000, -1.2421417, 0.17851767, 10.000431
11, 1415587764942161150, 0.002319336, 0.08052063, 0.24508667, 0.96614075, -1.0
3, 1415587764943503924, 331.0, 2.519455, 8.894287
9, 1415587764944846697, -1.5146999, 0.43089998, 9.679299
4, 1415587764951530000, -2.4780788, 0.8700436, -0.09819691
1, 1415587764981956000, -1.7736546, -0.38651395, 11.17359
11, 1415587764982566424, -0.015029907, 0.07962036, 0.24531555, 0.96603394, -1.0
3, 1415587764983970232, 331.0, 0.57325745, 9.279465
9, 1415587764985465594, -1.5812999, 0.098, 9.6778
4, 1415587764990958000, -3.213229, 0.7221436, -0.19389692
1, 1415587765021110000, -1.5438112, -0.11836334, 10.852767
11, 1415587765021720477, -0.02456665, 0.077697754, 0.24412537, 0.9663086, -1.0
3, 1415587765022544451, 331.0, -0.54634094, 9.333847
9, 1415587765023429461, -1.5904, -0.093499996, 9.6763
4, 1415587765031058000, -1.9473788, 0.22189352, -0.40704694
1, 1415587765061332000, -1.2229881, -0.36257192, 10.6181345
11, 1415587765061942645, -0.035217285, 0.07234192, 0.24310303, 0.9666443, -1.0
3, 1415587765063071795, 331.0, -1.8866882, 9.03862
9, 1415587765064445086, -1.5399, -0.3229, 9.6796
4, 1415587765071525000, -2.3475788, -0.28270653, -0.40704694
1, 1415587765101615000, -1.8311154, -0.8797195, 11.571027
11, 1415587765102225848, -0.04866028, 0.062820435, 0.24371338, 0.96658325, -1.0
3, 1415587765103385516, 331.0, -3.6388855, 8.365585
9, 1415587765104484148, -1.4239, -0.6224, 9.6826
4, 1415587765111625000, -3.0653288, -1.2832066, -0.13734691
1, 1415587765142753000, -0.6818986, -0.1949778, 10.081834
11, 1415587765143455096, -0.046951294, 0.051467896, 0.24453735, 0.9671173, -1.0
3, 1415587765144462176, 331.0, -3.7638855, 7.0534363
9, 1415587765146110125, -1.2017, -0.64379996, 9.7113
4, 1415587765151206000, -0.47707868, -2.0488067, 0.032303102
1, 1415587765181571000, -1.4480431, -0.68339497, 10.584616
11, 1415587765182181902, -0.05757141, 0.036697388, 0.2475586, 0.9664612, -1.0
3, 1415587765183036395, 331.0, -5.342575, 5.733185
9, 1415587765184073992, -0.9754, -0.91319996, 9.715
4, 1415587765190970000, -3.034879, -2.6099567, 0.34115312
1, 1415587765221488000, -0.48078564, -1.6745944, 10.187179
11, 1415587765222098895, -0.07173157, 0.017227173, 0.25328064, 0.9645691, -1.0
3, 1415587765223350115, 330.0, -7.4501343, 4.023941
9, 1415587765224723406, -0.6824, -1.2716, 9.6998
4, 1415587765231254000, -3.6699789, -3.0580068, 0.9197032
1, 1415587765261649000, -0.14080898, -1.1382933, 9.8376255
11, 1415587765262229510, -0.07711792, 0.0026245117, 0.25682068, 0.96336365, -1.0
3, 1415587765263541766, 329.0, -8.467514, 2.588745
9, 1415587765265037127, -0.43809998, -1.4441, 9.6897
4, 1415587765271506000, -2.0169787, -2.4881568, 0.53690314
1, 1415587765301902000, 0.09382278, -1.5596727, 10.436175
11, 1415587765302512713, -0.083969116, -0.00881958, 0.2598114, 0.9619446, -1.0
3, 1415587765303794451, 329.0, -9.564697, 1.5491791
9, 1415587765305320330, -0.2615, -1.6294999, 9.666699
4, 1415587765310966000, -2.0778787, -1.7443067, 0.50645316
1, 1415587765341025000, -0.37544075, -2.095974, 10.685172
11, 1415587765341636248, -0.08732605, -0.011520386, 0.26394653, 0.960495, -1.0
3, 1415587765342429705, 329.0, -10.0130005, 1.3934937
9, 1415587765343284197, -0.2349, -1.7050999, 9.6543
4, 1415587765351432000, -0.7119787, -0.48715654, 0.8414032
1, 1415587765381614000, -0.66753334, -1.7990929, 11.384279
11, 1415587765382224627, -0.08982849, -0.0082092285, 0.2632904, 0.96047974, -1.0
3, 1415587765383048602, 329.0, -10.189484, 1.8356934
9, 1415587765384116717, -0.3093, -1.7348, 9.6469
4, 1415587765391593000, -0.44227868, 0.6394936, -0.09384691
1, 1415587765422813000, -1.1798925, -0.3434183, 12.356325
11, 1415587765423514910, -0.08117676, 0.002105713, 0.26060486, 0.9620209, -1.0
3, 1415587765424521990, 329.0, -8.922256, 2.6911774
9, 1415587765426108904, -0.45479998, -1.5209999, 9.677199
4, 1415587765431815000, 1.4369215, 1.3006936, -0.52014697
1, 1415587765462516000, -1.0841244, 0.45145667, 12.88305
11, 1415587765463218279, -0.0655365, 0.013900757, 0.25801086, 0.96380615, -1.0
3, 1415587765464194842, 329.0, -6.844223, 3.5016022
9, 1415587765465842791, -0.5948, -1.1686, 9.7185
4, 1415587765471183000, 2.6723216, 1.3746436, -0.48099694
1, 1415587765501639000, -1.0745476, 0.9638158, 13.668348
11, 1415587765502250262, -0.05102539, 0.022125244, 0.25683594, 0.96484375, -1.0
3, 1415587765503165789, 330.0, -4.9982147, 3.9672089
9, 1415587765504142352, -0.6759, -0.8544, 9.7458
4, 1415587765511039000, 2.1546717, 0.8004436, -0.21564692
11, 1415587765541373797, -0.04650879, 0.02015686, 0.25746155, 0.96495056, -1.0
3, 1415587765542686053, 329.0, -4.5527496, 3.6161804
9, 1415587765543876238, -0.6166, -0.77849996, 9.7562
1, 1415587765546897000, -0.7249942, -0.03696049, 13.553426
4, 1415587765551505000, 0.23197138, -0.56110656, 0.08450311
11, 1415587765580894061, -0.036117554, 0.017562866, 0.2579651, 0.9653168, -1.0
3, 1415587765582206316, 329.0, -3.4796906, 3.0178833
9, 1415587765583579607, -0.5153, -0.5952, 9.7748995
1, 1415587765585837000, -0.38501757, 0.16415246, 12.729821
4, 1415587765591514000, 1.4108214, -0.91345656, 0.08015311
1, 1415587765626792000, -0.6818986, 0.0923264, 12.346748
11, 1415587765621024676, -0.023269653, 0.017410278, 0.2574005, 0.96585083, -1.0
3, 1415587765622550555, 330.0, -2.0633545, 2.617218
9, 1415587765624137469, -0.4475, -0.3531, 9.79
4, 1415587765630973000, 2.2460215, -0.7655566, -0.111246906
1, 1415587765661002000, -0.37065235, -0.21891981, 11.484836
11, 1415587765661643572, -0.007949829, 0.019119263, 0.25630188, 0.9663696, -1.0
3, 1415587765662437029, 330.0, -0.32026672, 2.3518066
9, 1415587765663261004, -0.4025, -0.054899998, 9.7980995
4, 1415587765670951000, 3.1986716, -0.41320655, -0.17649691
1, 1415587765701652000, -0.4329016, 0.44666827, 10.584616
11, 1415587765702262469, 0.0152282715, 0.026428223, 0.25531006, 0.9663696, -1.0
3, 1415587765703116961, 330.0, 2.4608002, 2.4840393
9, 1415587765704337664, -0.42459998, 0.4209, 9.7883
4, 1415587765711600000, 4.969122, 0.24364352, -0.09384691
1, 1415587765742515000, -0.62443775, 0.121056825, 10.254216
11, 1415587765743217059, 0.034820557, 0.03439331, 0.25471497, 0.9657593, -1.0
3, 1415587765744224139, 330.0, 4.864197, 2.8011017
9, 1415587765745750018, -0.47759998, 0.8315, 9.7595
4, 1415587765751243000, 4.6820216, 0.48724353, 0.019253101
11, 1415587765781974383, 0.055511475, 0.04347229, 0.25367737, 0.9647064, -1.0
3, 1415587765784232684, 330.0, 7.4231873, 3.2215118
9, 1415587765786277361, -0.5466, 1.2669, 9.709
1, 1415587765789298000, -0.7058406, 0.26949733, 9.368361
4, 1415587765791129000, 5.0648217, 0.62209356, -0.032946903
11, 1415587765821128436, 0.075790405, 0.052261353, 0.25253296, 0.96318054, -1.0
3, 1415587765822135516, 330.0, 9.929199, 3.6321564
9, 1415587765823081561, -0.612, 1.6909, 9.6402
1, 1415587765825004000, -0.5765537, 1.0787375, 9.037962
4, 1415587765831473000, 4.7385716, 0.6786436, -0.050346904
1, 1415587765862632000, -0.4568436, 1.3085809, 8.86558
11, 1415587765860770770, 0.075790405, 0.052261353, 0.25253296, 0.96318054, -1.0
3, 1415587765863181658, 330.0, 11.328781, 3.8329468
9, 1415587765864402361, -0.6428, 1.9261999, 9.594
4, 1415587765871787000, 2.7332215, 0.41764355, 0.11060311
1, 1415587765901603000, -0.33234513, 1.3756185, 8.6596775
11, 1415587765902213641, 0.095565796, 0.060180664, 0.25419617, 0.9605255, -1.0
3, 1415587765903464861, 330.0, 12.367783, 3.9349365
9, 1415587765904838152, -0.6573, 2.1002998, 9.556399
4, 1415587765911490000, 2.0937715, 0.38284352, 0.43250313
1, 1415587765943290000, -0.50951606, 1.3085809, 8.92304
11, 1415587765943839617, 0.097473145, 0.060836792, 0.25675964, 0.95961, -1.0
3, 1415587765944846697, 330.0, 12.611877, 3.91951
9, 1415587765946250506, -0.65419996, 2.1411, 9.5476
4, 1415587765951224000, 0.74962145, 0.14359352, 0.57605314
1, 1415587765981620000, -0.32755673, 0.930297, 8.7746
11, 1415587765982230731, 0.09663391, 0.059265137, 0.25975037, 0.9589844, -1.0
3, 1415587765983146258, 330.0, 12.483658, 3.7279663
9, 1415587765984214373, -0.62259996, 2.1197, 9.5545
4, 1415587765990989000, 0.24502139, -0.069556504, 0.6456531
1, 1415587766021476000, -0.64837974, 0.89198977, 9.119365
11, 1415587766022025652, 0.10151672, 0.059814453, 0.26156616, 0.9579468, -1.0
3, 1415587766022758074, 329.0, 13.050735, 3.6195831
9, 1415587766023582049, -0.6031, 2.2143, 9.5341
4, 1415587766031028000, 1.6065716, -0.1391565, 0.50645316
1, 1415587766061576000, -0.5621885, 1.571943, 9.009232
11, 1415587766062186785, 0.11222839, 0.06288147, 0.2610321, 0.9567108, -1.0
3, 1415587766063407488, 329.0, 14.335297, 3.6541443
9, 1415587766064780779, -0.6055, 2.428, 9.4819
4, 1415587766071494000, 2.6636217, 0.039193504, 0.049703103
1, 1415587766101584000, -0.8590695, 2.0364182, 8.994866
11, 1415587766102195330, 0.12850952, 0.0716095, 0.2585907, 0.9547119, -1.0
3, 1415587766103477068, 330.0, 16.406158, 4.201172
9, 1415587766104850359, -0.6892, 2.7696998, 9.3819
4, 1415587766110953000, 4.0338717, 0.70474356, -0.31134692
1, 1415587766141318000, -0.9931448, 3.5830724, 9.306112
11, 1415587766141929217, 0.14735413, 0.08331299, 0.2548828, 0.95202637, -1.0
3, 1415587766142753191, 330.0, 18.848343, 5.062683
9, 1415587766143973895, -0.81909996, 3.1680999, 9.2444
4, 1415587766151511000, 4.2209215, 1.1440936, -0.602797
1, 1415587766181724000, -0.9979332, 2.9270613, 8.913464
11, 1415587766182334490, 0.15318298, 0.09059143, 0.2528534, 0.95098877, -1.0
3, 1415587766183127947, 331.0, 19.705124, 5.7819977
9, 1415587766184531756, -0.93009996, 3.3065, 9.1853
4, 1415587766191611000, 1.7153215, 1.0222936, -0.42879695
1, 1415587766222495000, -0.96920276, 3.4681509, 8.6836195
11, 1415587766223197527, 0.16017151, 0.09727478, 0.25221252, 0.9493408, -1.0
3, 1415587766224204607, 331.0, 20.684204, 6.37706
9, 1415587766226005145, -1.0189999, 3.4638, 9.1177
4, 1415587766231223000, 1.6848716, 0.9483436, -0.12864691
1, 1415587766262473000, -0.95004916, 3.401113, 8.59264
11, 1415587766263206072, 0.16397095, 0.102752686, 0.25238037, 0.94807434, -1.0
3, 1415587766264213152, 331.0, 21.272629, 6.9072266
9, 1415587766265250750, -1.099, 3.5577, 9.072
4, 1415587766271232000, 1.0410714, 0.93964356, -0.024246901
1, 1415587766301719000, -1.0841244, 3.281403, 8.132954
11, 1415587766302390643, 0.16851807, 0.107681274, 0.25302124, 0.94654846, -1.0
3, 1415587766303428240, 331.0, 21.933548, 7.344803
9, 1415587766304587908, -1.1629, 3.6629, 9.0220995
4, 1415587766311027000, 1.1802715, 0.7569436, 0.14105311
1, 1415587766341422000, -1.1559505, 3.4442089, 7.6924205
11, 1415587766342032977, 0.1739502, 0.110946655, 0.2541046, 0.9449005, -1.0
3, 1415587766343314715, 331.0, 22.652313, 7.550461
9, 1415587766344688006, -1.1893, 3.7768, 8.9716
4, 1415587766351554000, 1.1541715, 0.35674354, 0.31505314
1, 1415587766381644000, -0.94526076, 2.970157, 6.796989
11, 1415587766382407732, 0.17384338, 0.109573364, 0.25569153, 0.9446564, -1.0
3, 1415587766383658953, 331.0, 22.613312, 7.3511353
9, 1415587766385032244, -1.1582999, 3.7707, 8.9782
4, 1415587766391471000, -0.17257865, -0.23050652, 0.37160313
1, 1415587766421897000, -1.079336, 2.5631425, 6.490531
11, 1415587766422507830, 0.17051697, 0.10585022, 0.25679016, 0.9453888, -1.0
3, 1415587766423789568, 330.0, 22.134674, 6.9798584
9, 1415587766425315447, -1.104, 3.6948, 9.0164995
4, 1415587766430961000, -0.8424787, -0.6568065, 0.29330313
1, 1415587766460990000, -1.079336, 2.567931, 5.6765027
11, 1415587766461600848, 0.17051697, 0.10585022, 0.25679016, 0.9453888, -1.0
3, 1415587766462424822, 330.0, 21.484833, 6.416794
9, 1415587766463279314, -1.0199, 3.5916, 9.068
4, 1415587766471030000, -1.3122787, -1.0700566, -0.028596902
1, 1415587766501609000, -0.84949267, 2.1896472, 6.1601315
11, 1415587766502219744, 0.15786743, 0.09057617, 0.2554016, 0.9495392, -1.0
3, 1415587766503318377, 330.0, 20.248566, 5.589432
9, 1415587766504691668, -0.8961, 3.3939, 9.1567
4, 1415587766511558000, -2.1518288, -1.5137566, -0.1460469
1, 1415587766541617000, -0.7297826, 2.3811831, 6.0883055
11, 1415587766542197772, 0.14788818, 0.080459595, 0.2534485, 0.9525757, -1.0
3, 1415587766543357439, 330.0, 18.81784, 4.746231
9, 1415587766544700213, -0.768, 3.1631, 9.2505
4, 1415587766552238000, -2.669479, -1.4746066, -0.43749693
1, 1415587766585715000, -0.9021651, 1.1409868, 7.5152497
11, 1415587766586356707, 0.13024902, 0.0690155, 0.2510376, 0.9566803, -1.0
3, 1415587766587180682, 331.0, 16.491653, 3.986786
9, 1415587766588340350, -0.65389997, 2.7838, 9.3803
4, 1415587766591300000, -3.569929, -1.6399066, -0.524497
1, 1415587766621451000, -0.9021651, 1.5815198, 7.721151
11, 1415587766630759783, 0.12362671, 0.058792114, 0.24879456, 0.9588165, -1.0
3, 1415587766631583758, 331.0, 15.447067, 3.046692
9, 1415587766632438250, -0.5024, 2.6118999, 9.4389
4, 1415587766634147000, -1.5645788, -1.7834567, -0.34179693
1, 1415587766661613000, -0.48078564, 0.7435493, 9.057116
4, 1415587766674125000, 1.3673215, -2.2228067, -0.19824691
11, 1415587766670981951, 0.12786865, 0.051193237, 0.24588013, 0.9594574, -1.0
3, 1415587766672355242, 331.0, 15.697327, 2.105835
9, 1415587766674705096, -0.347, 2.6532, 9.4345
1, 1415587766701621000, -1.2038345, 2.6301801, 9.267805
4, 1415587766712760000, 5.782572, -2.8013568, 0.31070313
11, 1415587766713462420, 0.15689087, 0.045654297, 0.24386597, 0.9559326, -1.0
3, 1415587766714469500, 331.0, 18.79805, 0.6520233
9, 1415587766715476580, -0.10569999, 3.1597998, 9.2829
1, 1415587766742606000, 0.036361936, 5.704335, 9.646089
4, 1415587766752463000, 4.0643215, -2.7665567, 0.7239532
11, 1415587766753165789, 0.18356323, 0.03843689, 0.24383545, 0.95150757, -1.0
3, 1415587766754172869, 331.0, 21.597107, -1.0083008
9, 1415587766755179949, 0.1604, 3.6095, 9.1166
4, 1415587766791434000, -3.687379, -3.0319068, 1.1763532
11, 1415587766792075701, 0.16929626, 0.017181396, 0.24751282, 0.95381165, -1.0
3, 1415587766792869158, 330.0, 19.358475, -3.1007233
9, 1415587766793754168, 0.5003, 3.2505, 9.2386
1, 1415587766821464000, 1.0802339, 3.3244987, 10.527155
4, 1415587766831779000, -3.687379, -1.8182566, 1.2024533
11, 1415587766832358904, 0.15460205, 0.0026397705, 0.25196838, 0.95529175, -1.0
3, 1415587766833671160, 329.0, 17.260864, -4.375839
9, 1415587766835074969, 0.7145, 2.9097998, 9.3376
1, 1415587766861564000, 1.0515034, 2.6349685, 9.91424
4, 1415587766871818000, -5.8580294, -0.74380654, 0.7631032
11, 1415587766872397967, 0.12863159, -0.00932312, 0.25500488, 0.9582977, -1.0
3, 1415587766873649188, 329.0, 13.992752, -4.9370117
9, 1415587766875022479, 0.8188, 2.3711, 9.4802
1, 1415587766902762000, 1.1807903, 1.7347487, 10.733057
4, 1415587766912284000, -6.3930793, -0.2522565, 0.8762032
11, 1415587766912986346, 0.09829712, -0.01914978, 0.25856018, 0.9607849, -1.0
3, 1415587766913993426, 329.0, 10.310883, -5.11084
9, 1415587766915000506, 0.85929996, 1.7551999, 9.609799
1, 1415587766941337000, 0.9413702, 1.7347487, 10.100987
4, 1415587766951011000, -6.162529, 0.30454352, 0.6456531
11, 1415587766951621600, 0.06913757, -0.026306152, 0.26106262, 0.96247864, -1.0
3, 1415587766952415057, 329.0, 6.854843, -5.0131683
9, 1415587766953635760, 0.8506, 1.1704, 9.6992
1, 1415587766981589000, 1.1041759, 1.2894273, 10.522367
4, 1415587766991660000, -7.711129, -0.2914065, 1.0197532
11, 1415587766992240496, 0.032424927, -0.037765503, 0.26461792, 0.9630585, -1.0
3, 1415587766993491717, 329.0, 2.4344635, -5.1633606
9, 1415587766994895525, 0.88159996, 0.4164, 9.757999
4, 1415587767031272000, -4.287679, 0.68734354, 0.9240532
11, 1415587767031913348, 0.01361084, -0.040603638, 0.26811218, 0.9624176, -1.0
3, 1415587767032706805, 328.0, 0.25506592, -4.903076
9, 1415587767033561297, 0.83809996, 0.0435, 9.7705
1, 1415587767061545000, 1.1903671, 0.9350854, 10.54152
4, 1415587767071677000, -6.9759793, 1.2006437, 0.46295315
11, 1415587767072257586, -0.021148682, -0.04508972, 0.2688141, 0.9618988, -1.0
3, 1415587767073569842, 328.0, -3.7229614, -4.332367
9, 1415587767074973650, 0.7392, -0.6368, 9.7578
4, 1415587767111014000, -2.5998788, 2.4360437, 0.28895313
11, 1415587767111655779, -0.035079956, -0.037734985, 0.26922607, 0.9616852, -1.0
3, 1415587767112449236, 328.0, -5.037033, -3.0899658
9, 1415587767113303729, 0.5265, -0.86109996, 9.754399
1, 1415587767140983000, 0.99404263, -0.39130235, 10.27337
4, 1415587767151237000, -1.2992288, 3.6975439, -0.53754693
11, 1415587767151847430, -0.043518066, -0.02079773, 0.2658081, 0.96281433, -1.0
3, 1415587767153190203, 329.0, -5.4436035, -0.9740448
9, 1415587767154044695, 0.16589999, -0.93039995, 9.761
1, 1415587767181174000, -0.040252518, -0.07047931, 11.767352
4, 1415587767192130000, 1.2585715, 4.1020937, -1.259647
11, 1415587767192771502, -0.041748047, 6.866455E-4, 0.2591095, 0.9649353, -1.0
3, 1415587767193625994, 329.0, -4.600891, 1.3199921
9, 1415587767195060320, -0.2252, -0.7866, 9.7723
1, 1415587767221824000, -0.4664204, -0.52058923, 12.978818
4, 1415587767231986000, 4.847322, 4.519694, -2.029597
11, 1415587767232596941, -0.019882202, 0.030426025, 0.24862671, 0.96791077, -1.0
3, 1415587767233665057, 331.0, -1.3386841, 3.9467773
9, 1415587767235251971, -0.6748, -0.22919999, 9.7806
4, 1415587767271018000, 4.386222, 2.8927937, -1.6554971
11, 1415587767271628924, 8.544922E-4, 0.05050659, 0.2399292, 0.96946716, -1.0
3, 1415587767272452898, 332.0, 1.4842224, 5.5992126
9, 1415587767273307391, -0.95659995, 0.2539, 9.756499
1, 1415587767301841000, -1.2708722, 1.8113632, 11.025149
4, 1415587767311271000, 2.5374715, 1.4398936, -0.83334696
11, 1415587767311881609, 0.013076782, 0.060562134, 0.23542786, 0.96990967, -1.0
3, 1415587767312705584, 332.0, 3.0901184, 6.4010468
9, 1415587767313987322, -1.0917, 0.52849996, 9.7312
4, 1415587767352836000, 1.3847215, 0.40459353, -0.38094693
11, 1415587767353416033, 0.019180298, 0.06321716, 0.23326111, 0.9701538, -1.0
3, 1415587767354423113, 333.0, 3.8267822, 6.544235
9, 1415587767355460711, -1.1151999, 0.6543, 9.7209
1, 1415587767382590000, -0.84949267, 0.90635496, 9.555109
4, 1415587767392234000, 0.6452214, -0.017356502, -0.27654693
11, 1415587767392936297, 0.022628784, 0.064208984, 0.23176575, 0.9703827, -1.0
3, 1415587767393912859, 333.0, 4.226013, 6.5727386
9, 1415587767395255633, -1.1194999, 0.7226, 9.7156
1, 1415587767422416000, -1.1846809, 0.90635496, 9.7657995
4, 1415587767432334000, -0.9338287, -0.56545657, -0.085146904
11, 1415587767433036395, 0.018432617, 0.059906006, 0.23158264, 0.9707794, -1.0
3, 1415587767434043475, 333.0, 3.6434174, 6.1997375
9, 1415587767435050555, -1.0569999, 0.62299997, 9.7295
4, 1415587767471763000, -1.7342287, -0.59155655, 0.08450311
11, 1415587767472373553, 0.012878418, 0.055480957, 0.23252869, 0.97091675, -1.0
3, 1415587767473502703, 333.0, 2.9140778, 5.848053
9, 1415587767474631854, -0.99789995, 0.49839997, 9.7429
1, 1415587767501487000, -0.8686463, 1.25112, 8.86558
4, 1415587767511680000, -8.054779, -1.2092566, 0.40205315
11, 1415587767512321063, -0.024215698, 0.04058838, 0.23634338, 0.97050476, -1.0
3, 1415587767513114520, 332.0, -1.594986, 5.180435
9, 1415587767514091082, -0.88519996, -0.273, 9.7628
1, 1415587767541587000, -1.0841244, -0.72170216, 9.023597
4, 1415587767551627000, -11.24333, -1.0483066, 0.47600314
11, 1415587767552238055, -0.0758667, 0.023025513, 0.24064636, 0.96736145, -1.0
3, 1415587767553611346, 331.0, -7.7994843, 4.693741
9, 1415587767554984637, -0.7951, -1.3307999, 9.6831
1, 1415587767581779000, -1.2277765, -0.482282, 8.990078
4, 1415587767591941000, -18.99938, -1.6877567, 0.89795315
11, 1415587767592551775, -0.16342163, -0.0068359375, 0.24661255, 0.9552002, -1.0
3, 1415587767593986102, 330.0, -18.396606, 4.0816193
9, 1415587767595695086, -0.6624, -3.0949, 9.281799
1, 1415587767621268000, -1.0027215, -3.3505356, 8.520814
4, 1415587767631003000, -21.522379, -2.5099068, 1.7549032
11, 1415587767631614275, -0.26023865, -0.043151855, 0.2545929, 0.9303589, -1.0
3, 1415587767632438250, 328.0, -30.412888, 3.471283
9, 1415587767633292742, -0.5122, -4.9645, 8.4416
1, 1415587767661582000, -0.39459437, -5.8979664, 8.027609
4, 1415587767671653000, -19.830229, -2.3489568, 1.2677032
11, 1415587767672233172, -0.34692383, -0.076690674, 0.2578888, 0.898468, -1.0
3, 1415587767673667498, 326.0, -41.527145, 3.1486206
9, 1415587767675040789, -0.4032, -6.5016, 7.3304
1, 1415587767701499000, -0.53824645, -7.377583, 6.638972
4, 1415587767712791000, -18.990679, -2.5621066, 0.58910316
11, 1415587767713492938, -0.42593384, -0.110565186, 0.2565155, 0.86053467, -1.0
3, 1415587767714500018, 325.0, -52.16931, 2.6366577
9, 1415587767716117449, -0.2768, -7.7455997, 6.0081997
1, 1415587767742423000, -0.23657705, -7.4541974, 3.1673791
4, 1415587767752311000, -23.04488, -2.9753568, 0.09755311
11, 1415587767753013201, -0.5165405, -0.15107727, 0.24890137, 0.80522156, -1.0
3, 1415587767753989764, 324.0, -65.1071, 1.8833618
9, 1415587767755851336, -0.1357, -8.895599, 4.1254997
4, 1415587767792136000, -23.83223, -2.7317567, -0.41139695
11, 1415587767792777606, -0.60317993, -0.19094849, 0.23469543, 0.7379761, -1.0
3, 1415587767793601580, 324.0, -78.49774, 0.37617493
9, 1415587767794669695, -0.0128, -9.6097, 1.9554
1, 1415587767821586000, 0.31887773, -9.010428, 0.7636007
4, 1415587767831657000, -24.76313, -2.1967068, -0.894247
11, 1415587767832206316, -0.68510437, -0.22868347, 0.21282959, 0.65805054, -1.0
3, 1415587767833243914, 131.0, -92.54053, -12.161255
9, 1415587767834617205, 0.0914, -9.797, -0.4249
1, 1415587767861228000, 0.31887773, -10.5858135, -2.5787048
4, 1415587767871696000, -22.31843, -0.9613066, -0.802897
11, 1415587767872306414, -0.7508545, -0.25637817, 0.18713379, 0.5791626, -1.0
3, 1415587767873618670, 139.0, -105.04355, -3.521576
9, 1415587767874961443, 0.15619999, -9.470699, -2.5405
1, 1415587767901542000, 0.3954922, -9.206753, -3.1820438
4, 1415587767911643000, -19.530079, -0.43060654, -0.724597
11, 1415587767912253924, -0.8014679, -0.2770996, 0.16108704, 0.5048523, -1.0
3, 1415587767913199969, 140.0, -116.03006, -2.8165894
9, 1415587767914054461, 0.21139999, -8.811999, -4.2984
1, 1415587767941001000, 0.6205472, -9.647286, -5.513996
4, 1415587767951194000, -16.537281, -0.008656501, -0.45924693
11, 1415587767951926775, -0.8385925, -0.29093933, 0.13720703, 0.43962097, -1.0
3, 1415587767953055926, 140.0, -125.19495, -2.5547485
9, 1415587767953910418, 0.2518, -8.0139, -5.6464996
1, 1415587767980979000, 0.5199907, -9.321674, -4.8627734
4, 1415587767990989000, -9.559879, -0.043456502, -0.972547
11, 1415587767991599627, -0.8567505, -0.30107117, 0.12164307, 0.40063477, -1.0
3, 1415587767992393084, 139.0, -130.5563, -2.8931427
9, 1415587767993247576, 0.3217, -7.4508996, -6.3680997
1, 1415587768020988000, 0.2757821, -8.8572, -7.204303
4, 1415587768030906000, -4.6139293, 0.21319352, -1.207447
11, 1415587768031547137, -0.86338806, -0.30815125, 0.11199951, 0.3834381, -1.0
3, 1415587768032371111, 139.0, -133.0152, -3.6063995
9, 1415587768033225604, 0.42069998, -7.1703997, -6.6768
1, 1415587768061942000, 0.43379942, -8.1102085, -6.7925
4, 1415587768070975000, 0.4538214, 0.31759351, -0.681097
11, 1415587768071586199, -0.8601532, -0.30940247, 0.11160278, 0.3897705, -1.0
3, 1415587768073234148, 138.0, -132.30106, -4.193283
9, 1415587768075431414, 0.4825, -7.2532, -6.5825
1, 1415587768100974000, 0.3954922, -9.082254, -6.0311437
4, 1415587768110984000, 8.170722, 0.23929352, -0.15039691
11, 1415587768111625262, -0.8432007, -0.3045807, 0.12309265, 0.4255066, -1.0
3, 1415587768112418719, 137.0, -127.57251, -4.8553467
9, 1415587768113303729, 0.506, -7.7725997, -5.9584
1, 1415587768141135000, 0.4385878, -11.011981, -5.5092077
4, 1415587768151176000, 18.171373, 0.22624353, -0.028596902
11, 1415587768151816912, -0.8023834, -0.29203796, 0.14875793, 0.49874878, -1.0
3, 1415587768152640887, 136.0, -117.46713, -6.54599
9, 1415587768153495379, 0.5155, -8.7012, -4.4937
1, 1415587768181022000, 0.2614169, -10.360758, -5.633706
4, 1415587768191001000, 22.221224, 0.97879356, 0.11060311
11, 1415587768191611834, -0.74549866, -0.2718048, 0.17549133, 0.58270264, -1.0
3, 1415587768192435809, 130.0, -105.372116, -11.995819
9, 1415587768193290301, 0.5401, -9.4558, -2.5428998
1, 1415587768221122000, 0.64448917, -9.27379, -5.245846
4, 1415587768231284000, 15.235123, 2.4403937, 0.13235311
1, 1415587768261008000, 0.2805705, -8.952968, -2.0280385
11, 1415587768231925555, -0.70269775, -0.2505951, 0.18669128, 0.63916016, -1.0
3, 1415587768233024188, 116.0, -97.30661, -27.111206
9, 1415587768234916277, 0.5683, -9.726999, -1.1103
4, 1415587768270988000, 8.035872, 2.3968937, 0.1584531
11, 1415587768271598406, -0.6794586, -0.23513794, 0.18850708, 0.6689453, -1.0
3, 1415587768272422381, 85.0, -93.8736, -59.869217
9, 1415587768273246356, 0.5729, -9.7843, -0.3326
1, 1415587768300956000, 0.88869774, -11.141268, -0.68249714
11, 1415587768311606951, -0.63801575, -0.21559143, 0.1943512, 0.7131958, -1.0
3, 1415587768312461443, 358.0, -83.665726, -32.65706
9, 1415587768313315936, 0.5837, -9.746699, 0.9108
4, 1415587768310996000, 12.929623, 2.3968937, -0.17649691
11, 1415587768351798602, -0.56314087, -0.18617249, 0.2060852, 0.77827454, -1.0
3, 1415587768352622576, 338.0, -72.423874, -11.010895
9, 1415587768353721209, 0.5654, -9.3489, 2.9067
1, 1415587768340995000, 0.7067384, -10.691158, 0.42841247
4, 1415587768351188000, 21.190275, 2.6622438, -0.34614694
1, 1415587768381003000, 0.55350953, -10.279355, 3.1147068
4, 1415587768391196000, 34.309875, 2.7970936, -0.66804695
11, 1415587768391868182, -0.4296875, -0.14111328, 0.2237854, 0.8633423, -1.0
3, 1415587768393180438, 333.0, -53.62065, -4.966812
9, 1415587768394095965, 0.5035, -7.8953996, 5.7946997
1, 1415587768421775000, 0.5487211, -8.459762, 3.449895
4, 1415587768430991000, 35.475674, 4.171694, -1.524997
11, 1415587768431602068, -0.27822876, -0.086242676, 0.22966003, 0.9286499, -1.0
3, 1415587768432456561, 332.0, -33.807022, -2.2336273
9, 1415587768433311053, 0.3175, -5.4565, 8.1421995
1, 1415587768460990000, 0.09382278, -2.3258173, 5.762694
4, 1415587768471335000, 19.837423, 2.9449937, -1.690297
11, 1415587768471946307, -0.19146729, -0.052719116, 0.22521973, 0.95384216, -1.0
3, 1415587768472800799, 333.0, -22.89418, -0.89198303
9, 1415587768473655291, 0.1405, -3.8151, 9.033
1, 1415587768500968000, -0.3084031, -6.5922847, 8.137742
4, 1415587768510978000, 19.950523, 3.6496937, -2.151397
11, 1415587768511588641, -0.09957886, -0.015136719, 0.21588135, 0.9711914, -1.0
3, 1415587768512382098, 334.0, -11.535751, 0.7944336
9, 1415587768513206072, -0.13329999, -1.9611, 9.6076
1, 1415587768540977000, -0.27009588, 1.1697172, 8.209568
4, 1415587768550895000, 15.5222225, 2.7231438, -1.5467471
11, 1415587768551505633, -0.03050232, 0.01171875, 0.2076416, 0.9776459, -1.0
3, 1415587768552268572, 335.0, -3.1409912, 2.043457
9, 1415587768553062029, -0.34919998, -0.5373, 9.7855
1, 1415587768581016000, 1.72188, -4.2890625, 7.54398
4, 1415587768590995000, 18.419325, 5.024294, -2.033947
11, 1415587768591575213, 0.05458069, 0.055511475, 0.1952362, 0.9776459, -1.0
3, 1415587768592429705, 337.0, 7.3775635, 5.046646
9, 1415587768593253680, -0.8556, 1.2592, 9.6876
1, 1415587768620902000, -2.4536078, 5.345205, 8.185626
4, 1415587768631187000, 5.2301216, 2.7187936, -1.542397
11, 1415587768631797381, 0.07392883, 0.07376099, 0.18693542, 0.9767914, -1.0
3, 1415587768632590838, 338.0, 9.906326, 6.7899933
9, 1415587768633414813, -1.1421, 1.6869999, 9.5926
1, 1415587768661033000, -1.2229881, 0.58074355, 9.205556
4, 1415587768670951000, 4.1469717, 2.8492937, -1.768597
11, 1415587768671561785, 0.0927887, 0.09315491, 0.17797852, 0.97520447, -1.0
3, 1415587768672324725, 340.0, 12.365173, 8.75412
9, 1415587768673179217, -1.4578999, 2.0997999, 9.4674
1, 1415587768700950000, -1.7928082, 3.041983, 9.172037
4, 1415587768711234000, -0.7293787, 1.8705437, -1.063897
11, 1415587768711814471, 0.09022522, 0.103775024, 0.1741333, 0.97506714, -1.0
3, 1415587768712638445, 340.0, 12.245819, 10.075256
9, 1415587768713492938, -1.6766, 2.0799, 9.435599
1, 1415587768740928000, -2.171092, 3.3723826, 9.2007675
4, 1415587768751304000, -7.3935795, 0.8700436, -0.059046905
11, 1415587768752189227, 0.056350708, 0.10243225, 0.17802429, 0.9770508, -1.0
3, 1415587768753013201, 340.0, 8.430481, 10.490921
9, 1415587768753898211, -1.7663, 1.4376999, 9.5385
1, 1415587768780906000, -2.2524948, 5.105785, 7.989301
4, 1415587768790977000, -23.614729, -0.8960566, 1.5374032
11, 1415587768791587420, -0.05441284, 0.07711792, 0.19570923, 0.97610474, -1.0
3, 1415587768792380877, 336.0, -4.361557, 9.924652
9, 1415587768793174334, -1.6853, -0.7459, 9.6318
1, 1415587768820945000, -2.1375732, 0.006135142, 8.238298
4, 1415587768830924000, -32.91503, -2.9492567, 3.1773534
11, 1415587768831534930, -0.20637512, 0.031326294, 0.22099304, 0.95266724, -1.0
3, 1415587768832328387, 332.0, -22.29483, 9.388062
9, 1415587768833121844, -1.4801999, -3.7203999, 8.9519
1, 1415587768860953000, -1.0745476, -6.060772, 8.535179
4, 1415587768870902000, -29.13923, -3.1928568, 2.6292534
11, 1415587768871512957, -0.3365631, -0.012710571, 0.23823547, 0.9109192, -1.0
3, 1415587768872336932, 327.0, -38.261185, 10.062698
9, 1415587768873130389, -1.3455, -6.0727, 7.5815997
1, 1415587768900992000, -1.4001591, -9.053524, 6.9214873
4, 1415587768911002000, -22.81433, -3.6017568, 1.0893532
11, 1415587768911613055, -0.4322815, -0.05380249, 0.24572754, 0.865921, -1.0
3, 1415587768912437029, 323.0, -50.815445, 10.881287
9, 1415587768913291522, -1.1697, -7.6011996, 6.0845
1, 1415587768942679000, -0.76330143, -9.944167, 5.848885
4, 1415587768952170000, -17.04623, -3.3712068, -0.24174692
11, 1415587768952872820, -0.49917603, -0.088974, 0.24632263, 0.82595825, -1.0
3, 1415587768953879900, 320.0, -60.279755, 11.509506
9, 1415587768955741473, -0.9701, -8.5167, 4.764
1, 1415587768982657000, -0.7872434, -8.287379, 3.4594717
4, 1415587768992179000, -17.13323, -3.1972067, -0.82029694
11, 1415587768992881365, -0.5627899, -0.12440491, 0.24224854, 0.7804413, -1.0
3, 1415587768993888445, 316.0, -69.841415, 13.166611
9, 1415587768994926043, -0.7698, -9.205999, 3.2905998
1, 1415587769022666000, -0.4329016, -8.306533, 1.6733973
4, 1415587769032126000, -19.24733, -2.4881568, -0.602797
11, 1415587769032828875, -0.63101196, -0.15805054, 0.2336731, 0.722641, -1.0
3, 1415587769033835955, 304.0, -80.36174, 23.387558
9, 1415587769035850115, -0.6518, -9.6682, 1.507
1, 1415587769061606000, -0.28924948, -9.015217, -0.47180736
4, 1415587769071372000, -18.90803, -1.7573566, -0.29394692
11, 1415587769071982928, -0.6932068, -0.18623352, 0.22221375, 0.65982056, -1.0
3, 1415587769072837420, 210.0, -93.97769, 63.938766
9, 1415587769073752947, -0.61109996, -9.7831, -0.29889998
1, 1415587769101523000, -0.45205522, -9.992051, -1.5731401
4, 1415587769112021000, -16.29803, -1.0483066, 0.041003104
11, 1415587769112632342, -0.7429199, -0.20655823, 0.21031189, 0.60095215, -1.0
3, 1415587769113730975, 164.0, -101.525894, 18.748138
9, 1415587769115134783, -0.62979996, -9.6089, -1.8556
1, 1415587769141593000, -0.9117419, -8.866776, -2.9809308
4, 1415587769151603000, -16.42853, -0.8177566, 0.24110313
11, 1415587769152366229, -0.78848267, -0.22439575, 0.19656372, 0.53785706, -1.0
3, 1415587769153647967, 156.0, -110.54234, 11.270538
9, 1415587769155051775, -0.6726, -9.1831, -3.3748999
1, 1415587769181815000, -0.65316814, -8.938602, -4.4126635
4, 1415587769191947000, -16.43723, -0.58720654, 0.28460312
11, 1415587769192557879, -0.8287201, -0.23970032, 0.18125916, 0.4721222, -1.0
3, 1415587769193748064, 152.0, -119.60791, 8.625519
9, 1415587769195334979, -0.7267, -8.526199, -4.7903
1, 1415587769221396000, -1.2756606, -9.489269, -4.709544
4, 1415587769231956000, -11.40428, -1.3354067, -0.37224692
11, 1415587769232566424, -0.8518677, -0.25402832, 0.17218018, 0.4243927, -1.0
3, 1415587769233329363, 150.0, -125.84891, 7.6282196
9, 1415587769234214373, -0.7624, -7.949, -5.6924996
1, 1415587769261497000, -0.6100725, -9.297732, -5.6480713
4, 1415587769271628000, -4.653079, -1.5224566, -0.972547
11, 1415587769272208758, -0.8594208, -0.26509094, 0.170578, 0.40249634, -1.0
3, 1415587769273521014, 149.0, -128.52965, 7.36145
9, 1415587769274924822, -0.7827, -7.6716, -6.0585
1, 1415587769301597000, -0.93089557, -7.353641, -6.495619
4, 1415587769311973000, -3.813529, -1.9400567, -1.155247
11, 1415587769312552996, -0.86309814, -0.27696228, 0.17144775, 0.3859253, -1.0
3, 1415587769313804217, 147.0, -130.43138, 7.279892
9, 1415587769315177508, -0.8059, -7.4645996, -6.3086996
1, 1415587769341819000, -0.74414784, -8.8188925, -6.864326
4, 1415587769351951000, -0.20737866, -1.3354067, -1.329247
11, 1415587769352561541, -0.8587189, -0.28504944, 0.17514038, 0.38813782, -1.0
3, 1415587769353385516, 146.0, -129.96236, 7.1120605
9, 1415587769354789324, -0.77989995, -7.5165, -6.2502
1, 1415587769381431000, -0.7872434, -10.80608, -6.8691144
4, 1415587769391532000, 6.839622, -0.58720654, -1.681597
11, 1415587769392142840, -0.84065247, -0.28689575, 0.1847229, 0.42051697, -1.0
3, 1415587769393058367, 145.0, -125.60559, 6.8348694
9, 1415587769394157000, -0.6795, -7.9732, -5.6689997
1, 1415587769421500000, -0.73935944, -11.265766, -6.2418337
4, 1415587769431571000, 12.925273, -0.034756504, -1.794697
11, 1415587769432151385, -0.80940247, -0.28196716, 0.19918823, 0.47503662, -1.0
3, 1415587769433433123, 145.0, -118.195175, 6.6335754
9, 1415587769434623309, -0.5352, -8.643, -4.6024
1, 1415587769461631000, -0.66753334, -11.4142065, -4.5084314
4, 1415587769471641000, 16.949022, 0.32194352, -1.7033471
11, 1415587769472220965, -0.7653961, -0.2705841, 0.21647644, 0.5422821, -1.0
3, 1415587769473228045, 145.0, -108.68561, 6.797165
9, 1415587769474601336, -0.3718, -9.2898, -3.1197
1, 1415587769501792000, -0.3084031, -10.892271, -4.0822635
4, 1415587769511924000, 17.827723, 1.2180436, -1.0116969
11, 1415587769512534686, -0.71539307, -0.2513733, 0.23182678, 0.60931396, -1.0
3, 1415587769513358660, 149.0, -98.748856, 9.596237
9, 1415587769514792986, -0.24859999, -9.692599, -1.4706999
1, 1415587769541434000, -0.10250176, -9.613768, -1.8652327
4, 1415587769551414000, 18.019123, 2.2185438, -0.40269694
11, 1415587769552024432, -0.6613922, -0.22511292, 0.24377441, 0.6726227, -1.0
3, 1415587769552787371, 281.0, -88.23476, 39.572937
9, 1415587769553947039, -0.1925, -9.802, 0.23279999
1, 1415587769581473000, 0.13213001, -11.888259, -0.70165074
4, 1415587769591666000, 23.304375, 2.7753437, -0.40269694
11, 1415587769592246600, -0.5848999, -0.18882751, 0.25697327, 0.7457733, -1.0
3, 1415587769593497820, 318.0, -75.807724, 4.4353485
9, 1415587769594901629, -0.1859, -9.507299, 2.3969998
1, 1415587769621604000, 0.20395605, -9.843611, -0.45265377
4, 1415587769631583000, 22.525724, 3.597494, -0.5288469
11, 1415587769632346697, -0.50393677, -0.14794922, 0.26390076, 0.80900574, -1.0
3, 1415587769633536883, 321.0, -63.313904, 3.3949127
9, 1415587769634940691, -0.2608, -8.7621, 4.3963
1, 1415587769661826000, -0.38980597, -6.9466267, 2.6598084
4, 1415587769671989000, 17.366623, 3.793244, -1.0116969
11, 1415587769672599383, -0.43856812, -0.11268616, 0.26202393, 0.8522186, -1.0
3, 1415587769673423357, 323.0, -53.765274, 3.6616058
9, 1415587769674857684, -0.37019998, -7.9101, 5.7846
1, 1415587769701011000, -0.61486095, -9.810092, 5.0348563
4, 1415587769711234000, 25.279274, 3.4887438, -1.5293471
11, 1415587769711844988, -0.33461, -0.06869507, 0.25994873, 0.9031677, -1.0
3, 1415587769712638445, 326.0, -39.80368, 3.7222748
9, 1415587769713676043, -0.48909998, -6.2777996, 7.5179
1, 1415587769741477000, -0.13602059, -4.9833813, 4.421941
4, 1415587769751639000, 24.626774, 4.0107436, -2.203597
11, 1415587769752250262, -0.22970581, -0.02279663, 0.25004578, 0.9403076, -1.0
3, 1415587769753074236, 329.0, -26.320953, 4.6075897
9, 1415587769753928729, -0.7061, -4.3483, 8.7614
1, 1415587769781577000, -1.5629648, -5.7016416, 6.715586
4, 1415587769791587000, 25.596825, 4.323944, -1.9164971
11, 1415587769792197772, -0.11495972, 0.02670288, 0.2374115, 0.9642029, -1.0
3, 1415587769793448992, 331.0, -12.064896, 6.229309
9, 1415587769794791766, -1.0407, -2.0498, 9.5334
1, 1415587769821830000, -1.3666402, 0.30301616, 7.2518873
4, 1415587769831901000, 16.714123, 3.0276437, -1.7337971
11, 1415587769832511492, -0.041763306, 0.058624268, 0.22439575, 0.9718323, -1.0
3, 1415587769833365984, 333.0, -3.1460571, 7.637726
9, 1415587769834647723, -1.3015, -0.53819996, 9.7048
1, 1415587769861381000, -0.8686463, -4.0496426, 8.08507
4, 1415587769871024000, 15.165523, 3.7279937, -2.2340472
11, 1415587769872062273, 0.02645874, 0.09336853, 0.20805359, 0.97328186, -1.0
3, 1415587769873130389, 336.0, 5.1851654, 9.872223
9, 1415587769874198504, -1.6745, 0.8861, 9.621799
1, 1415587769900901000, -2.8654106, 2.5248353, 8.257452
4, 1415587769911063000, 7.161522, 2.1924436, -1.8903971
11, 1415587769911796160, 0.057861328, 0.111694336, 0.19592285, 0.97250366, -1.0
3, 1415587769912681170, 338.0, 8.994247, 11.361267
9, 1415587769913535662, -1.9081, 1.533, 9.496099
1, 1415587769940940000, -2.324321, 2.2375312, 8.89431
4, 1415587769950980000, 3.6728218, 1.5312437, -1.5858971
11, 1415587769951591082, 0.076187134, 0.12477112, 0.18692017, 0.9714203, -1.0
3, 1415587769952384539, 339.0, 11.227005, 12.598251
9, 1415587769953208514, -2.098, 1.9092, 9.3873
1, 1415587769982505000, -2.6595092, 3.353229, 9.598205
4, 1415587769992454000, 0.24067138, 0.5176935, -0.67239696
11, 1415587769993186541, 0.079956055, 0.1293335, 0.18399048, 0.9710846, -1.0
3, 1415587769994193621, 339.0, 11.706802, 13.090775
9, 1415587769995688982, -2.1749, 1.9897, 9.353
1, 1415587770021415000, -2.6786628, 3.578284, 9.722704
4, 1415587770031180000, -3.413329, -0.46540654, 0.20195311
11, 1415587770031791277, 0.06893921, 0.1252594, 0.18730164, 0.9718323, -1.0
3, 1415587770032615252, 339.0, 10.425079, 12.785782
9, 1415587770033500262, -2.1345, 1.7744, 9.405399
1, 1415587770061881000, -2.396147, 3.7602434, 9.674819
11, 1415587770071372576, 0.027130127, 0.10923767, 0.19819641, 0.97366333, -1.0
3, 1415587770072410174, 337.0, 5.5168304, 11.707718
9, 1415587770073264666, -1.9806999, 0.94269997, 9.5581
4, 1415587770074729000, -9.520729, -1.5050566, 1.1894032
1, 1415587770101615000, -2.2812252, 3.3819594, 10.048315
4, 1415587770115287000, -16.637331, -2.6447568, 2.0724533
11, 1415587770110831805, -0.048477173, 0.080215454, 0.21588135, 0.9718933, -1.0
3, 1415587770112174578, 334.0, -3.4175873, 10.2070465
9, 1415587770113547869, -1.7347, -0.5846, 9.6342
1, 1415587770141807000, -2.4009354, -0.72170216, 10.39308
4, 1415587770151847000, -19.19513, -3.4886568, 2.4117534
11, 1415587770152488299, -0.13545227, 0.04359436, 0.23457336, 0.9616089, -1.0
3, 1415587770153831072, 331.0, -13.891098, 8.734253
9, 1415587770155356951, -1.4455999, -2.3543, 9.4093
1, 1415587770181724000, -1.6635213, -3.8197992, 9.473706
4, 1415587770191032000, -17.903181, -3.1363068, 1.9115033
11, 1415587770191642352, -0.21540833, 0.009292603, 0.24841309, 0.94433594, -1.0
3, 1415587770192466326, 328.0, -23.718597, 7.8221283
9, 1415587770193290301, -1.2219, -3.9447, 8.8947
1, 1415587770221610000, -1.0601825, -4.590732, 8.161684
4, 1415587770231559000, -17.903181, -3.1363068, 1.9115033
11, 1415587770232169695, -0.21540833, 0.009292603, 0.24841309, 0.94433594, -1.0
3, 1415587770233481951, 328.0, -23.718597, 7.8221283
9, 1415587770234885760, -1.2219, -3.9447, 8.8947
1, 1415587770261436000, -0.8016087, -5.184494, 6.571934
4, 1415587770271598000, -17.53778, -2.5708067, 1.0937032
11, 1415587770272178240, -0.36654663, -0.055664063, 0.26255798, 0.89082336, -1.0
3, 1415587770273490496, 324.0, -43.025757, 7.3335876
9, 1415587770274955340, -0.9151, -6.6913, 7.1102996
1, 1415587770301780000, -1.1176432, -6.2810383, 4.8193784
4, 1415587770311698000, -20.604528, -2.4316068, 0.81530315
11, 1415587770312308856, -0.45231628, -0.091033936, 0.26335144, 0.8471985, -1.0
3, 1415587770313132830, 321.0, -54.525528, 8.319763
9, 1415587770314017840, -0.8236, -7.9863, 5.6310997
1, 1415587770341270000, -0.8207623, -7.65531, 2.927959
4, 1415587770351462000, -22.47068, -2.2228067, 0.23675312
11, 1415587770352195330, -0.54055786, -0.1282196, 0.25741577, 0.7906189, -1.0
3, 1415587770353202410, 316.0, -67.03981, 11.16861
9, 1415587770354178973, -0.741, -9.029699, 3.7529
1, 1415587770381461000, -0.7728782, -10.039935, 1.8888755
4, 1415587770391501000, -18.764479, -1.9748566, -0.24174692
11, 1415587770392142840, -0.60884094, -0.15956116, 0.24876404, 0.7361603, -1.0
3, 1415587770393210955, 308.0, -77.37799, 18.12526
9, 1415587770394065447, -0.6667, -9.569699, 2.0365
1, 1415587770421958000, -0.9021651, -8.694394, 0.040551793
4, 1415587770431602000, -19.41263, -1.6660067, -0.25914693
11, 1415587770432212420, -0.6745453, -0.1894989, 0.23612976, 0.6732788, -1.0
3, 1415587770433585711, 250.0, -86.220215, 74.02911
9, 1415587770434989520, -0.62149996, -9.785399, 0.1777
1, 1415587770461814000, -0.43769, -9.886706, -2.2147863
4, 1415587770471915000, -19.743229, -0.5785065, 0.07145311
11, 1415587770472556658, -0.73602295, -0.21308899, 0.21879578, 0.604126, -1.0
3, 1415587770474052020, 164.0, -100.71301, 20.344147
9, 1415587770475730486, -0.63379997, -9.6357, -1.7092999
1, 1415587770501823000, -0.7728782, -10.130915, -2.8564322
4, 1415587770511008000, -17.41598, -0.22180653, 0.39335313
11, 1415587770511619158, -0.78541565, -0.23014832, 0.20181274, 0.5379486, -1.0
3, 1415587770512443133, 155.0, -110.28902, 11.546143
9, 1415587770513297625, -0.6807, -9.1982, -3.3318
1, 1415587770541526000, -1.079336, -8.359205, -4.6041994
4, 1415587770551627000, -17.903181, -0.14785652, 0.48470315
11, 1415587770552238055, -0.8296814, -0.2453003, 0.18299866, 0.46684265, -1.0
3, 1415587770553611346, 151.0, -120.17815, 8.537994
9, 1415587770555015154, -0.732, -8.4775, -4.8750997
1, 1415587770581565000, -1.2038345, -10.983251, -5.7534165
4, 1415587770591575000, -9.92093, -0.44365653, -0.085146904
11, 1415587770592277117, -0.8508301, -0.255188, 0.17260742, 0.4256134, -1.0
3, 1415587770593589373, 150.0, -125.67198, 7.539673
9, 1415587770594962664, -0.7504, -7.9666996, -5.6693
1, 1415587770621757000, -1.0170869, -8.761432, -6.0502973
4, 1415587770631980000, -4.831429, -0.1391565, -0.39834693
11, 1415587770632590838, -0.8595276, -0.26145935, 0.16574097, 0.40663147, -1.0
3, 1415587770633994647, 149.0, -128.21242, 6.7106934
9, 1415587770635703631, -0.7089, -7.7054, -6.0246997
1, 1415587770661796000, -0.4185364, -8.8572, -6.447735
4, 1415587770671012000, -1.5906788, -0.047806505, -0.567997
11, 1415587770671653338, -0.8600311, -0.26527405, 0.1630249, 0.40419006, -1.0
3, 1415587770672446795, 148.0, -128.5783, 6.073517
9, 1415587770673301287, -0.64699996, -7.6664996, -6.0808997
1, 1415587770701621000, -0.28446108, -9.556307, -5.5283613
4, 1415587770711417000, 1.9067215, -0.13480651, -0.763747
11, 1415587770712028094, -0.8544922, -0.2672119, 0.1646576, 0.41389465, -1.0
3, 1415587770713431902, 148.0, -127.31082, 5.7001343
9, 1415587770714805193, -0.5904, -7.7998, -5.9147997
1, 1415587770741599000, -0.51909286, -8.952968, -6.1269116
4, 1415587770751670000, 3.4422717, 0.0087435, -0.71154696
11, 1415587770752250262, -0.84365845, -0.2669525, 0.16877747, 0.4341278, -1.0
3, 1415587770753593035, 147.0, -124.64981, 5.350189
9, 1415587770754935809, -0.51989996, -8.0674, -5.5513997
1, 1415587770782706000, -0.38980597, -11.921778, -5.3847094
11, 1415587770792533465, -0.81489563, -0.26089478, 0.1819458, 0.48451233, -1.0
3, 1415587770794761248, 147.0, -117.79613, 5.3800354
9, 1415587770796897479, -0.4288, -8.675, -4.553
4, 1415587770799674000, 12.255372, 0.0043935003, -1.068247
1, 1415587770821555000, -0.21742344, -9.570672, -5.7198973
11, 1415587770830710955, -0.775177, -0.24836731, 0.19615173, 0.5467377, -1.0
3, 1415587770831962176, 148.0, -109.07567, 5.7104797
9, 1415587770833091326, -0.319, -9.2682, -3.189
4, 1415587770834952000, 15.557023, 0.7177936, -0.95079696
1, 1415587770861411000, -0.4424784, -10.691158, -3.742287
11, 1415587770870902606, -0.7170868, -0.228302, 0.21183777, 0.62350464, -1.0
3, 1415587770872031756, 151.0, -97.70555, 8.196899
9, 1415587770873099871, -0.1874, -9.7182, -1.3015
4, 1415587770874839000, 20.381174, 1.3267937, -1.081297
1, 1415587770901603000, -0.07855974, -11.3663225, -1.8891748
4, 1415587770915000000, 29.633625, 1.4094436, -1.033447
11, 1415587770910850115, -0.6215668, -0.19508362, 0.23417664, 0.7216034, -1.0
3, 1415587770912223406, 320.0, -81.28906, 3.616455
9, 1415587770913627215, -0.0938, -9.6936, 1.4821
1, 1415587770941825000, -0.32755673, -8.881142, -1.261894
4, 1415587770951926000, 25.962225, 1.6617436, -0.815947
11, 1415587770952567645, -0.52752686, -0.16069031, 0.24897766, 0.7961731, -1.0
3, 1415587770954001971, 324.0, -66.93094, 0.9950409
9, 1415587770955558367, -0.0667, -9.0225, 3.8418999
1, 1415587770981681000, -0.40417117, -6.8221283, 1.1658266
4, 1415587770991569000, 17.840773, 1.3528936, -0.6114969
11, 1415587770992179461, -0.4579773, -0.13487244, 0.256073, 0.84051514, -1.0
3, 1415587770993461199, 325.0, -57.03293, 0.82315063
9, 1415587770994468279, -0.076699995, -8.2276, 5.3357
1, 1415587771021506000, -0.13602059, -9.230695, 4.589535
4, 1415587771031669000, 21.190275, 1.6443436, -1.0116969
11, 1415587771032188006, -0.37097168, -0.10345459, 0.26071167, 0.8852539, -1.0
3, 1415587771033561297, 326.0, -45.298615, 0.8357544
9, 1415587771034812518, -0.1007, -6.9704, 6.8971996
1, 1415587771061606000, -0.13123219, -6.8939543, 4.6996684
4, 1415587771071647000, 20.459475, 2.6143937, -1.311847
11, 1415587771072257586, -0.28407288, -0.0677948, 0.2593689, 0.9205475, -1.0
3, 1415587771073630877, 328.0, -33.931488, 1.556076
9, 1415587771075004168, -0.221, -5.4740996, 8.1335
1, 1415587771102683000, -0.84949267, -6.051195, 7.4721537
4, 1415587771112235000, 21.729675, 2.1750436, -1.590247
11, 1415587771112937518, -0.18864441, -0.033081055, 0.254776, 0.9478302, -1.0
3, 1415587771113914080, 329.0, -21.992249, 2.0636597
9, 1415587771115745135, -0.3275, -3.6725, 9.087
1, 1415587771141990000, 0.20395605, -5.6154504, 7.2901945
4, 1415587771150992000, 26.157974, 4.454444, -2.007847
11, 1415587771151603289, -0.071243286, 0.019042969, 0.24359131, 0.9670563, -1.0
3, 1415587771152427264, 331.0, -7.3846436, 4.1372986
9, 1415587771153281756, -0.7018, -1.2605, 9.6999
1, 1415587771181571000, -1.6156372, 0.27907413, 7.5727105
11, 1415587771191367693, 0.007019043, 0.054992676, 0.233078, 0.970871, -1.0
3, 1415587771192649432, 333.0, 2.2510376, 5.947357
9, 1415587771194022723, -1.0153999, 0.38509998, 9.746099
4, 1415587771196006000, 17.418823, 3.3016937, -1.446697
1, 1415587771221610000, -1.376217, 0.24555531, 8.899098
11, 1415587771230857439, 0.04689026, 0.07826233, 0.22116089, 0.97094727, -1.0
3, 1415587771232200213, 334.0, 7.220337, 7.603119
9, 1415587771233573504, -1.2873, 1.2324, 9.6432
4, 1415587771235892000, 9.158173, 2.5795937, -1.942597
1, 1415587771261863000, -2.2812252, 1.227178, 9.875933
4, 1415587771276481000, 3.5031717, 1.5399436, -2.086147
11, 1415587771271018572, 0.061828613, 0.09114075, 0.2101593, 0.97143555, -1.0
3, 1415587771272605486, 336.0, 9.117294, 8.802994
9, 1415587771274222918, -1.4818, 1.5538, 9.5685
1, 1415587771301841000, -1.9651906, 2.0076878, 9.832837
4, 1415587771311027000, 1.0845715, 1.1179936, -2.012197
11, 1415587771311637469, 0.0664978, 0.09902954, 0.20048523, 0.97239685, -1.0
3, 1415587771312430926, 337.0, 9.732193, 9.693069
9, 1415587771313254900, -1.6273999, 1.6575999, 9.5274
1, 1415587771341239000, -1.9268835, 2.4194903, 10.024373
4, 1415587771351676000, -0.8381287, 0.41764355, -1.176997
11, 1415587771352256365, 0.06425476, 0.10168457, 0.19555664, 0.97328186, -1.0
3, 1415587771353568621, 338.0, 9.48938, 10.090683
9, 1415587771354941912, -1.6947, 1.6165999, 9.522699
1, 1415587771381675000, -2.017863, 2.855235, 10.038738
4, 1415587771391624000, -3.091429, -0.26095653, -0.18954691
11, 1415587771392325945, 0.053955078, 0.09883118, 0.19636536, 0.97402954, -1.0
3, 1415587771393638201, 337.0, 8.276154, 9.970963
9, 1415587771394980975, -1.6804, 1.4115, 9.557799
1, 1415587771422568000, -1.8598458, 3.1664815, 9.483283
4, 1415587771432456000, -9.233629, -1.0918067, 0.94580317
11, 1415587771433158465, 0.012771606, 0.08491516, 0.2049408, 0.97499084, -1.0
3, 1415587771434135027, 336.0, 3.42424, 9.244537
9, 1415587771435996600, -1.5726, 0.58559996, 9.6619
1, 1415587771461112000, -1.9412487, 2.9318497, 9.61257
4, 1415587771471580000, -16.30673, -2.5229566, 1.9854532
11, 1415587771472190447, -0.062072754, 0.05630493, 0.22029114, 0.971817, -1.0
3, 1415587771473044939, 334.0, -5.501053, 7.8990173
9, 1415587771474174090, -1.3414999, -0.94009995, 9.668799
1, 1415587771501548000, -1.7353473, -1.7943045, 9.756223
4, 1415587771511588000, -16.55903, -2.5969067, 2.2464533
11, 1415587771512198992, -0.13760376, 0.026947021, 0.23553467, 0.9616852, -1.0
3, 1415587771513541766, 331.0, -14.594238, 6.9238434
9, 1415587771514945574, -1.1441, -2.4710999, 9.4208
1, 1415587771541617000, -1.7736546, -3.2068834, 8.913464
4, 1415587771551536000, -18.00758, -2.9884067, 1.8941033
11, 1415587771552299090, -0.21865845, -0.006958008, 0.24772644, 0.9438019, -1.0
3, 1415587771553580828, 329.0, -24.594803, 6.009445
9, 1415587771554954119, -0.9335, -4.0815, 8.8678
1, 1415587771581809000, -0.63880295, -5.332935, 8.1138
4, 1415587771591941000, -17.58563, -2.0531566, 1.5635033
11, 1415587771592551775, -0.2967987, -0.03590393, 0.25558472, 0.9193878, -1.0
3, 1415587771594016619, 327.0, -34.341156, 5.957367
9, 1415587771595695086, -0.8405, -5.5322, 8.0534
1, 1415587771621207000, -1.0027215, -5.218013, 6.452224
4, 1415587771631034000, -21.21353, -2.1488566, 0.98060316
11, 1415587771631644793, -0.38871765, -0.07044983, 0.2578888, 0.88171387, -1.0
3, 1415587771632468768, 324.0, -46.20552, 6.324478
9, 1415587771633323260, -0.7477, -7.0786996, 6.7454996
1, 1415587771661521000, -0.9117419, -7.7845974, 4.9343
11, 1415587771671378680, -0.48173523, -0.10542297, 0.25434875, 0.83192444, -1.0
3, 1415587771672690936, 321.0, -58.781387, 7.7228546
9, 1415587771674064227, -0.68299997, -8.3867, 5.0365996
4, 1415587771676139000, -22.49678, -1.8661066, 0.54995316
1, 1415587771701621000, -0.7297826, -8.249072, 2.808249
4, 1415587771717521000, -24.57608, -1.7225567, -0.17649691
11, 1415587771711661883, -0.5766144, -0.14271545, 0.24298096, 0.76686096, -1.0
3, 1415587771713920184, 316.0, -72.50574, 11.772858
9, 1415587771717948504, -0.6015, -9.353, 2.8859
1, 1415587771742637000, -0.6771102, -10.14528, 0.6678326
4, 1415587771752219000, -22.836079, -1.6399066, -0.51579696
11, 1415587771752921648, -0.656662, -0.17660522, 0.22807312, 0.6968384, -1.0
3, 1415587771753928729, 291.0, -84.70746, 35.37671
9, 1415587771756278582, -0.5237, -9.7649, 0.7374
1, 1415587771781119000, -0.51909286, -10.150068, -0.835726
4, 1415587771791740000, -19.76933, -1.1788067, -0.50274694
11, 1415587771792350359, -0.7195282, -0.20343018, 0.21194458, 0.62924194, -1.0
3, 1415587771793235369, 168.0, -97.35419, 22.504242
9, 1415587771794211932, -0.4804, -9.7259, -1.1596
1, 1415587771821586000, -0.65795654, -9.144504, -2.3967454
11, 1415587771831840106, -0.7760925, -0.22741699, 0.19410706, 0.5552063, -1.0
3, 1415587771833152361, 153.0, -108.17659, 8.993469
9, 1415587771834525652, -0.4782, -9.3173, -3.0216
4, 1415587771836448000, -19.917229, -1.0961566, -0.26349694
1, 1415587771861564000, -0.49036244, -9.417442, -3.876362
11, 1415587771870872088, -0.8208008, -0.24723816, 0.17604065, 0.48387146, -1.0
3, 1415587771872214861, 150.0, -118.188034, 6.0444183
9, 1415587771873588152, -0.4878, -8.6435995, -4.6064997
4, 1415587771875815000, -18.13808, -0.91780657, -0.31134692
1, 1415587771901786000, -0.8111855, -10.782138, -5.1261353
11, 1415587771911033221, -0.8395691, -0.26211548, 0.16699219, 0.44554138, -1.0
3, 1415587771912620135, 147.0, -123.31125, 4.891266
9, 1415587771914237566, -0.4592, -8.195499, -5.3661
4, 1415587771916801000, -9.251029, -1.2005566, -1.085647
1, 1415587771941001000, -0.6962638, -8.861988, -6.045509
11, 1415587771950736590, -0.8454437, -0.27186584, 0.16239929, 0.4300232, -1.0
3, 1415587771951774188, 146.0, -125.369125, 4.039856
9, 1415587771952750750, -0.3999, -7.9967, -5.6624
4, 1415587771954581000, -3.561229, -0.74380654, -1.246597
1, 1415587771981589000, -0.39938277, -7.947403, -6.1269116
4, 1415587771993552000, -0.7076287, -0.50455654, -0.95079696
11, 1415587771990806170, -0.84498596, -0.27764893, 0.16113281, 0.4276886, -1.0
3, 1415587771992209979, 145.0, -125.68025, 3.422058
9, 1415587771994468279, -0.3414, -7.9658, -5.7096996
1, 1415587772021598000, -0.14080898, -9.043947, -6.2897177
4, 1415587772031608000, 2.1590216, -0.28705654, -0.855097
11, 1415587772032188006, -0.83932495, -0.28004456, 0.1634674, 0.4363098, -1.0
3, 1415587772033561297, 144.0, -124.51378, 3.0390472
9, 1415587772034934588, -0.29459998, -8.0807, -5.5487
1, 1415587772061820000, -0.39938277, -8.335263, -6.0072017
4, 1415587772071921000, 3.3335216, -0.15655652, -0.62889695
11, 1415587772072562762, -0.83084106, -0.28016663, 0.16751099, 0.45069885, -1.0
3, 1415587772073386736, 144.0, -122.56343, 2.7495575
9, 1415587772074637957, -0.25329998, -8.264999, -5.2723
1, 1415587772101401000, -0.3036147, -9.618556, -5.877915
4, 1415587772111259000, 8.101122, 0.12184351, -0.685447
11, 1415587772111838885, -0.81140137, -0.27578735, 0.17654419, 0.48413086, -1.0
3, 1415587772112723895, 143.0, -117.98683, 2.377777
9, 1415587772113822527, -0.1909, -8.6598, -4.598
1, 1415587772141471000, -0.25573066, -10.121338, -5.059098
4, 1415587772151633000, 14.513022, 0.47419354, -0.65499693
11, 1415587772152244158, -0.77490234, -0.26411438, 0.19210815, 0.5411377, -1.0
3, 1415587772153525897, 143.0, -109.91994, 1.9970703
9, 1415587772154929705, -0.1165, -9.2199, -3.3393
1, 1415587772181571000, -0.23178865, -9.632921, -4.575469
4, 1415587772191672000, 17.979973, 1.3572437, -0.689797
11, 1415587772192252703, -0.72494507, -0.24520874, 0.2076416, 0.6092529, -1.0
3, 1415587772193564959, 143.0, -99.8687, 0.7618408
9, 1415587772194938250, -0.0224, -9.6616, -1.6807
1, 1415587772221793000, -0.27488428, -10.308085, -2.0759225
4, 1415587772231895000, 21.238125, 1.3659437, -0.62019694
11, 1415587772232535906, -0.659256, -0.22087097, 0.22491455, 0.68263245, -1.0
3, 1415587772233359881, 331.0, -88.07684, -8.545074
9, 1415587772234763689, 0.048699997, -9.8012, 0.32529998
1, 1415587772261039000, 0.30930093, -9.417442, -1.2140099
4, 1415587772271140000, 21.686174, 2.1663437, -0.45054695
11, 1415587772271750994, -0.58576965, -0.18998718, 0.23861694, 0.750885, -1.0
3, 1415587772272513934, 325.0, -76.01817, -1.3683014
9, 1415587772273551531, 0.0565, -9.5162, 2.3686
1, 1415587772301414000, -0.4568436, -9.963321, 1.6590321
4, 1415587772311698000, 26.719124, 1.1266936, -0.36789694
11, 1415587772312308856, -0.48542786, -0.15487671, 0.25639343, 0.8213501, -1.0
3, 1415587772313102313, 325.0, -61.263947, -0.6543274
9, 1415587772314109393, 0.0537, -8.5989, 4.7144
1, 1415587772341605000, 0.37155017, -9.604191, 2.7220576
4, 1415587772351584000, 30.690676, 2.0445437, -1.107397
11, 1415587772352164813, -0.3594513, -0.10900879, 0.2675476, 0.8872986, -1.0
3, 1415587772353232928, 326.0, -44.12616, -0.08906555
9, 1415587772354606219, 0.0109, -6.8278, 7.0392
1, 1415587772381797000, -0.7297826, -4.8205757, 5.7339635
4, 1415587772391929000, 25.127026, 1.6312937, -1.2552971
11, 1415587772392539568, -0.25120544, -0.07130432, 0.270401, 0.926651, -1.0
3, 1415587772393363543, 327.0, -30.273972, 0.24589539
9, 1415587772394767352, -0.0363, -4.944, 8.469
1, 1415587772421378000, 0.34281975, -6.381595, 5.944653
4, 1415587772431327000, 28.054575, 3.6235938, -0.563647
11, 1415587772431907244, -0.12670898, -0.017578125, 0.27069092, 0.9541168, -1.0
3, 1415587772432914324, 328.0, -14.556046, 2.0740662
9, 1415587772434012957, -0.3435, -2.4645998, 9.485499
1, 1415587772461478000, -1.0027215, -0.69776016, 7.271041
4, 1415587772471671000, 19.872225, 3.654044, 0.010553101
11, 1415587772472251482, -0.038467407, 0.026260376, 0.26889038, 0.96203613, -1.0
3, 1415587772473411150, 328.0, -3.4336548, 4.091934
9, 1415587772474784441, -0.6986, -0.58739996, 9.764
1, 1415587772501578000, -1.4863503, -0.23328502, 8.851214
4, 1415587772511649000, 9.475722, 2.6535437, -0.08949691
11, 1415587772512260027, 0.0030822754, 0.052001953, 0.26644897, 0.96243286, -1.0
3, 1415587772513572283, 329.0, 1.9284515, 5.654068
9, 1415587772514976092, -0.9657, 0.3299, 9.7533
1, 1415587772541801000, -2.1184196, 1.3468881, 10.000431
4, 1415587772551932000, 1.6500715, 1.2615436, -0.21564692
11, 1415587772552543231, 0.0101623535, 0.06034851, 0.26506042, 0.9622803, -1.0
3, 1415587772553367205, 329.0, 2.9566345, 6.3679047
9, 1415587772554801531, -1.0863, 0.5057, 9.733
1, 1415587772580955000, -1.1128548, 0.930297, 10.072257
4, 1415587772591025000, -2.743429, 0.48289356, -0.47229695
11, 1415587772591636248, -0.0053253174, 0.058914185, 0.26353455, 0.9628296, -1.0
3, 1415587772592460223, 329.0, 1.1913605, 6.6782684
9, 1415587772593314715, -1.1402, 0.2038, 9.7379
1, 1415587772621329000, -1.3618518, -0.4727052, 10.589404
4, 1415587772631583000, -3.274129, -0.056506503, -0.21999691
11, 1415587772632163592, -0.021392822, 0.054275513, 0.26338196, 0.96292114, -1.0
3, 1415587772633567400, 329.0, -0.72247314, 6.650299
9, 1415587772634971209, -1.1357, -0.1237, 9.739699
1, 1415587772661582000, -1.2038345, -0.38172552, 10.206332
4, 1415587772671622000, -2.1822789, 0.10444351, -0.15474692
11, 1415587772672263689, -0.030380249, 0.05316162, 0.26330566, 0.9627533, -1.0
3, 1415587772673636981, 329.0, -1.7491913, 6.801895
9, 1415587772675010272, -1.161, -0.2994, 9.733
1, 1415587772702445000, -1.5007155, 0.3700538, 9.962124
4, 1415587772712333000, -3.926629, -0.62200654, -0.06339691
11, 1415587772713035174, -0.05116272, 0.04408264, 0.26387024, 0.9621887, -1.0
3, 1415587772714011736, 329.0, -4.313736, 6.440399
9, 1415587772715873309, -1.0969, -0.7377, 9.717
1, 1415587772741111000, -1.0458173, -2.0193596, 9.971701
4, 1415587772751761000, -3.926629, -0.62200654, -0.06339691
11, 1415587772752402850, -0.05116272, 0.04408264, 0.26387024, 0.9621887, -1.0
3, 1415587772755302020, 329.0, -4.32164, 6.746521
9, 1415587772756156512, -1.1488999, -0.73899996, 9.7109995
1, 1415587772780967000, -1.7305589, 0.18330607, 9.693973
4, 1415587772792045000, -3.195829, -0.43060654, -0.07209691
11, 1415587772792930193, -0.06838989, 0.040115356, 0.26394653, 0.96125793, -1.0
3, 1415587772794181414, 328.0, -6.333557, 6.542938
9, 1415587772795066424, -1.1107, -1.0818, 9.6831
1, 1415587772821281000, -1.2421417, -1.9044378, 10.158448
4, 1415587772830985000, -0.9816787, 0.030493503, -0.032946903
11, 1415587772831595965, -0.07270813, 0.03942871, 0.26402283, 0.96095276, -1.0
3, 1415587772832419939, 328.0, -6.8296967, 6.6033173
9, 1415587772833243914, -1.1197, -1.1661999, 9.6723995
1, 1415587772860984000, -1.2756606, -1.0137948, 9.904663
11, 1415587772871604510, -0.07850647, 0.038864136, 0.26416016, 0.96047974, -1.0
3, 1415587772872550555, 328.0, -7.48645, 6.7284546
9, 1415587772873405047, -1.1393, -1.2777, 9.6559
4, 1415587772870994000, -1.4036287, -0.0043065003, -0.054696906
11, 1415587772911643572, -0.09588623, 0.031585693, 0.26513672, 0.9589081, -1.0
3, 1415587772912498064, 328.0, -9.623352, 6.4895477
9, 1415587772913322039, -1.0928, -1.6394, 9.6065
1, 1415587772901206000, -1.5581764, -0.85577744, 9.7657995
4, 1415587772911063000, -3.3959289, -0.60460657, 0.054053105
1, 1415587772941001000, -1.3618518, -2.5748143, 10.096199
4, 1415587772951133000, -1.0251787, -0.19135651, -0.015546901
11, 1415587772951743670, -0.10018921, 0.02999878, 0.26538086, 0.9584503, -1.0
3, 1415587772952720232, 328.0, -10.145233, 6.457367
9, 1415587772953574725, -1.0856999, -1.7274, 9.592
1, 1415587773002463000, -1.2708722, -2.3976433, 9.717916
11, 1415587773003104754, -0.10835266, 0.026931763, 0.2654419, 0.95762634, -1.0
3, 1415587773003898211, 328.0, -11.141617, 6.3861694
9, 1415587773004844256, -1.0703, -1.895, 9.5619
4, 1415587773006583000, -1.5384787, -0.24790652, -0.045996904
1, 1415587773041221000, -1.0601825, -2.3258173, 9.550321
11, 1415587773041953631, -0.11116028, 0.025634766, 0.26519775, 0.9574127, -1.0
3, 1415587773042808123, 328.0, -11.494522, 6.3315277
9, 1415587773043876238, -1.0598, -1.9541999, 9.5512
4, 1415587773045737000, -0.43357867, -0.09565651, -0.059046905
1, 1415587773081046000, -1.3187562, -1.4782699, 9.540744
11, 1415587773081687518, -0.10620117, 0.028793335, 0.26472473, 0.9580078, -1.0
3, 1415587773082542010, 328.0, -10.850998, 6.5142365
9, 1415587773083427020, -1.0928, -1.8462, 9.568999
4, 1415587773085349000, 0.9714714, 0.23929352, -0.07209691
1, 1415587773121055000, -1.256507, -2.440739, 9.679607
11, 1415587773121665545, -0.11042786, 0.026855469, 0.2648468, 0.9575653, -1.0
3, 1415587773122489520, 328.0, -11.376785, 6.4392853
9, 1415587773123405047, -1.0782, -1.9345, 9.5531
4, 1415587773125205000, -0.6945787, -0.23485652, -0.0068469006
1, 1415587773161033000, -1.4241011, -1.5548843, 9.531167
11, 1415587773161674090, -0.10916138, 0.028320313, 0.26519775, 0.9575653, -1.0
3, 1415587773162467547, 328.0, -11.188965, 6.5655518
9, 1415587773163352557, -1.0999, -1.9029, 9.557
4, 1415587773165092000, 0.14932138, 0.043543503, 0.054053105
1, 1415587773201041000, -1.2517185, -2.321029, 9.655665
11, 1415587773201682635, -0.117996216, 0.024795532, 0.2660675, 0.9563751, -1.0
3, 1415587773202506609, 328.0, -12.268936, 6.47731
9, 1415587773203422137, -1.0811, -2.0839999, 9.5213995
