239999999, 0, 9, 1, 7, 0.243567379741914, -0.0415840216835831, 0, 0.906453795692034, 1.09771621827263, 0.618793656554202, 19.5560147241336, 0.439905169565658, 0.126901102535126, 0.0834536863837917, 0.0728892129559894, 0.0466167195331058, 0.0519449162927052, 0.0527519724021789, 0.0447038973992156, 0.0515006633011816, 0.0293326596310488, 0.0165086127921769, -0.129380195304329, 0.189876730299666, 0.906604113172236, 1.09083687563329, 1.09083687563329, 0.821931018020817, 1.18992508924141, 1.18992508924141
439999999, 0, 11, 0, 10, 0.233005190223873, -0.0196957155665845, 0, 1.11012791831421, 0.817350542904059, 1.16755150306968, 8.53835400701452, 0.383041425217521, 0.127932635444065, 0.103899236403382, 0.0955038836876802, 0.0544967023741278, 0.0440309246041657, 0.055249770117998, 0.0478682096145108, 0.0559590920374028, 0.0320181204991469, 0.042416009954445, 0.179309624839609, -0.0219913645080324, 1.11093794287579, 0.795545641513974, 0.795545641513974, 1.23418311292109, 0.63289286773188, 0.63289286773188
639999999, 0, 5, 2, 0, 0.109748573534147, -0.0222895944648164, 0, 1.62758781235889, 0.815583780504622, 2.03236431368303, 17.7497658598141, 0.47208277721295, 0.171566564475453, 0.0792413575698193, 0.0801627347819384, 0.0483905260510005, 0.0303446095864058, 0.0354697351635225, 0.0297246967031902, 0.0338437041451303, 0.0191732943105909, 0.0465088387374402, 0.534618048828859, -0.352208327365682, 1.62825217918475, 0.606232019356432, 0.606232019356432, 2.65120515901989, 0.367517261292977, 0.367517261292977
839999999, 0, 3, 1, 0, 0.0213067011648509, -0.0320738880600483, 0, 1.79953724626666, 0.892466683875665, 2.38393952868138, 28.0645612898126, 0.687800454627645, 0.126643626430305, 0.0727348564134509, 0.0300688718130814, 0.0196268591602541, 0.015513786236669, 0.0137310091607089, 0.0119831443771811, 0.0139359049322351, 0.00796148684846913, 0.0139773329115738, 0.769924972657477, -0.714214515657035, 1.79959152769074, 0.42997873054084, 0.42997873054084, 3.23852966653631, 0.184881708717512, 0.184881708717512
1039999999, 0, 3, 1, 2, 0.0246773420582905, -0.0305359724965821, 0, 1.84294983884699, 0.858432977232399, 2.42306898118244, 31.4750358296291, 0.607100188717275, 0.0790709410007822, 0.0550173778514686, 0.0504614012383933, 0.0597566850608763, 0.0316714445407852, 0.0363566424854438, 0.0294815809624812, 0.032732536570767, 0.0183512015717278, -0.0308300578497953, 0.807505639319566, -0.913141263210123, 1.84320769339029, 0.2506015975767, 0.2506015975767, 3.39741460097315, 0.0628011607079941, 0.0628011607079941
1239999999, 0, 6, 2, 4, 0.0378851838662971, -0.00339249013513808, 0, 2.21464380476087, 0.545234060156444, 3.02326788914765, 20.1112580699685, 0.55711101111473, 0.163270926937025, 0.0999560478056857, 0.023665662627848, 0.0306470434067552, 0.0298284666040178, 0.0300655596077858, 0.0235548295330326, 0.0267531178062517, 0.0151473345568679, -0.0423020039858458, 0.524939592341485, -0.715196693622258, 2.21504777409132, 0.119192190669402, 0.119192190669402, 4.9064366415069, 0.0142067783165712, 0.0142067783165712
1439999999, 0, 3, 3, 0, 0.0393652617466291, -0.00835384295666459, 0, 2.26327746613534, 0.449972337462062, 3.17405718284652, 16.6125247276966, 0.659670026020959, 0.155002590871174, 0.0779948536240806, 0.0181975097107181, 0.032783391272166, 0.0181179958770075, 0.0128208767923649, 0.00946167859564724, 0.0102280199632044, 0.00572305727267798, -0.0141354286538586, 0.437224293504084, -0.495854202535562, 2.26332160751831, 0.077888165358374, 0.077888165358374, 5.12262469905925, 0.00606656630289342, 0.00606656630289342
1639999999, 0, 6, 1, 5, 0.0342965774991317, -0.00733693915126808, 0, 2.26896248976346, 0.464773878533264, 3.18130177263632, 17.1803102957042, 0.659750929161698, 0.12958807785012, 0.0985269206485404, 0.0289493168606804, 0.026368139465261, 0.0203036549594078, 0.0145466972805686, 0.00866502957389522, 0.00870004194923732, 0.00460119225059035, 0.0130198923152689, 0.453321955330003, -0.423409907166788, 2.26899984520702, 0.068447376336746, 0.068447376336746, 5.14836029754948, 0.00468504332738414, 0.00468504332738414
1839999999, 0, 3, 3, 0, 0.0979332020840033, 0.0979332020840033, 1, 2.38209800325699, 0.651930021486621, 3.28146183283187, 24.079610489021, 0.632719789281886, 0.120268039941824, 0.0957118202537502, 0.0387757855770269, 0.0349477253797175, 0.0215359052136377, 0.0187089757749822, 0.014211361802345, 0.0149420821235117, 0.0081785146513187, 0.0313254731552512, 0.63874440175655, -0.519630185956847, 2.38230396515419, 0.0708547067971555, 0.0708547067971555, 5.67537218238936, 0.00502038947531087, 0.00502038947531087
2039999999, 0, 3, 3, 0, 0.117512775145928, 0.117512775145928, 1, 2.41155713369766, 0.690386390707977, 3.33986898979418, 25.5137643591273, 0.642549817444886, 0.136945134466012, 0.0740197189125536, 0.025016909032197, 0.0390701506156677, 0.0211021542323441, 0.0195493428872623, 0.0152022581673038, 0.0169719136128695, 0.00957260062890313, -0.0192777847910262, 0.676803798894696, -0.743380255126621, 2.41163418496142, 0.0718195104672317, 0.0718195104672317, 5.81597944207453, 0.0051580420837528, 0.0051580420837528
2239999999, 0, 4, 4, 0, 0.171421698839169, 0.171421698839169, 1, 2.55736924119035, 0.51853509295326, 3.51850218244285, 18.6855829524982, 0.56609183775063, 0.145032001509443, 0.0783680768932449, 0.0408921698284394, 0.0526946504358637, 0.0289111804325196, 0.0266899077768686, 0.0222467657753309, 0.0249918915944264, 0.0140815180032326, -0.0461618245348962, 0.502344728112493, -0.68631334926511, 2.55778582954689, 0.0885357683428961, 0.0885357683428961, 6.54226834983087, 0.00783858227606697, 0.00783858227606697
2439999999, 0, 4, 2, 0, 0.293262182683633, 0.293262182683633, 1, 2.74730299014276, 0.306500312310131, 3.84613532524224, 9.74431958167863, 0.634660144825113, 0.132755793590941, 0.0749977313654844, 0.0255788077957017, 0.0458840894066848, 0.015879141066902, 0.0224577822572573, 0.0173333996514753, 0.0194755462490835, 0.0109775637913566, -0.0362072729061166, 0.223416026876947, -0.368126741542726, 2.74754157134313, 0.213952260688347, 0.213952260688347, 7.54898468625866, 0.0457755698536544, 0.0457755698536544
2639999999, 0, 3, 3, 0, 0.304194062850022, 0.304194062850022, 1, 2.83191864512534, 0.444125808203441, 3.99070371042371, 3.52312583564444, 0.704820954913166, 0.124226508806508, 0.0817419429470968, 0.0212152028634135, 0.0353516919682488, 0.00938248424192208, 0.00669016190252238, 0.00595919111749883, 0.00678131782556971, 0.00383054341405382, -0.0134975994930045, -0.0207829595596855, -0.0175465688497793, 2.83195081133141, 0.442208828751354, 0.442208828751354, 8.01994539780063, 0.195548648225644, 0.195548648225644
2839999999, 0, 4, 1, 0, 0.299917467754377, 0.299917467754377, 1, 2.83577748380308, 0.845360263587432, 3.93554705955291, 4.38452871288024, 0.712371685062356, 0.121126184503475, 0.0798228580997022, 0.0236377859935084, 0.0334021659746741, 0.0108989534472661, 0.00715330207463997, 0.00414589033766426, 0.00476758281192247, 0.00267359169479179, -0.00623812765067956, -0.244485171805187, 0.276893602500594, 2.83578434509416, 0.793305388648707, 0.793305388648707, 8.04167285188111, 0.629333439659075, 0.629333439659075
3039999999, 0, 8, 1, 7, 0.276288912282573, 0.276288912282573, 1, 2.84357457878383, 1.81838587706823, 3.60417051582312, 12.6272728905546, 0.714414952075348, 0.121552377393893, 0.0787572828437478, 0.0241350481518642, 0.0351837587223173, 0.013147421234399, 0.00628346959498411, 0.00325249367550433, 0.00229242260298297, 0.000980773704959633, -0.004746806758992, -0.719639927986575, 0.787996713215021, 2.84357854072646, 1.62415979626142, 1.62415979626142, 8.08593891728005, 2.63789504379193, 2.63789504379193
3239999999, 0, 8, 1, 7, 0.293340220775549, 0.293340220775549, 1, 2.87130456894702, 2.48143894192782, 3.22015350050518, 21.8076656276259, 0.626380470126206, 0.114236612672068, 0.091307114013048, 0.0545454771291468, 0.048197868832774, 0.0132277894726132, 0.0161218615737611, 0.0131886211986361, 0.014611472375963, 0.00818271260578397, -0.0193976790668445, -1.15790401165945, 1.20033186866724, 2.8713700906726, 2.14984528463051, 2.14984528463051, 8.24476619760919, 4.62183474784805, 4.62183474784805
3439999999, 0, 7, 2, 4, 0.40540983487619, 0.40540983487619, 1, 3.15548480230747, 2.59038737339416, 3.56201429765596, 32.9378037444693, 0.506238273481387, 0.212123183071132, 0.103437246846516, 0.038362342452695, 0.047238312153247, 0.0242083209981434, 0.0218012718162316, 0.0171138813076101, 0.0189061534560276, 0.0105710144170101, 0.051818934572185, 1.43197478324361, -1.22548919321063, 3.15591025531044, 2.14401825160139, 2.14401825160139, 9.95976953957363, 4.59681426319989, 4.59681426319989
3639999999, 0, 6, 2, 4, 0.4302142149841, 0.4302142149841, 1, 3.1966071121704, 2.89220972479747, 3.4968110528266, 41.7157385173806, 0.579490492488169, 0.236838084676444, 0.0897627694801337, 0.0361906353264702, 0.0341113841731485, 0.00717653553828292, 0.00575916341757739, 0.00387308744296336, 0.00433920682906119, 0.0024586406277501, -0.00592281852651351, 1.31050633250762, -1.20932348038399, 3.19661259919899, 2.63443225942761, 2.63443225942761, 10.2183321093577, 6.94023332951287, 6.94023332951287
3839999999, 0, 3, 3, 0, 0.338253379000108, 0.338253379000108, 1, 3.35187328632886, 3.31127336439809, 3.02962433110218, 72.5408534209077, 0.425223972864612, 0.150254745436738, 0.122649089117977, 0.0702448398965602, 0.0648513746078025, 0.0401415811990507, 0.0416523999137832, 0.0315939306295911, 0.0343398762373674, 0.0190481900965181, 0.0997617043335259, 1.6389801695174, -1.24954863796499, 3.35335756000707, 2.89566293351309, 2.89566293351309, 11.2450069252565, 8.38486382452163, 8.38486382452163
4039999999, 0, 4, 2, 2, 0.207899309451401, 0.0711225499748098, 0, 3.83918967699343, 3.14324203400977, 4.37021152758745, 95.7074893968568, 0.546479951611398, 0.212059842666031, 0.0710715064950017, 0.0450604891660758, 0.0457997811766514, 0.0277864524008003, 0.0187116115440178, 0.0128627490877428, 0.0131193097288895, 0.00704830612339133, -0.0541060154098783, -2.07359303571943, 1.85427903642261, 3.83957091832362, 2.36393084220714, 2.36393084220714, 14.7423048368365, 5.58816902673816, 5.58816902673816
4239999999, 0, 3, 1, 2, 0.182490815814757, 0.0619738580268453, 0, 3.85768948631883, 3.2377500105177, 4.41663297462806, 99.4694080433621, 0.603981547363187, 0.177119167365806, 0.0894860004952185, 0.0556324223849938, 0.0273955402302535, 0.0126218888951725, 0.0104900469795276, 0.00824278463410139, 0.00957584039606604, 0.00545476125567373, 0.00742475810672227, -2.12945944556282, 2.18887767470022, 3.85769663139648, 2.40215027056422, 2.40215027056422, 14.8818232998878, 5.77032592237173, 5.77032592237173
4439999999, 0, 4, 2, 2, 0.156515635941799, 0.156515635941799, 1, 3.83706135084816, 3.32238016783237, 4.31779483601851, 100.846575279763, 0.597935359237223, 0.194053542561432, 0.101379721612541, 0.0449684920738097, 0.0283087179158089, 0.0139733195846146, 0.00621013407758946, 0.00489794761074849, 0.00532097746373048, 0.00295178786250237, -0.0028070572462332, -2.25019445827584, 2.26482815549351, 3.83706237761951, 2.4212098482767, 2.4212098482767, 14.7230476897431, 5.8622571293921, 5.8622571293921
4639999999, 0, 5, 1, 4, 0.148653722360165, 0.124084614242852, 0, 3.81506863381711, 3.33061807364543, 4.27213006454597, 101.052812189304, 0.592792716563989, 0.199110135390863, 0.101160895330468, 0.0461688741348349, 0.0278687603327859, 0.0131607898079499, 0.00786922382488973, 0.00492675282074979, 0.00459881194755105, 0.00234303984591859, 0.000743550687818598, -2.113614444753, 2.10843825877829, 3.81506870627552, 2.59232515399828, 2.59232515399828, 14.5547492336028, 6.72014970405222, 6.72014970405222
4839999999, 0, 5, 1, 2, 0.2383431819443, 0.2383431819443, 1, 3.89823151526941, 3.10428183222937, 4.47637618760534, 98.0359449429849, 0.552143051133489, 0.150861842863489, 0.103238666947235, 0.0581298955943516, 0.0480330122084576, 0.0266219648368968, 0.0227130486808823, 0.0153505868595229, 0.0150213415998086, 0.00788658927586689, -0.0618160012341416, -1.85068532687512, 1.59190438570624, 3.89872160645618, 2.51986410501442, 2.51986410501442, 15.2000301646482, 6.34971510774012, 6.34971510774012
5039999999, 0, 4, 2, 0, 0.45367567998072, 0.45367567998072, 1, 4.32117402690642, 2.30697290008757, 5.57285346880117, 81.4738209668703, 0.562866939723526, 0.165498163696979, 0.118250141701695, 0.0438983636281978, 0.0458594964913752, 0.0178989835122845, 0.0167422524445603, 0.0119219168228007, 0.01128276698641, 0.00578097499217112, -0.0709168739617136, -1.57759258917747, 1.26226464802979, 4.32175591326294, 1.6830481788353, 1.6830481788353, 18.6775741738232, 2.83265117228083, 2.83265117228083
5239999999, 0, 5, 2, 2, 0.488426547729951, 0.488426547729951, 1, 4.35756042459907, 2.06577971000068, 5.83227933416195, 72.3857476373026, 0.646237153883876, 0.148594116522551, 0.0837251751942781, 0.0319309737512297, 0.0259051611496524, 0.0176774968361048, 0.0130955996091977, 0.0114475503476229, 0.0135853732601154, 0.00780139944537198, 0.0000660441232706006, -1.44976614103627, 1.40431019845937, 4.35756042509956, 1.4811968323506, 1.4811968323506, 18.9883328583938, 2.19394405616545, 2.19394405616545
5439999999, 0, 4, 4, 0, 0.550595144768237, 0.550595144768237, 1, 4.35301979145518, 1.58479062559757, 5.9467171049414, 46.5136625704038, 0.631568896714496, 0.149424982070994, 0.0742807535113325, 0.030097320885198, 0.0333106288959573, 0.013599153978418, 0.019640636501009, 0.0169314416869334, 0.0198149224348657, 0.0113312633207962, -0.0360863964198132, 0.870371217604668, -0.972298033745545, 4.35316936642799, 1.34831249413084, 1.34831249413084, 18.9500835328071, 1.81794658182933, 1.81794658182933
5639999999, 0, 4, 4, 0, 0.597612250945243, 0.597612250945243, 1, 4.45688744468448, 1.75124936648408, 6.06921570571147, 28.9869255454469, 0.654849299415316, 0.145454663896441, 0.0884863413919777, 0.0338538644902071, 0.0267768707707397, 0.0151902595996498, 0.0110232467835261, 0.00878282626433145, 0.00995548099614915, 0.0056271463916624, 0.0240545872643964, -0.218666871611345, 0.319204063651668, 4.45695235758187, 1.7393947215112, 1.7393947215112, 19.8644243177546, 3.02549399722103, 3.02549399722103
5839999999, 0, 4, 4, 0, 0.602391454993184, 0.602391454993184, 1, 4.51106836743638, 2.4343051438979, 5.8697998302466, 27.0614183055011, 0.565455357400721, 0.185026866455221, 0.0802229972141367, 0.0471089725567814, 0.041736534613286, 0.0213096718884803, 0.0199663463070512, 0.0149988478796389, 0.0156596464660673, 0.00851475921861683, -0.0506804571110244, -0.545900600932942, 0.486379249622345, 4.51135304807971, 2.34541734168614, 2.34541734168614, 20.3523063244181, 5.50098250668208, 5.50098250668208
6039999999, 0, 4, 4, 0, 0.668601996555308, 0.668601996555308, 1, 4.83049525105832, 3.0649646958671, 6.08186941659306, 37.7750969373739, 0.526635873067847, 0.24526393886263, 0.104837690633395, 0.0462517414433331, 0.0348837628394161, 0.01605741982686, 0.012064913095444, 0.00776397088743262, 0.00509457542703881, 0.00114611391660357, -0.0511972541096271, -1.37781068700544, 1.19310344578374, 4.83076655711341, 2.70171055674594, 2.70171055674594, 23.3363055293253, 7.29923993243245, 7.29923993243245
6239999999, 0, 4, 4, 0, 0.684986729703647, 0.684986729703647, 1, 4.8289418553197, 3.1472974954076, 6.08340971016631, 40.2774380297062, 0.580178144336156, 0.177573926373877, 0.0703642796289777, 0.0394419444507096, 0.0485826534135707, 0.0232773812195645, 0.0170317645993922, 0.0152363318391493, 0.0179959572296989, 0.0103176169089036, 0.019930930694075, -1.36742758727502, 1.28825335310865, 4.82898298651557, 2.88591931258775, 2.88591931258775, 23.3190766840568, 8.32853027876695, 8.32853027876695
6439999999, 0, 5, 3, 0, 0.682539317448269, 0.682539317448269, 1, 4.90814129493702, 4.10413891843782, 5.63236927968981, 34.4713380222501, 0.577802804398359, 0.186032379244366, 0.106581956857784, 0.0464358175424803, 0.042437292068986, 0.0185196875208776, 0.00769239374821205, 0.00590098038801722, 0.00566591976799323, 0.00293076846292378, -0.00167606350669803, -0.422101037136359, 0.352287236990717, 4.90814158111346, 4.09501626355647, 4.09501626355647, 24.0898537802549, 16.769158198792, 16.769158198792
6639999999, 0, 7, 1, 3, 0.475724435827684, 0.475724435827684, 1, 5.39141858489692, 4.25510206211902, 6.20739876529225, 45.5702278726459, 0.450585032259627, 0.246593236120337, 0.131597718653127, 0.0567409855188815, 0.0385935439392345, 0.0224582469284768, 0.0195705633781818, 0.0129230503465322, 0.0135000202425568, 0.00743760261304451, -0.0883220758059004, -0.424352458545765, 0.018945942732685, 5.39214198131379, 4.23312296882184, 4.23312296882184, 29.0751951466466, 17.919330069167, 17.919330069167
6839999999, 0, 7, 1, 3, 0.459436861655059, 0.459436861655059, 1, 5.44556077825376, 4.49549063905385, 6.27706789874473, 42.5014701340471, 0.456931292992132, 0.28646247379866, 0.139528728215201, 0.0522936923067896, 0.0292227929913606, 0.0139279378184174, 0.00908377407169121, 0.00455455817493584, 0.00515506494970921, 0.00283968468110242, 0.0263920463753057, -0.606250019131442, 0.848337972608189, 5.4456247327343, 4.43870534194559, 4.43870534194559, 29.6548287297675, 19.7021051126163, 19.7021051126163
7039999999, 0, 6, 2, 0, 0.503943379845438, 0.503943379845438, 1, 5.70679956936794, 5.02383452955858, 6.24755566834234, 54.0297316720693, 0.412031755856011, 0.289986119722129, 0.151808940514976, 0.0500385047405928, 0.0468594920942047, 0.0137416271294488, 0.0133722027073383, 0.00850097853732447, 0.0088074279818389, 0.00485295071613606, -0.074254275624507, -1.45026467728318, 1.21626000559176, 5.707282630323, 4.77464041578549, 4.77464041578549, 32.5730750223867, 22.7971911000523, 22.7971911000523
7239999999, 0, 7, 2, 0, 0.486060360950261, 0.486060360950261, 1, 5.69878280506865, 5.11964304156696, 6.26073757832443, 53.9188162513065, 0.418818123873841, 0.296606706676002, 0.154866800865737, 0.0478479735182604, 0.0344925315920349, 0.0136126040356066, 0.0128022523129613, 0.00769629996010832, 0.00850255803964298, 0.0047541491258054, 0.0164841329969502, -1.6898260985836, 1.75905004691155, 5.69880664578004, 4.83300465302368, 4.83300465302368, 32.4763971859868, 23.3579339761485, 23.3579339761485
7439999999, 0, 7, 1, 4, 0.395098704222838, 0.395098704222838, 1, 5.84530981472064, 5.44363186310559, 6.16358816137383, 60.4653022040467, 0.409429452632661, 0.291722379145842, 0.143349758387878, 0.0647502883782262, 0.0388016190806688, 0.0191662351542612, 0.0127761908362462, 0.00813707524387614, 0.00777930398366801, 0.00408769715667263, -0.0708048120162831, -1.50382793765884, 1.06614867656794, 5.84573863181328, 5.27082600197144, 5.27082600197144, 34.1726601514741, 27.7816067430583, 27.7816067430583
7639999999, 0, 7, 1, 0, 0.359754400750143, 0.359754400750143, 1, 5.86996976654362, 5.76745304427481, 5.97715494459588, 55.6914668028904, 0.412083053807448, 0.299944020359206, 0.135438292853436, 0.0484939925480572, 0.041749594621636, 0.0190959642487965, 0.014450315736359, 0.0105763814118437, 0.0116506991045558, 0.00651768530866048, 0.0435941939917468, -0.761822377631027, 0.835694701987789, 5.87013164365893, 5.72559872711598, 5.72559872711598, 34.4584455138859, 32.7824807839521, 32.7824807839521
7839999999, 0, 8, 0, 2, 0.338963722726496, 0.338963722726496, 1, 6.02563220004581, 5.85680168439997, 6.09294860257256, 60.246884737623, 0.371786237485421, 0.290974380541637, 0.157676395408129, 0.0500087473533767, 0.0460331232221088, 0.0213894986317037, 0.0203884194797608, 0.0154996386822986, 0.0168691588987675, 0.00937440029679745, -0.0839463487145995, -0.863393816915071, 0.643253806487964, 6.0262169227212, 5.7795106113934, 5.7795106113934, 36.3152903996913, 33.4027429072089, 33.4027429072089
8039999999, 0, 8, 0, 4, 0.3413866435327, 0.3413866435327, 1, 6.06373405429153, 6.18025734650011, 5.99449521365309, 69.611234356902, 0.391021223954009, 0.309658362448568, 0.167960314040748, 0.0579752437321665, 0.0344896801798562, 0.0165563957730949, 0.00694752918072704, 0.00527626843071699, 0.00641307228377653, 0.00370190997633683, -0.00221274196877751, -1.47878814122456, 1.64014181782205, 6.06373445802188, 5.96771996335739, 5.96771996335739, 36.7688755774019, 35.6136815610544, 35.6136815610544
8239999999, 0, 8, 0, 2, 0.354358593703404, 0.354358593703404, 1, 6.03116415746691, 6.25862276366045, 5.80524483337905, 70.8975413614883, 0.367322373664959, 0.31784380575929, 0.164319766669986, 0.0629666391475075, 0.0355821373592985, 0.0185430180682384, 0.0117665620066383, 0.00811969337439047, 0.00878220272849007, 0.00475380122120113, -0.0429709449340084, -1.99127145776158, 1.84633000140262, 6.03131723559804, 5.92213145770994, 5.92213145770994, 36.376787596422, 35.0716410023977, 35.0716410023977
8439999999, 0, 10, 0, 4, 0.323262808069702, 0.323262808069702, 1, 5.72504789933493, 5.90990392146329, 5.5815780501745, 52.1034903225737, 0.361694024781354, 0.311771521735915, 0.163147106177784, 0.0625713644774679, 0.0297585480215207, 0.0178403629712429, 0.0196294637345086, 0.0126318272480188, 0.0135293516236419, 0.00742642922854598, -0.000259471543788747, -1.44599328740833, 1.33645724347263, 5.72504790521483, 5.76018601651926, 5.76018601651926, 32.7761735170048, 33.179742944904, 33.179742944904
8639999999, 0, 10, 0, 4, 0.266519282473621, 0.266519282473621, 1, 5.68676803302317, 5.982220894246, 5.41581067687628, 51.7187962346095, 0.401207783682686, 0.297814077886486, 0.176095144189841, 0.0606308193331393, 0.038409277092503, 0.0126739514705831, 0.0071990329990713, 0.00230761219616322, 0.00235749857363761, 0.00130480257588978, -0.0180701947339119, -0.941557416085209, 0.778617569281078, 5.68679674274999, 5.91469816858395, 5.91469816858395, 32.3396571933519, 34.9836544254503, 34.9836544254503
8839999999, 0, 10, 0, 6, 0.318758911518025, 0.318758911518025, 1, 5.56079337001677, 5.86396086764706, 5.28445347169697, 67.5751910736658, 0.373561154778978, 0.28699580840928, 0.163925758395725, 0.0564083401509055, 0.0413303268501946, 0.0201398747755312, 0.0170068536326784, 0.0146080595599801, 0.016607237679098, 0.00941658576762906, -0.0112875401453788, -1.30584803700177, 1.41374660762833, 5.56080482597483, 5.68708073018557, 5.68708073018557, 30.922550312585, 32.342887231648, 32.342887231648
9039999999, 0, 9, 0, 6, 0.32968602777423, 0.32968602777423, 1, 5.52527188765019, 5.93042497187119, 5.12895691574065, 88.5562747227655, 0.393223931522823, 0.304763804547703, 0.17089328563785, 0.0613708046858319, 0.0380002157689193, 0.0160028165299775, 0.00916140989440651, 0.00263763064535521, 0.00254041594279015, 0.00140568482434362, -0.0170796474813645, -1.90234045815783, 1.68816593853015, 5.52529828577748, 5.65687016658384, 5.65687016658384, 30.5289211468156, 32.0001800815863, 32.0001800815863
9239999999, 0, 11, 0, 9, 0.363876240500856, 0.363876240500856, 1, 5.46436454774355, 6.39397379330561, 4.38811711555922, 80.5322886048438, 0.356032851254334, 0.296297261673561, 0.182399693151934, 0.0728544772838689, 0.0312236571256724, 0.0207270416521927, 0.0155851997218067, 0.00927081359775173, 0.010106801564914, 0.00550220297396446, -0.0156454355574043, -1.08995808826331, 1.10833705857809, 5.46438694551277, 6.28727925406282, 6.28727925406282, 29.8595246902903, 39.5298804185687, 39.5298804185687
9439999999, 0, 11, 0, 9, 0.398312770118338, 0.398312770118338, 1, 5.16247253894188, 6.11147647433756, 4.04678463773386, 56.4151966448482, 0.297182937871297, 0.326314977780241, 0.174732238728764, 0.0689471818462639, 0.0374620735810306, 0.0237156104536634, 0.0248969829575436, 0.0168536131372174, 0.019137740939543, 0.010756642704436, 0.00466806807256335, -1.21908650861471, 1.17269642490206, 5.16247464944755, 5.99595935613847, 5.99595935613847, 26.6511445061886, 35.9515286004644, 35.9515286004644
9639999999, 0, 11, 0, 5, 0.337754529824, 0.337754529824, 1, 4.90446572776424, 6.00982080392398, 3.51078211186737, 38.017415999296, 0.305975554194211, 0.339286439563581, 0.202550814111549, 0.0705338557725428, 0.0423252047674199, 0.0148544202972708, 0.0118084815852285, 0.00547178531902386, 0.00485692312177537, 0.00233652126739884, -0.0143637480346711, -0.468122583435839, 0.465158385779577, 4.90448676133105, 5.98742404082407, 5.98742404082407, 24.0539903920716, 35.849246644638, 35.849246644638
9839999999, 0, 10, 0, 8, 0.329920910667082, 0.329920910667082, 1, 4.88744196598025, 6.06737100784258, 3.36425477691848, 40.393273134901, 0.303401635972244, 0.332017815705135, 0.200956288295298, 0.0651183620206758, 0.0504935822735431, 0.0155695905108424, 0.0131164114266672, 0.00744770861309097, 0.00767941483275061, 0.00419919034975381, 0.0105879932053173, -0.805911176238485, 0.81974237791634, 4.88745343470656, 6.01644060027948, 6.01644060027948, 23.887201076425, 36.1975574966913, 36.1975574966913
10039999999, 0, 11, 0, 9, 0.372090078314742, 0.372090078314742, 1, 4.72963793897324, 5.99849245928161, 3.00530498820854, 60.5201601417669, 0.282372001922239, 0.341948311938599, 0.197200504159273, 0.0682148125571226, 0.0503634713831463, 0.0144540782496109, 0.0145628899604505, 0.0106031065198178, 0.0128630870765713, 0.0074177362331695, -0.0184705571318572, -0.686565131536582, 0.633001661185821, 4.72967400517792, 5.95777209535165, 5.95777209535165, 22.3698161952558, 35.4950483401508, 35.4950483401508
10239999999, 0, 13, 0, 11, 0.369569014485745, 0.369569014485745, 1, 4.7104213438673, 6.14628289121665, 2.6373770091621, 64.3645461567899, 0.278711663658173, 0.344439132602315, 0.199245307951284, 0.0680562747143837, 0.0589301558720148, 0.0168295343773684, 0.0135504833635683, 0.00788322530657408, 0.00800745906394657, 0.00434676309037309, 0.00240666835319286, -1.08204769909, 1.15561382261032, 4.71042195867984, 6.04195172869639, 6.04195172869639, 22.1880750288132, 36.5051806918973, 36.5051806918973
10439999999, 0, 11, 0, 7, 0.394464067539083, 0.394464067539083, 1, 4.49545779177293, 6.0693047296576, 1.97102384810077, 42.2290461483427, 0.167328954264576, 0.395518735288947, 0.218164635015882, 0.0710662353501211, 0.0630173372123622, 0.0244006489495299, 0.0193878507328328, 0.0150561989027374, 0.0167168205468637, 0.00934258373614801, -0.00952003430403837, -0.509467289801157, 0.468487590041373, 4.49546787205348, 6.04740973415102, 6.04740973415102, 20.2092313886651, 36.5711644927046, 36.5711644927046
10639999999, 0, 12, 0, 11, 0.306615031922274, 0.306615031922274, 1, 4.12370103028177, 5.59117010115629, 1.73264355218393, 15.0186623468203, 0.095629748611012, 0.41823013601118, 0.251638898193086, 0.0851555755307196, 0.0752287095243743, 0.0233538959061671, 0.0237840721282981, 0.0107044813839627, 0.0106524518083002, 0.00562203090290009, -0.00909714010823119, -0.303341705785614, 0.281972743333909, 4.12371106469707, 5.58387873265545, 5.58387873265545, 17.0049929451051, 31.1797017010019, 31.1797017010019
10839999999, 0, 11, 0, 8, 0.323862446553286, 0.323862446553286, 1, 4.09207832191798, 5.57246636455991, 1.64310164623477, 14.630857844828, 0.14069309642613, 0.404265776444553, 0.261747543488947, 0.0882173994690462, 0.0650219919221724, 0.0166744410977881, 0.0152210777710183, 0.00331930793862848, 0.00323987852402543, 0.0015994869176914, 0.00567904803407336, -0.122699495472173, 0.155333401892034, 4.09208226265036, 5.57020994607163, 5.57020994607163, 16.7451372442977, 31.0272388433153, 31.0272388433153
11039999999, 0, 11, 0, 8, 0.42914905240983, 0.42914905240983, 1, 3.96561793198063, 5.40137826428743, 1.59024480423208, 25.5331258915802, 0.138710480559966, 0.404448641734534, 0.25726799060885, 0.0895518310380353, 0.0725390433821262, 0.0189848468187508, 0.0129833231071384, 0.00145539214673626, 0.00234675878755928, 0.00171169181630392, 0.00290901984823004, -0.434919466100235, 0.40722814261372, 3.96561899895121, 5.38732728018346, 5.38732728018346, 15.7261340448428, 29.0232952238089, 29.0232952238089
11239999999, 0, 11, 0, 7, 0.470503085826134, 0.470503085826134, 1, 3.94071444266053, 5.40652201917516, 1.43321534947546, 23.2529539984096, 0.103675338177948, 0.375356366147432, 0.25072314888079, 0.0763475612443084, 0.0888713166785531, 0.0392840168544516, 0.0228141873527275, 0.0152738310083113, 0.0177563688812723, 0.00989786477420493, 0.00982868211777493, -0.234119596070677, 0.312051651866908, 3.94072669968186, 5.40009433097451, 5.40009433097451, 15.5293269215855, 29.161018783423, 29.161018783423
11439999999, 0, 12, 0, 10, 0.468019753213297, 0.468019753213297, 1, 3.62956254486767, 4.96726164567749, 1.36693045447766, 11.7778043062294, 0.122502409645469, 0.322666104856591, 0.315003120085826, 0.104046963043646, 0.082747081335477, 0.026190133227338, 0.0174097009926806, 0.00452969400018066, 0.00333322939269014, 0.00157156342010047, -0.00839021029712231, -0.0571695316059732, 0.0144796156742555, 3.62957224239099, 4.96700137590678, 4.96700137590678, 13.1737946627351, 24.6711026682599, 24.6711026682599
11639999999, 0, 12, 0, 11, 0.434830857454716, 0.434830857454716, 1, 3.25659489254106, 4.43036470234207, 1.32276851298195, 23.1802069381989, 0.130195250737231, 0.302406992688935, 0.318160478949009, 0.07910005775833, 0.0820560579139933, 0.0321556203849002, 0.0248550001468191, 0.0114276598999394, 0.0126290172036081, 0.00701386431723557, 0.00399771786477597, -0.267554812709226, 0.311692520441319, 3.25659734629147, 4.42074873403408, 4.42074873403408, 10.6054262758727, 19.5430193694639, 19.5430193694639
11839999999, 0, 12, 0, 10, 0.378879169355405, 0.378879169355405, 1, 2.97026782331616, 3.99643912422376, 1.34748856031756, 7.97298843577179, 0.0737360971101756, 0.273698031085842, 0.339450083515018, 0.112094037468452, 0.0856527501182832, 0.0339896104816514, 0.0240851413354047, 0.0209670825217335, 0.0232449539755663, 0.0130822123878733, 0.0003394076724774, -0.107597741622909, 0.0503350285147368, 2.97026784270794, 3.99555634754557, 3.99555634754557, 8.82249105742487, 15.9644705264117, 15.9644705264117
12039999999, 0, 12, 0, 11, 0.361901348288596, 0.361901348288596, 1, 2.73434921278412, 3.65471217499478, 1.30358221200076, 16.8021184840058, 0.09232119384684, 0.322552838460393, 0.312754796314513, 0.101645948517255, 0.0879595911530427, 0.0279981462909594, 0.0236244503619058, 0.0106074131231086, 0.0130058474931573, 0.00752977443882598, -0.00837461658355886, -0.225056654227516, 0.215148048449409, 2.73436203741495, 3.64666000073867, 3.64666000073867, 7.47673575165603, 13.2981291609874, 13.2981291609874
12239999999, 0, 13, 0, 13, 0.365745416507977, 0.365745416507977, 1, 2.5551384936643, 3.39389037107917, 1.2821106615249, 6.28063368785236, 0.0883751346766986, 0.277260812815938, 0.326016555454053, 0.123066685689024, 0.0873088132129178, 0.0255489919609266, 0.0288398376673177, 0.0163556319327601, 0.0175857411935664, 0.00964179539679623, -0.00136270481736924, -0.0549204195292476, 0.0351848222123532, 2.5551388570427, 3.39375233721366, 3.39375233721366, 6.52873457876949, 11.5175549263432, 11.5175549263432
12439999999, 0, 13, 0, 12, 0.372917240466516, 0.372917240466516, 1, 2.31908610785828, 3.01315901180121, 1.32579159578714, 16.857566416176, 0.120320202635878, 0.23857884531513, 0.342601623100108, 0.0844927216773599, 0.0996450598740488, 0.0409621880621007, 0.0338945860168733, 0.0164193410376118, 0.0150567944225375, 0.00802863785835195, 0.00496587158542947, -0.309540929483347, 0.3066178397131, 2.31909142457599, 2.99629382425016, 2.99629382425016, 5.37818503554188, 8.97777668123965, 8.97777668123965
12639999999, 0, 13, 0, 13, 0.400986258437507, 0.400986258437507, 1, 2.06715689756913, 2.63137268890749, 1.29837867717984, 5.4231996834922, 0.0443835034124427, 0.164372371587875, 0.353766694905063, 0.131707883701531, 0.103747017062959, 0.0584194563349548, 0.0549204883972047, 0.0321169684571281, 0.0363053125970819, 0.0202603035437591, 0.0045804525496862, -0.101410438722288, 0.126597384583258, 2.06716197229757, 2.62945701248583, 2.62945701248583, 4.27315861971317, 6.91404418051092, 6.91404418051092
12839999999, 0, 13, 0, 13, 0.430184273840429, 0.430184273840429, 1, 1.67335683410526, 2.02685738499917, 1.23757417672827, 8.68693521845835, 0.0597407452582368, 0.151173095858087, 0.328902801585174, 0.0903828723474939, 0.146421428750739, 0.0702584003888114, 0.0653161022253974, 0.0342872221184509, 0.0346950419678485, 0.0188222894997616, 0.00474274691691107, 0.238161774049352, -0.176782803235765, 1.67336355520702, 2.01576857223532, 2.01576857223532, 2.80014558789509, 4.06332293681163, 4.06332293681163
13039999999, 0, 14, 0, 14, 0.592558314534332, 0.592558314534332, 1, 1.52092454856408, 1.79230093670165, 1.20174840730579, 8.03750338256489, 0.116382671810349, 0.123926866878916, 0.410260886402002, 0.0759871329950216, 0.180045165903619, 0.0524833700645093, 0.0185569339789849, 0.00901936029670398, 0.00864637745549981, 0.00469123421439408, -0.00534169177073514, -0.0967840333183242, 0.106158615676997, 1.52093392890547, 1.78698250879518, 1.78698250879518, 2.31324001609583, 3.1933064867399, 3.1933064867399
13239999999, 0, 13, 0, 11, 0.608853840968998, 0.608853840968998, 1, 1.52536501476874, 1.7825715002821, 1.20061998064082, 10.7168013935823, 0.134436171710058, 0.1371186996699, 0.38366668242499, 0.0792376066794629, 0.170507441339345, 0.0507554232920055, 0.0255806629049086, 0.00685822717752466, 0.00770559677501322, 0.00413348802679118, 0.0168973087752111, -0.114367689395866, 0.165202001940602, 1.52545860229778, 1.78018211981076, 1.78018211981076, 2.32702394732429, 3.16904837969394, 3.16904837969394
13439999999, 0, 13, 0, 12, 0.565125534926244, 0.565125534926244, 1, 1.47514549821479, 1.66492977859714, 1.25510672369019, 5.30956184608603, 0.0914726034536136, 0.136870139692694, 0.400815331155415, 0.0901937136241862, 0.200114189202722, 0.0493422933095895, 0.0183197698776751, 0.00705815297209647, 0.00459354714219542, 0.00122025956981221, -0.0125861350285125, 0.0748809204251583, -0.10589821067821, 1.47519919051575, 1.66314046762385, 1.66314046762385, 2.17621265169832, 2.76603621504808, 2.76603621504808
13639999999, 0, 14, 0, 14, 0.555545811882945, 0.555545811882945, 1, 1.46867342708075, 1.68858850348831, 1.2232125606992, 5.16322485906739, 0.109593305547522, 0.133764312078332, 0.39458969775157, 0.0708362392645829, 0.191157213377888, 0.0539453464088309, 0.0262280813840556, 0.00855057864955786, 0.00760634440422513, 0.00372888113343708, 0.00219436449402301, -0.00779852961900907, -0.00411921665733559, 1.46867506639442, 1.68856426612433, 1.68856426612433, 2.15700645064865, 2.85124928083198, 2.85124928083198
13839999999, 0, 13, 0, 13, 0.468775661230458, 0.468775661230458, 1, 1.45700847592042, 1.59902476758491, 1.31252134423002, 5.19811194476442, 0.124596544197873, 0.137637808950481, 0.352054766887656, 0.0700250111400477, 0.202605213691923, 0.0601186777428013, 0.0276916468816965, 0.0109038402480568, 0.00949821046588807, 0.00486827979357579, -0.00125164098661689, -0.125436796211078, 0.132443460775859, 1.4570090135305, 1.59116882275384, 1.59116882275384, 2.12287526550911, 2.53181822250384, 2.53181822250384
14039999999, 0, 13, 0, 12, 0.519151163553446, 0.519151163553446, 1, 1.46744949132652, 1.58066546722265, 1.34440610003327, 6.81571242192719, 0.120443259039131, 0.158400485519139, 0.302214051000155, 0.12428896176151, 0.20241352055834, 0.0482349495620134, 0.0226757298832572, 0.00827924873091339, 0.00851271770712035, 0.00453707623841996, 0.0118882104222089, -0.181762013471747, 0.209106308370693, 1.46749764536149, 1.57190847991498, 1.57190847991498, 2.15354933914151, 2.47089626922861, 2.47089626922861
14239999999, 0, 13, 0, 12, 0.49371334003233, 0.49371334003233, 1, 1.43255113789395, 1.52774011421264, 1.32370887278369, 7.9436247474963, 0.128758544921493, 0.169341274737808, 0.269945146771957, 0.107776655239864, 0.222901471743837, 0.0531347912352073, 0.0279394336370492, 0.0104467988984406, 0.00757199150291703, 0.00218389131142646, -0.0142688540806133, -0.225863357851195, 0.174112460045275, 1.43262219823582, 1.51298368271055, 1.51298368271055, 2.05240636287802, 2.28911962414838, 2.28911962414838
14439999999, 0, 13, 0, 13, 0.531882788164614, 0.531882788164614, 1, 1.39813110225558, 1.48741987835293, 1.31466774153592, 11.9932521394606, 0.138588899091443, 0.153648917492847, 0.297813331855813, 0.0834666727464206, 0.214436477887677, 0.053608271793543, 0.0245868977545116, 0.0133157239843536, 0.0132239847414738, 0.00731082265191827, 0.00109205559464554, -0.175218773955176, 0.191633307383068, 1.39813152874822, 1.47749206002818, 1.47749206002818, 1.95477177167983, 2.18298278744632, 2.18298278744632
14639999999, 0, 15, 0, 15, 0.512091875780593, 0.512091875780593, 1, 1.3680987438916, 1.45643198778744, 1.25711980022683, 8.47402377525002, 0.126551978498493, 0.148711319280388, 0.301603597816398, 0.0929181089296402, 0.221550027093332, 0.0642809783780221, 0.0268821964856937, 0.0088124891759562, 0.00606483836839815, 0.00262446597367911, -0.0169063743623617, -0.205557002992953, 0.142073132092507, 1.36820320074609, 1.44398203017726, 1.44398203017726, 1.87197999853185, 2.08508410347483, 2.08508410347483
14839999999, 0, 14, 0, 14, 0.44067881374837, 0.44067881374837, 1, 1.34721825902386, 1.3540889518807, 1.34945815261208, 9.97362882776942, 0.140089708493435, 0.159555475788138, 0.28507973603273, 0.111023333485024, 0.203329832938525, 0.0703471825324437, 0.0256975224152742, 0.00300765594463918, 0.00154093526314554, 0.000328617106645378, -0.00430656856441698, -0.208275315410952, 0.196038630713445, 1.34722514227581, 1.33787767650733, 1.33787767650733, 1.81501558398007, 1.78991667729666, 1.78991667729666
15039999999, 0, 18, 0, 18, 0.434956688069569, 0.434956688069569, 1, 1.33417914554373, 1.35152905845847, 1.32366960131685, 6.99955179935385, 0.132659066741843, 0.144704854949672, 0.300186369425593, 0.101590099036714, 0.212103971678864, 0.070165989823687, 0.0232594231100578, 0.00588840603825659, 0.00593906174773583, 0.00350275744757769, -0.00631374106980553, -0.127769724263374, 0.0574566020675839, 1.33419408473059, 1.34800287569205, 1.34800287569205, 1.7800738557301, 1.81711175287405, 1.81711175287405
15239999999, 0, 16, 0, 16, 0.401366500910533, 0.401366500910533, 1, 1.32911081919852, 1.38375727434315, 1.28265955316508, 6.93487608713164, 0.124211343154488, 0.133318010889121, 0.3006938083054, 0.112008172773182, 0.191761796159432, 0.0717964071008194, 0.0299549445218116, 0.0142538546418587, 0.0141934812908194, 0.00780818116306796, 0.00249111508111295, 0.173376647100393, -0.175524154656529, 1.32911315370998, 1.36996126171625, 1.36996126171625, 1.7665417753649, 1.87679385860318, 1.87679385860318
15439999999, 0, 16, 0, 16, 0.381160112776491, 0.381160112776491, 1, 1.3253430327879, 1.35325389701863, 1.29773344024622, 4.9779372773292, 0.112686892702985, 0.133505401085318, 0.319408040088511, 0.119851595330065, 0.213709132716529, 0.0650342472249024, 0.0267411066780885, 0.00356524215086615, 0.00346805995225902, 0.00203028207047542, -0.0101554680686444, 0.146085183032254, -0.175542390844089, 1.32538194045759, 1.34423555583388, 1.34423555583388, 1.75663728809113, 1.80696922956802, 1.80696922956802
15639999999, 0, 15, 0, 15, 0.362172279220944, 0.362172279220944, 1, 1.30013701202811, 1.33419799456127, 1.26272426013267, 4.5483112324105, 0.122722778972877, 0.143352869063478, 0.314725850124138, 0.11771175979917, 0.184141733377858, 0.0712737979265386, 0.0213159893067958, 0.0113262377261673, 0.00878174172447305, 0.00464724197850395, 0.0115155736354544, 0.150784607506136, -0.0873511551224055, 1.30018800889776, 1.32819147350077, 1.32819147350077, 1.69048885848153, 1.76409259028014, 1.76409259028014
15839999999, 0, 14, 0, 14, 0.381189663068927, 0.381189663068927, 1, 1.29727977337248, 1.34294324919789, 1.25475517861522, 7.88412528138347, 0.120132497402715, 0.126746931390649, 0.322018620268962, 0.127498712442578, 0.199523144073669, 0.0670259837832009, 0.0233072516900315, 0.00674125627656736, 0.00456178787652856, 0.00244381479509768, -0.00774228622706415, 0.15158562118108, -0.222043512071391, 1.29730287650856, 1.33049868385331, 1.33049868385331, 1.68299475339738, 1.77022674773538, 1.77022674773538
16039999999, 0, 12, 0, 12, 0.358476429967532, 0.358476429967532, 1, 1.23808770194355, 1.35004159765122, 1.12248217126691, 4.35138667912342, 0.112229863438799, 0.140934543405928, 0.312000098265118, 0.109311262711643, 0.203447975781686, 0.072922322234185, 0.0266553147964305, 0.0111743226775563, 0.00765283616710955, 0.00367146052154475, 0.00558727251120499, 0.0266914533281938, -0.00866478095932797, 1.2381003090695, 1.34974961670251, 1.34974961670251, 1.53289237531799, 1.82182402778856, 1.82182402778856
16239999999, 0, 13, 0, 13, 0.37064474324983, 0.37064474324983, 1, 1.24628031308526, 1.33330465076587, 1.16288084442869, 6.80464179846805, 0.122771660856448, 0.157381214645929, 0.303301361076803, 0.0841214566988921, 0.236013859162802, 0.0643996425529721, 0.0237734352086015, 0.00510442263920329, 0.00242700781876582, 0.000705939339582507, 0.00242984170302961, -0.106479119869082, 0.121894467971814, 1.24628268178395, 1.33065354206926, 1.33065354206926, 1.55322052291459, 1.77063884902148, 1.77063884902148
16439999999, 0, 13, 0, 13, 0.353697888061588, 0.353697888061588, 1, 1.24288069887675, 1.40160956329857, 1.05088517646821, 6.98609647703679, 0.120018875313859, 0.165878206271496, 0.27920347625452, 0.0970702863386704, 0.221935706146272, 0.0646865143461926, 0.0240635982480715, 0.0101614620809269, 0.0108098596241831, 0.0061720153758081, -0.0134442245453548, -0.0211616082916865, -0.0497732680476154, 1.24295340975194, 1.40191336339763, 1.40191336339763, 1.54493317881398, 1.96536107847285, 1.96536107847285
16639999999, 0, 15, 0, 14, 0.383117211743168, 0.383117211743168, 1, 1.24857652561012, 1.43288880171772, 1.00337086197781, 4.48797395045774, 0.116872862121261, 0.161716960299674, 0.255891407139555, 0.105404493572523, 0.228529508840131, 0.0832994681916066, 0.0252888372913607, 0.0136428886716497, 0.00796266851519474, 0.00139090535704378, 0.0181595884417199, -0.0025212527891104, 0.0430083089896697, 1.24870857727374, 1.43288677970905, 1.43288677970905, 1.559273110957, 2.05316452346498, 2.05316452346498
16839999999, 0, 12, 0, 12, 0.323834111825001, 0.323834111825001, 1, 1.24982442279301, 1.32136216855883, 1.15043160782772, 5.76614591828999, 0.151765919128882, 0.172074609573253, 0.243336261544073, 0.137058778892237, 0.175326524575649, 0.089024104960843, 0.0248965708334469, 0.00337149085367155, 0.00201105933476439, 0.00113468030317947, 0.0177974422601133, -0.0216625173722195, 0.0924485708863172, 1.24995113374919, 1.32124649928441, 1.32124649928441, 1.56237783676089, 1.74569231187131, 1.74569231187131
17039999999, 0, 12, 0, 10, 0.144281832393536, 0.130901104967184, 0, 1.88292042943449, 1.22549714619694, 2.17590881601852, 20.210854769155, 0.205941776310994, 0.280808076386734, 0.200450613763461, 0.0975984968194775, 0.0801123339142754, 0.0500081057024522, 0.0318332988895954, 0.0207318517759083, 0.0210787930835442, 0.0114366533535579, 0.0601414211886383, 0.468282480661074, -0.225615816333158, 1.88388065814275, 1.12600413568625, 1.12600413568625, 3.54900633412436, 1.26788531358254, 1.26788531358254
17239999999, 0, 13, 0, 10, 0.11582818207326, 0.0359118849598421, 0, 2.04847759563347, 1.25414473837382, 2.54715038691269, 22.5404745232696, 0.237863713104867, 0.304463717570445, 0.160290247750164, 0.0800865658784961, 0.0850530578563599, 0.0334914508670833, 0.0321029835929112, 0.0243468044779409, 0.0270680500082747, 0.015233408893459, -0.0398072171461953, 0.522405341438723, -0.620576728657515, 2.04886433771228, 1.14591626780828, 1.14591626780828, 4.19784507434919, 1.31312409282766, 1.31312409282766
17439999999, 0, 14, 0, 12, 0.178664071172364, 0.178664071172364, 1, 2.33542623039553, 1.11476009798038, 3.1066004160542, 12.123135620877, 0.270417534804646, 0.37843735050697, 0.163567981112388, 0.061114967303774, 0.0771226408174501, 0.0350873853584018, 0.0113354756779057, 0.00172899875159041, 0.000902211882940977, 0.000285453783934072, -0.0201915213820306, 0.211130484163138, -0.350958281077835, 2.33551351423091, 1.09009226285625, 1.09009226285625, 5.4546233751552, 1.18830114153905, 1.18830114153905
17639999999, 0, 12, 0, 10, 0.362976897549093, 0.362976897549093, 1, 2.61214386888744, 1.18397129036727, 3.3146601988015, 20.2800552541706, 0.180217935727351, 0.372023101246329, 0.147472866570341, 0.0557351358132901, 0.0860374168896037, 0.0494510879103878, 0.0378871663834975, 0.0258786207693255, 0.0291017452251871, 0.0161949234646882, 0.0736733606020301, 0.400475775339927, -0.122410373719615, 2.61318261050173, 1.11932689923691, 1.11932689923691, 6.82872335582864, 1.25289270735532, 1.25289270735532
17839999999, 0, 11, 0, 9, 0.411922690983171, 0.411922690983171, 1, 3.12900646453758, 1.37265164941613, 4.16935261896773, 31.3180832487597, 0.335837667447743, 0.351549532737591, 0.124902082153651, 0.0426254574480758, 0.059743084065121, 0.0332455286659884, 0.0191015538689803, 0.0127853393499557, 0.0131340153220913, 0.00707573894080274, 0.0432587789376212, 0.762835077111301, -0.53835317990213, 3.12930547838863, 1.15351736576171, 1.15351736576171, 9.79255277707312, 1.33060231311384, 1.33060231311384
18039999999, 0, 12, 1, 9, 0.454062978511156, 0.454062978511156, 1, 3.23634017594888, 1.30418453060546, 4.30569445341049, 28.4119148361286, 0.301378714658953, 0.342171876182797, 0.101031352250043, 0.0566563634359844, 0.0633321707316498, 0.0381811036935264, 0.031820097418509, 0.0231927124657312, 0.0269383623896698, 0.0152972467731367, -0.0589851733590466, 0.59831455888108, -0.810941560993104, 3.2368776598965, 1.15224254623247, 1.15224254623247, 10.477376985137, 1.32766288534829, 1.32766288534829
18239999999, 0, 9, 0, 5, 0.455717818102708, 0.455717818102708, 1, 3.45200763981848, 1.15630385728025, 4.75532953447458, 19.8629840362342, 0.368651442375383, 0.36628048526689, 0.130999597724382, 0.0408240723439705, 0.0591941138816835, 0.0165818396122764, 0.00859711753298671, 0.00371609109135467, 0.00340824418235346, 0.0017469959887197, -0.0172183018509146, 0.389452870748908, -0.482841279402711, 3.45205058121745, 1.09107289239304, 1.09107289239304, 11.9166532152838, 1.19044005651491, 1.19044005651491
18439999999, 0, 12, 0, 8, 0.523637227285844, 0.523637227285844, 1, 3.50570254157013, 1.08815078446092, 4.80264389531071, 19.1423263061503, 0.301322872535097, 0.387919868186, 0.105096811091094, 0.0675239937007362, 0.0645368073637745, 0.0254827012075829, 0.0196790802917819, 0.0115278128234648, 0.0111798559701351, 0.00573019683033349, 0.0458011261509376, 0.432531539469663, -0.264560408175091, 3.50600171892827, 0.999323808468414, 0.999323808468414, 12.292048053128, 0.998648074171815, 0.998648074171815
18639999999, 0, 8, 0, 4, 0.557521892064009, 0.557521892064009, 1, 3.76660306194174, 1.19407606785115, 5.16416615151554, 28.761974737592, 0.334740315037023, 0.380013819916005, 0.119533839069873, 0.0493823205985204, 0.0551541762864398, 0.0222294481263903, 0.0140868024902171, 0.00952818878992915, 0.00995851268134081, 0.0053725770042613, 0.0449409832448874, 0.677495547356977, -0.468188118723006, 3.76687115763254, 0.987790401628153, 0.987790401628153, 14.1893183182039, 0.975729877548708, 0.975729877548708
18839999999, 0, 9, 0, 5, 0.544385501464677, 0.544385501464677, 1, 3.77490075726588, 1.1468931368169, 5.23087815467694, 26.9725856635016, 0.390241617149503, 0.35620541260433, 0.108100026235483, 0.0378347111899365, 0.0591312076229457, 0.0167032589202144, 0.00973858130847288, 0.00729054059365521, 0.00929662845216285, 0.00545801592329737, -0.014383451484228, 0.700718812988271, -0.729626207198169, 3.77492815969829, 0.906872520780632, 0.906872520780632, 14.2500826108831, 0.822417768947017, 0.822417768947017
19039999999, 0, 9, 1, 6, 0.550066715668764, 0.550066715668764, 1, 4.01193869502786, 1.01452400820556, 5.53464759444141, 19.7396275192703, 0.372975967690906, 0.329295068973354, 0.0909954634907876, 0.0593155827891491, 0.0600617055106063, 0.0206730964339511, 0.0213891545998287, 0.0166447333228331, 0.0183800044102204, 0.010269222778364, -0.0559647707439305, 0.447410569390562, -0.689794657656988, 4.01232901794286, 0.908960993630063, 0.908960993630063, 16.0987841482263, 0.826210087940952, 0.826210087940952
19239999999, 0, 9, 0, 6, 0.546484313333767, 0.546484313333767, 1, 4.07858365078736, 1.33248337197739, 5.59310957648437, 17.0229579524019, 0.365339425212033, 0.350167458789429, 0.0865128852332815, 0.0461852805457102, 0.0503906546438785, 0.0252247546559772, 0.0225718839448403, 0.019729118298984, 0.0217204259084803, 0.0121581127673865, 0.043624287508301, 0.520311734401257, -0.470793974386982, 4.07881694550399, 1.19280240568661, 1.19280240568661, 16.6367476749305, 1.42277757901176, 1.42277757901176
19439999999, 0, 9, 0, 5, 0.57576550673951, 0.57576550673951, 1, 4.19080595717277, 1.67218665016611, 5.70844462795268, 25.3475099513982, 0.360741836290588, 0.384200585022933, 0.105812259017727, 0.0413932080222589, 0.0520263962820933, 0.0203066746350605, 0.00903149492601656, 0.0092884096737765, 0.0109226119415026, 0.00627652418804403, -0.0102413405491752, 0.763192612360504, -0.657874495488157, 4.19081847086354, 1.53641978716182, 1.53641978716182, 17.562959455731, 2.36058576238237, 2.36058576238237
19639999999, 0, 9, 0, 5, 0.527899571062826, 0.527899571062826, 1, 4.39905911429067, 2.4185821598637, 5.71953707459213, 13.1801406470259, 0.352522669086475, 0.392776835753991, 0.106907824932214, 0.0476099097179331, 0.0526170326256123, 0.0134168586282905, 0.0120239536475436, 0.00850076376808324, 0.00877855760983264, 0.00484559423002482, -0.0423933637493404, -0.0906116412239475, -0.0678850690529832, 4.39926338019376, 2.4147777071781, 2.4147777071781, 19.3535182883138, 5.83115137508433, 5.83115137508433
19839999999, 0, 8, 0, 2, 0.463937955369683, 0.463937955369683, 1, 4.478915992795, 2.91349570248234, 5.60802314908945, 17.4226463984298, 0.322157325904335, 0.409229530025547, 0.129483239824574, 0.0297852282444446, 0.0472802068130952, 0.0155999766945867, 0.0142986765783926, 0.0117678201576898, 0.0130733197363313, 0.00732467602100409, 0.0448331635607497, 0.215415497619512, -0.16944438966503, 4.47914037322672, 2.89551274620327, 2.89551274620327, 20.0626984830696, 8.38399406342559, 8.38399406342559
20039999999, 0, 8, 0, 0, 0.404550163678157, 0.404550163678157, 1, 4.57162567695878, 3.16110738785048, 5.58182456219438, 15.7463516077071, 0.287449307099642, 0.398404964767313, 0.11260100434908, 0.0637929011895643, 0.0379531829879804, 0.0265207588431948, 0.0248233053741903, 0.0180489718052949, 0.0195665312504802, 0.010839072333261, -0.0625892074627389, 0.527857057373377, -0.703843951601521, 4.57205410500791, 3.12239286032152, 3.12239286032152, 20.9036787391197, 9.7493371741868, 9.7493371741868
20239999999, 0, 8, 0, 0, 0.350067727678696, 0.350067727678696, 1, 4.6634028128036, 3.89328766010058, 5.32006311979083, 12.9205631306601, 0.295924951091436, 0.449109231078867, 0.0949698389631451, 0.0532230573414144, 0.045741275337344, 0.0210777544047583, 0.016972551611793, 0.00982125838386401, 0.00879280662624544, 0.00436727516113225, 0.0390680058002384, -0.0662000120698175, 0.351910983593602, 4.66356645750243, 3.89004409562232, 3.89004409562232, 21.7488521035417, 15.1324430658861, 15.1324430658861
20439999999, 0, 10, 0, 5, 0.338443202633655, 0.338443202633655, 1, 4.74336156947971, 4.2145894763937, 5.18934423961324, 16.3652829857591, 0.27879636834884, 0.441842443868211, 0.117228481538808, 0.0428892297059835, 0.0455713377643363, 0.0179395101594674, 0.0184652616467973, 0.0136850051034022, 0.01512693307059, 0.00845542879356407, -0.0515533250385408, -0.615231564195585, 0.448739929251874, 4.74364171540596, 4.16833029823823, 4.16833029823823, 22.5021367241396, 17.3749774752108, 17.3749774752108
20639999999, 0, 9, 0, 3, 0.335960829412414, 0.335960829412414, 1, 4.81295767990695, 4.62728474552837, 5.01332657247509, 18.1207066329055, 0.289334266748247, 0.480197374420318, 0.111072493205527, 0.0318151566178124, 0.0386478789899954, 0.0154585189529815, 0.0116775970585761, 0.00839780351830933, 0.00868884104682555, 0.00471006944140761, 0.0250021981572845, -0.366900615430562, 0.290845591581187, 4.8130226197773, 4.62297979889345, 4.62297979889345, 23.165186738488, 21.3719422209769, 21.3719422209769
20839999999, 0, 8, 0, 0, 0.350351261837689, 0.350351261837689, 1, 4.86592640030997, 4.74007425258225, 5.00576187101238, 17.4235949868457, 0.278759217589686, 0.478038726954618, 0.0983781920796562, 0.0468993285007666, 0.0346009036784603, 0.0179027210513943, 0.0136964510328641, 0.0114465323117656, 0.0129559324057375, 0.00732199439505188, -0.0288950711247868, 0.0399237270474324, -0.100017119373066, 4.86601219258325, 4.74000844967699, 4.74000844967699, 23.6780746583688, 22.4676801030092, 22.4676801030092
21039999999, 0, 8, 0, 0, 0.374463591579899, 0.374463591579899, 1, 4.91306887726956, 4.99465348097437, 4.85867207845663, 19.4388853215657, 0.281546361498042, 0.491836540795948, 0.108404503997266, 0.0322365886127483, 0.032815349438537, 0.0184072582300886, 0.0107740532822176, 0.00902566099008686, 0.00962793887463702, 0.00532574428042862, 0.0211338483664521, -0.369198420866216, 0.532492340050697, 4.91311433129147, 4.97204884161354, 4.97204884161354, 24.1386924323416, 24.7212696833906, 24.7212696833906
21239999999, 0, 9, 0, 2, 0.395337710278993, 0.395337710278993, 1, 4.99081191742517, 5.24694946960233, 4.6904458833714, 23.4908066870111, 0.257402627612905, 0.451386440323685, 0.112828736506558, 0.0406173821033054, 0.0501668872795619, 0.0210120686572397, 0.0202868322741291, 0.0167205931806717, 0.0189128845233541, 0.0106655475385905, -0.0522261221766102, -0.864043459860025, 0.792614560970715, 4.99108516887367, 5.16683316061745, 5.16683316061745, 24.9109311629508, 26.6961649096561, 26.6961649096561
21439999999, 0, 8, 0, 2, 0.406543279379194, 0.406543279379194, 1, 5.11410989725781, 5.34361535876043, 4.88257974520948, 30.4884808031903, 0.258682674685132, 0.456751702465964, 0.141407317147615, 0.0691011948684022, 0.0213653550705937, 0.0123525729561766, 0.0124145832033703, 0.00996889692859073, 0.0114742272433311, 0.00648147543082479, 0.0365283721135236, -0.936433602256142, 0.960333651597783, 5.11424035055056, 5.27854745384764, 5.27854745384764, 26.1554543631995, 27.8630632225214, 27.8630632225214
21639999999, 0, 8, 0, 0, 0.392761826282713, 0.392761826282713, 1, 5.20977017448036, 5.64488749219301, 4.69226753369763, 36.4498860460241, 0.244829275028337, 0.409409273992988, 0.167962507229572, 0.0406802017196306, 0.0367266291901189, 0.0294809296208886, 0.0234353148787489, 0.0174701713698071, 0.0192363489948052, 0.0107693479751031, -0.0577005431433247, -0.514606554039583, 0.225445625149632, 5.21008969438954, 5.62658084536473, 5.62658084536473, 27.1450346235841, 31.6584120094253, 31.6584120094253
21839999999, 0, 9, 0, 4, 0.407570325234381, 0.407570325234381, 1, 5.20063597124719, 5.73315409385494, 4.63031038615552, 43.9769491124545, 0.265073929484667, 0.403170497321346, 0.213244014612946, 0.0475119165467746, 0.0210122883148532, 0.0167920321660864, 0.0111622217458427, 0.00821130054108441, 0.00888209702307799, 0.00493970224332213, 0.0295884785633337, -0.75353096628949, 0.979666279505401, 5.2007201408549, 5.66897329661665, 5.66897329661665, 27.0474899834939, 32.1372582377527, 32.1372582377527
22039999999, 0, 9, 0, 3, 0.348793037936172, 0.348793037936172, 1, 5.11528919379544, 5.58842938101491, 4.60049524501535, 33.1983485975156, 0.265758396620702, 0.379328895078471, 0.233886160764707, 0.0526718079351578, 0.0324503872059881, 0.0101191259050391, 0.00656656514188128, 0.00670179494714543, 0.00794993565696838, 0.00456693074393976, -0.0377586240156782, -0.759071162048837, 0.459879025962977, 5.11542854996998, 5.55095972277282, 5.55095972277282, 26.1676092498479, 30.8131538438461, 30.8131538438461
22239999999, 0, 8, 0, 3, 0.322832334653745, 0.322832334653745, 1, 5.11780192556597, 5.70037789635793, 4.50376535712609, 28.2351608352383, 0.246422751350505, 0.386561623433379, 0.230875761601431, 0.0421256714125342, 0.0364501263983225, 0.0129393723035802, 0.0117729191913857, 0.0114856539731472, 0.0135653913620778, 0.00780072897363701, 0.0105467018058062, -0.126556569094659, 0.256772591531932, 5.11781279280962, 5.69820038636618, 5.69820038636618, 26.1920077822458, 32.4694876431836, 32.4694876431836
22439999999, 0, 8, 0, 0, 0.282604271496553, 0.282604271496553, 1, 5.06568601965308, 5.55853542001846, 4.56111361411143, 53.335133470017, 0.262933648936786, 0.380078310958706, 0.250236983107903, 0.0430037633568115, 0.0366576086652877, 0.0099761307719487, 0.00794385578355718, 0.0042968766201545, 0.00337832641932502, 0.00149449537951959, -0.0118126830680274, -0.952569367617849, 0.879987204670945, 5.06569979264365, 5.47026560831489, 5.47026560831489, 25.6613143891899, 29.9238058255127, 29.9238058255127
22639999999, 0, 10, 0, 4, 0.273226687506826, 0.273226687506826, 1, 5.01683103737048, 5.572829734843, 4.43696981045474, 35.2767478906744, 0.227149717054587, 0.334960168967988, 0.253409143340481, 0.0611161205221732, 0.04048055311783, 0.0261514494884166, 0.0224037386587204, 0.0142375969938457, 0.0133161991299999, 0.00677531272595778, -0.00000925851853471471, -0.314866106444581, 0.31328961332456, 5.01683103737903, 5.56821012654185, 5.56821012654185, 25.1685936576095, 31.0049640133232, 31.0049640133232
22839999999, 0, 11, 0, 7, 0.224575732244886, 0.224575732244886, 1, 4.85547605128807, 5.14775998952035, 4.56731234958976, 18.8899606398195, 0.216086406568407, 0.335459380345541, 0.274796690853326, 0.0543265194525441, 0.0421405484799808, 0.0181688326001763, 0.016928506290183, 0.0147440427405075, 0.0173737830639972, 0.00997528960533711, 0.0261073599515171, -0.29078556257018, 0.389611591965415, 4.85554623898028, 5.13583481885924, 5.13583481885924, 23.5763292788756, 26.3767992866069, 26.3767992866069
23039999999, 0, 11, 0, 5, 0.255264295917011, 0.255264295917011, 1, 4.867159526016, 5.17104990027058, 4.53235458033947, 19.6534534223688, 0.182453448055205, 0.330470637467563, 0.268864909245541, 0.0495550251244059, 0.0416419196953302, 0.0273935510088177, 0.0292203358639712, 0.0247592940524274, 0.0290527798676748, 0.0165880996190637, -0.0435772670675015, -0.0979439550613023, -0.0590220878760526, 4.86735460285085, 5.17155955267015, 5.17155955267015, 23.6911408298934, 26.7450282068138, 26.7450282068138
23239999999, 0, 12, 0, 9, 0.261734862833596, 0.261734862833596, 1, 4.85226138879745, 5.00761769667068, 4.7038457486392, 36.3071900781989, 0.201666284888612, 0.329652742388813, 0.317011024280812, 0.0742357090026297, 0.0470788016782588, 0.00942548278119824, 0.00693255511534911, 0.00564362265678903, 0.00547308172502044, 0.00288069548251754, 0.0325023412087582, -0.415004075826072, 0.62070935919072, 4.85237024426193, 4.98344808281575, 4.98344808281575, 23.5454969873986, 24.83475479412, 24.83475479412
23439999999, 0, 12, 0, 9, 0.303787063007422, 0.303787063007422, 1, 4.9032459221145, 4.99584105036818, 4.72642559220017, 28.1551767380877, 0.136094971032469, 0.342529110249166, 0.338511615178985, 0.0481614279810671, 0.0741095936443451, 0.0208704234516033, 0.018195691774359, 0.0102986702593917, 0.0079101944709292, 0.00331830195768434, -0.0682493862170096, -0.334785149843964, 0.0526916791140081, 4.90372088841234, 4.98900283170428, 4.98900283170428, 24.0464785514515, 24.8901492547533, 24.8901492547533
23639999999, 0, 12, 0, 9, 0.312799101422155, 0.283071902616611, 0, 4.77130348161305, 4.66244354581445, 4.86391702411391, 10.3901573528396, 0.0611116733356938, 0.360211445361082, 0.354604403706476, 0.0629340367977939, 0.062982326355745, 0.019916716646725, 0.0227524783323605, 0.0196303245465862, 0.0228220953196379, 0.0130344995978992, 0.0446216871494845, -0.0243484431858257, 0.294498547131661, 4.77151213019697, 4.6618822288835, 4.6618822288835, 22.7673280086169, 21.7331459159798, 21.7331459159798
23839999999, 0, 11, 0, 7, 0.333454950095837, 0.32532723318598, 0, 4.84274558565326, 4.82313400544837, 4.86230415224944, 14.2302025157303, 0.125207130049678, 0.329021651020961, 0.36484594667882, 0.0685284735407084, 0.070341394089581, 0.0132912444833014, 0.0103413598162523, 0.00699462203174657, 0.00739159685658656, 0.00403658143236408, -0.0387289709474298, 0.0240584555769042, -0.317600860345928, 4.84290044710345, 4.8226263638097, 4.8226263638097, 23.4536847405548, 23.2577250449124, 23.2577250449124
24039999999, 0, 11, 0, 7, 0.362954812684716, 0.362954812684716, 1, 4.77431243600968, 4.65517804517629, 4.92107882766921, 12.0189121064155, 0.0961019247176762, 0.309056180003146, 0.408921073543667, 0.0633872269536597, 0.0711048349785705, 0.0114623131248355, 0.0100193274689037, 0.00989953095326045, 0.0126155760668549, 0.00743201218942474, 0.0164341849242626, -0.197087505908643, 0.342189218969211, 4.77434072088187, 4.64977202043268, 4.64977202043268, 22.7943293190708, 21.6203798419986, 21.6203798419986
24239999999, 0, 11, 0, 9, 0.40204239907963, 0.40204239907963, 1, 4.80821788516916, 4.68939371156369, 4.93265313829403, 13.2899927576545, 0.0513594573426434, 0.286138695019624, 0.39251352791682, 0.0642464997074146, 0.0826261378234635, 0.0298613647191028, 0.0282608128180213, 0.023086868891963, 0.0267132588987587, 0.015193376862189, 0.0338827354659738, -0.00947573203466055, 0.090067791875664, 4.80833726677146, 4.68935109768617, 4.68935109768617, 23.1201072710232, 21.9900137173705, 21.9900137173705
24439999999, 0, 13, 0, 13, 0.468029626376984, 0.468029626376984, 1, 4.78221296430618, 4.52491391656973, 4.9682911367429, 11.6156392546593, 0.0833534371310436, 0.245969575660262, 0.409969695547318, 0.0748820572315618, 0.0798302309881706, 0.0314479226052744, 0.0244455587334174, 0.0187708225419925, 0.0201575476077274, 0.0111731519532324, -0.0613719480650937, -0.0942041336203743, -0.0878946180473142, 4.78260675280619, 4.52389423255513, 4.52389423255513, 22.8733273519874, 20.4656190273455, 20.4656190273455
24639999999, 0, 12, 0, 11, 0.546846698491444, 0.546846698491444, 1, 4.71976436470647, 4.41741315956482, 4.99989622573664, 14.7645615987928, 0.0881568575737394, 0.220898881722979, 0.491494273267078, 0.0615177523337558, 0.0748141674050293, 0.0259516640920106, 0.0163093076963711, 0.00952945087192401, 0.00778918411991753, 0.00353846091719411, 0.0397969866496254, -0.0590226376883965, 0.286265834469521, 4.71993214553975, 4.41593005384021, 4.41593005384021, 22.2777594584995, 19.5004382404092, 19.5004382404092
24839999999, 0, 12, 0, 10, 0.607360169572366, 0.607360169572366, 1, 4.7344451688015, 4.42871872187081, 5.01119868370352, 8.24507474685086, 0.0586569635930812, 0.171916054981298, 0.530423194137594, 0.0924834851478227, 0.0995842373424341, 0.0169200243677913, 0.00925315506949863, 0.00734604661176215, 0.00854076309996009, 0.00487607564875775, -0.0429923547573217, -0.242828519041323, -0.0689696216846008, 4.73464036638005, 4.4276232927458, 4.4276232927458, 22.4168193989555, 19.6038480224651, 19.6038480224651
25039999999, 0, 12, 0, 12, 0.642202657477814, 0.642202657477814, 1, 4.72202748227054, 4.44193853541035, 5.01961613409451, 7.09320870091944, 0.0551440513748644, 0.128246362439522, 0.541063420773304, 0.0768691063979186, 0.106296531883802, 0.0198430167629569, 0.0186612188151518, 0.0183664470103045, 0.0224523199479715, 0.0130575245942044, 0.0104195802793172, 0.107055602064847, 0.0918591339161522, 4.72203897812919, 4.44300985817715, 4.44300985817715, 22.2976521109714, 19.7403365998593, 19.7403365998593
25239999999, 0, 12, 0, 12, 0.655961353349281, 0.655961353349281, 1, 4.76078108130496, 4.56815705152109, 4.94573038859368, 8.9871941456063, 0.0425345990478376, 0.113329026058211, 0.512301738384772, 0.0896781046955813, 0.110744756228204, 0.0384613007627333, 0.0290477970793508, 0.0226047439606263, 0.0263288366078171, 0.0149690971748669, 0.0381780852109626, -0.237589258321725, 0.196038923673547, 4.76093415941679, 4.5694568748562, 4.5694568748562, 22.6664940703016, 20.8799361311706, 20.8799361311706
25439999999, 0, 12, 0, 12, 0.66775781444836, 0.66775781444836, 1, 4.7545476361882, 4.58303251671495, 4.86655964815516, 8.83367601652369, 0.052433456905774, 0.105455376144306, 0.498065209145957, 0.0786274525629917, 0.105252577190976, 0.0452152133004359, 0.0353662241663122, 0.0288002967508852, 0.0324530619676526, 0.0183311318647096, -0.0593753251818826, -0.121272897857219, 0.0389004106402405, 4.75491836460136, 4.57890845114537, 4.57890845114537, 22.6092486540233, 20.9664026039705, 20.9664026039705
25639999999, 0, 13, 0, 13, 0.675414951619598, 0.675414951619598, 1, 4.75079092201341, 4.73778363528612, 4.78812627317165, 12.0539168866827, 0.0559140277132108, 0.10955083465844, 0.552999334971376, 0.0975073345589939, 0.103137475131595, 0.0211690940247691, 0.0183389863202207, 0.0153234978644392, 0.0167093366777328, 0.00935007807922311, 0.0228266302908995, -0.0984990204327584, 0.113052164270819, 4.75084576046576, 4.73877817977827, 4.73877817977827, 22.5705354397354, 22.4560186371427, 22.4560186371427
25839999999, 0, 13, 0, 13, 0.690269925292139, 0.690269925292139, 1, 4.73769028894794, 4.72943811873065, 4.78333509936665, 9.44320116481572, 0.054456614165259, 0.0999635641080942, 0.60429986118236, 0.0656494975748529, 0.124100745852243, 0.0260947196469357, 0.0133941698018809, 0.00664330807356737, 0.00426041159184136, 0.00113710800296595, 0.00469978424256064, -0.238367589401545, 0.24992285309305, 4.7376926200381, 4.71992060022532, 4.71992060022532, 22.4457313619635, 22.2776504724313, 22.2776504724313
26039999999, 0, 13, 0, 13, 0.683051154578047, 0.683051154578047, 1, 4.76123133111398, 4.88169689854058, 4.64714195697773, 10.416663075731, 0.0543974249986821, 0.0793352705752307, 0.599427841494816, 0.0827354730179967, 0.111873328356919, 0.0341165091619395, 0.018690268777882, 0.00941797816810266, 0.00714818790701385, 0.00285771754141747, -0.0331764822161348, 0.0240782012765018, -0.0945018478711017, 4.7613469173495, 4.88158734107013, 4.88158734107013, 22.6704244673536, 23.8298949684961, 23.8298949684961
26239999999, 0, 13, 0, 12, 0.679181895138571, 0.679181895138571, 1, 4.75525880983228, 4.85794561802902, 4.65266802895647, 7.88454803038487, 0.0278616789261519, 0.0716450273341553, 0.604810422179951, 0.0983456850217517, 0.119818077417277, 0.0323811462383616, 0.0171007735873149, 0.0112946379509618, 0.0109264875005603, 0.0058160638435146, 0.0368777941258478, -0.184126205730562, 0.343051328004912, 4.75540180428395, 4.8544063105675, 4.8544063105675, 22.6138463201871, 23.5652606280775, 23.5652606280775
26439999999, 0, 13, 0, 12, 0.653072284586168, 0.653072284586168, 1, 4.73807056372651, 4.86358178998947, 4.64665706821887, 11.2380561695678, 0.0678262020794495, 0.0732141601340381, 0.57134348630665, 0.0823576071282917, 0.116312471884006, 0.0290721146584601, 0.0175350179613801, 0.0148891532614366, 0.017476109732118, 0.0099736768541695, -0.00767916507392421, -0.0680270283985054, 0.0274076536484317, 4.73807678667494, 4.86209068277979, 4.86209068277979, 22.4493716364279, 23.639925807574, 23.639925807574
26639999999, 0, 13, 0, 12, 0.641329196044005, 0.641329196044005, 1, 4.6967165000887, 4.9085680146029, 4.51401164715078, 12.4357514399617, 0.0751188958221328, 0.0996097869757445, 0.560201982587378, 0.0749347494579613, 0.124627630654568, 0.0207789369101671, 0.0106170784165532, 0.0114170696395194, 0.0142842698666052, 0.00840959966937123, 0.0038540309558367, -0.247940672111074, 0.190857510397819, 4.69671808135852, 4.90843853385166, 4.90843853385166, 22.0591607357601, 24.0927688405998, 24.0927688405998
26839999999, 0, 13, 0, 13, 0.637257080149119, 0.637257080149119, 1, 4.71650487040658, 4.9782835954691, 4.44994762179895, 9.12388632903159, 0.0374507262726945, 0.0996703413902096, 0.549429395199587, 0.0727577619749043, 0.129464289170926, 0.028244632210961, 0.02479100850851, 0.0205238716936487, 0.0239773291215078, 0.0136906444570507, 0.0323838059910505, -0.190720245955201, 0.337627449350002, 4.71661604367575, 4.97168017550188, 4.97168017550188, 22.2464669034595, 24.7176037674784, 24.7176037674784
27039999999, 0, 13, 0, 13, 0.642245004728396, 0.642245004728396, 1, 4.71084069933452, 5.008533858647, 4.37358804467445, 16.0903871632211, 0.0401130999382934, 0.100184843175301, 0.575988247735078, 0.0779989739972958, 0.131240879648859, 0.021240071194996, 0.0157117855754586, 0.0129016230041983, 0.0156211326140356, 0.00899934311648332, -0.045784969658711, -0.123296573181644, -0.0542163683774204, 4.71106318764174, 5.00739318164359, 5.00739318164359, 22.1941163579532, 25.0739864755707, 25.0739864755707
27239999999, 0, 13, 0, 13, 0.657003495985422, 0.657003495985422, 1, 4.67080940329783, 4.9685970909222, 4.36878482871478, 8.35796143904626, 0.0404978813693239, 0.100283610782794, 0.600837336159054, 0.0804785313833597, 0.133745398181241, 0.0211398975684052, 0.00840135526539933, 0.00535882676822283, 0.00592334365391979, 0.00333381886827994, 0.0289737077913063, -0.14891202670665, 0.31135437721273, 4.67089926648805, 4.96552037508522, 4.96552037508522, 21.8172999576786, 24.6563925953865, 24.6563925953865
27439999999, 0, 13, 0, 13, 0.653227599748184, 0.653227599748184, 1, 4.65100842644239, 5.01291403901104, 4.28658003991814, 16.5346373238341, 0.0546337164796856, 0.0979565912224614, 0.541653394046176, 0.0887621982182146, 0.129448094013201, 0.0318833928471981, 0.0200659271294134, 0.0135235621490491, 0.0142366305617938, 0.00783649333280727, 0.0207572415649944, -0.151672293710939, 0.231065639488405, 4.65105474552983, 5.00830957174469, 5.00830957174469, 21.6323102459155, 25.0831647664294, 25.0831647664294
27639999999, 0, 14, 0, 14, 0.634957106920087, 0.634957106920087, 1, 4.57880478312265, 5.06877825280005, 4.03435345382317, 8.9161845927542, 0.0642772580693635, 0.119272628105062, 0.504917333278555, 0.101365028018804, 0.124142140348313, 0.0332262543702453, 0.0205254170947587, 0.0124604073079579, 0.0128499972239433, 0.00696353618299766, -0.0345331078005757, -0.176848500508408, -0.0975234664186626, 4.57893500472339, 5.07077375478997, 5.07077375478997, 20.9666457774812, 25.7127464722668, 25.7127464722668
27839999999, 0, 14, 0, 14, 0.664886581878402, 0.664886581878402, 1, 4.49429600043285, 4.97470826631566, 3.99534000111651, 10.9506509797129, 0.061729384811545, 0.124202587319532, 0.529191937666652, 0.112041898273076, 0.109453099217426, 0.0240572119227933, 0.0172381548208041, 0.00976032445923902, 0.00835322130369135, 0.0039721802052413, 0.00710288167382986, -0.179443389684189, 0.318594964828555, 4.49430161320252, 4.96936914608944, 4.96936914608944, 20.1987469904347, 24.6946297101057, 24.6946297101057
28039999999, 0, 14, 0, 14, 0.650812471885906, 0.650812471885906, 1, 4.46331148073782, 4.94745542115751, 3.92369484272364, 7.77938054155983, 0.0372190855532519, 0.113982497105081, 0.529810631107436, 0.111138621891289, 0.137223197855729, 0.0214090013561052, 0.0198385196045651, 0.011904200770425, 0.0115180114163852, 0.00595623333973148, 0.0339755180046076, 0.0549307843932074, 0.0474255771937077, 4.46344079269679, 4.94711196936316, 4.94711196936316, 19.9223037099097, 24.4739168374162, 24.4739168374162
28239999999, 0, 14, 0, 14, 0.684017372192458, 0.684017372192458, 1, 4.37164119922297, 4.79812194067903, 3.90841512448281, 10.0664407865396, 0.0388217488077484, 0.0961753257730376, 0.598952388906313, 0.0880203782485358, 0.119620297709309, 0.0321143161839013, 0.00916628239484125, 0.00638005406038866, 0.00691310728762475, 0.00383610062830046, -0.0304100029673838, -0.232103605414356, 0.0440166037926363, 4.37174696694858, 4.79518242183681, 4.79518242183681, 19.1121715430241, 22.9937744586927, 22.9937744586927
28439999999, 0, 14, 0, 14, 0.695755725068083, 0.695755725068083, 1, 4.28731034703312, 4.72348512248131, 3.83353373826665, 8.56134468358057, 0.0644458350828683, 0.066772034649824, 0.546585553355848, 0.0931060545674639, 0.0986151924284855, 0.0446296242640653, 0.0259941252605339, 0.0215236918828412, 0.0244397955085928, 0.0138880929994775, 0.0142584346716584, -0.00435477288654419, 0.187022644045229, 4.28733405681626, 4.72340733892151, 4.72340733892151, 18.3812333147366, 22.3105768893776, 22.3105768893776
28639999999, 0, 14, 0, 14, 0.68664298617301, 0.68664298617301, 1, 4.23399563558181, 4.65124658685011, 3.78274219745012, 6.69767677448241, 0.0392503934585151, 0.0595731746587991, 0.548726477998573, 0.0928289457903815, 0.110835369182965, 0.0500667713457599, 0.0314052912860306, 0.0240208444424277, 0.0276085471593096, 0.0156841846772384, 0.0281247653821018, 0.0142803042744436, 0.004888373915152, 4.23408904542094, 4.65107550492447, 4.65107550492447, 17.9275100445536, 21.6325033525084, 21.6325033525084
28839999999, 0, 14, 0, 14, 0.678479430643889, 0.678479430643889, 1, 4.14015879628756, 4.53672792563773, 3.7093264396576, 13.1753755177825, 0.0532417450031957, 0.0654329073376082, 0.583515191450497, 0.110926461795961, 0.0997044029007001, 0.0380651028683287, 0.0167955795184505, 0.0112752651511281, 0.0134027492345753, 0.00764059473955482, -0.0293635715135642, -0.277716627221145, 0.10511708180446, 4.14026292375367, 4.53205589590287, 4.53205589590287, 17.1417770778093, 20.539530643588, 20.539530643588
29039999999, 0, 14, 0, 14, 0.679362445906211, 0.679362445906211, 1, 4.09417502840015, 4.58032447496941, 3.53610037713996, 8.96772139500734, 0.0346737419737087, 0.0662778639642375, 0.60258133135485, 0.111235823781379, 0.103733891406532, 0.0392102171018542, 0.0129130849973224, 0.0105714497446239, 0.0119487678325311, 0.00685382784296109, 0.0351583377606609, 0.223804287254294, -0.0189363946751055, 4.09432598505413, 4.57813634300547, 4.57813634300547, 16.7635052718894, 20.9593323751475, 20.9593323751475
29239999999, 0, 14, 0, 14, 0.6960895539494, 0.6960895539494, 1, 4.02692422721383, 4.52902633873835, 3.49020080585827, 7.31111498720315, 0.0423093076629858, 0.0568234872727497, 0.571553178210662, 0.102794613456579, 0.105436969504275, 0.0409968787564377, 0.0245867524043792, 0.01997290645045, 0.0226674606103212, 0.0128584456711599, 0.000905253956870695, -0.0819525146136018, -0.0726540814193636, 4.02692432896453, 4.53005916251516, 4.53005916251516, 16.2161195512064, 20.5214360158875, 20.5214360158875
29439999999, 0, 14, 0, 14, 0.697254549033504, 0.697254549033504, 1, 3.93405202282648, 4.42094071733026, 3.40902302317906, 6.53283341790763, 0.0491128578519071, 0.0616198264913538, 0.545424965986662, 0.0919582890861663, 0.0910032676291484, 0.0407985959338898, 0.0356599988690701, 0.0302034959413318, 0.0345397359858703, 0.0196789662246008, -0.0121169428960392, 0.0263590781799454, 0.0355343111930181, 3.93407068297079, 4.42115760889771, 4.42115760889771, 15.4769121386102, 19.5466346027141, 19.5466346027141
29639999999, 0, 14, 0, 14, 0.672078372012287, 0.672078372012287, 1, 3.88271055078754, 4.36906386798474, 3.3590485285566, 6.51279706745767, 0.0513832143623175, 0.058769458887137, 0.547934209958812, 0.115237166488143, 0.117697360980113, 0.0329434130579288, 0.023091533378099, 0.0187878906385171, 0.0218022349050761, 0.0123535173438567, 0.00936626958048476, 0.182648526637249, -0.143491614911699, 3.88272184790551, 4.36568836065051, 4.36568836065051, 15.0755289482027, 19.0592348623194, 19.0592348623194
29839999999, 0, 14, 0, 13, 0.602499580918454, 0.602499580918454, 1, 3.83357521778385, 4.24592436686558, 3.35170547359234, 7.79753630234925, 0.124463988216341, 0.134608771174926, 0.452584530539015, 0.125066513680942, 0.0703914211666116, 0.0515192793233804, 0.0197593681411605, 0.0106933688812516, 0.0078936410037066, 0.00301911787266504, 0.0382041367628201, 0.051822036383977, 0.0279582270219826, 3.83376557792365, 4.24467757142765, 4.24467757142765, 14.6977585064723, 18.0172876853809, 18.0172876853809
30039999999, 0, 14, 0, 14, 0.59283879404013, 0.59283879404013, 1, 3.81711955586092, 4.20561041617218, 3.38034034291573, 22.1224132070328, 0.141409725127371, 0.175468947991895, 0.449508746268762, 0.0985646946007984, 0.0771744453129305, 0.0309491955611099, 0.00818025396990303, 0.00642798414678046, 0.00776949461896919, 0.00454651240148006, 0.0322400049233672, 0.455317618040617, -0.290652466568447, 3.81725570556301, 4.1856947087575, 4.1856947087575, 14.5714411216533, 17.5200401949205, 17.5200401949205
