1, 1415808745390898000, -8.870069, -3.9203556, 1.4722844
2, 1415808745396666000, 30.599998, 142.56, -64.799995
11, 1415808745397246310, 0.55155945, -0.27217102, 0.69184875, 0.3781891, -1.0
3, 1415808745398070284, 235.0, 2.3259583, -75.901505
9, 1415808745399290987, 9.5033, 0.3978, 2.3867
10, 1415808745400725313, 4.5776367E-4, -0.045318604, -0.053207397
2, 1415808745437193000, 30.599998, 142.56, -64.799995
11, 1415808745440581271, 0.55155945, -0.27217102, 0.69184875, 0.3781891, -1.0
3, 1415808745442748019, 235.0, 2.3259583, -75.901505
9, 1415808745445006319, 9.5033, 0.3978, 2.3867
10, 1415808745447264620, 4.5776367E-4, -0.045318604, -0.053207397
2, 1415808745474883000, 30.599998, 142.56, -64.799995
11, 1415808745480467745, 0.55155945, -0.27217102, 0.69184875, 0.3781891, -1.0
3, 1415808745482146212, 235.0, 2.3259583, -75.901505
9, 1415808745483824679, 9.5033, 0.3978, 2.3867
10, 1415808745485533663, 4.5776367E-4, -0.045318604, -0.053207397
2, 1415808745515257000, 30.599998, 142.56, -64.799995
11, 1415808745520476290, 0.55155945, -0.27217102, 0.69184875, 0.3781891, -1.0
3, 1415808745522063204, 235.0, 2.3259583, -75.901505
9, 1415808745523711153, 9.5033, 0.3978, 2.3867
10, 1415808745525298067, 4.5776367E-4, -0.045318604, -0.053207397
2, 1415808745552916000, 30.599998, 142.56, -64.799995
11, 1415808745560118624, 0.55155945, -0.27217102, 0.69184875, 0.3781891, -1.0
3, 1415808745561034151, 235.0, 2.3259583, -75.901505
9, 1415808745561980196, 9.5033, 0.3978, 2.3867
10, 1415808745562926241, 4.5776367E-4, -0.045318604, -0.053207397
2, 1415808745593810000, 30.599998, 142.56, -64.799995
11, 1415808745600218722, 0.55155945, -0.27217102, 0.69184875, 0.3781891, -1.0
3, 1415808745601500460, 235.0, 2.3259583, -75.901505
9, 1415808745602812716, 9.5033, 0.3978, 2.3867
10, 1415808745603850313, 4.5776367E-4, -0.045318604, -0.053207397
2, 1415808745632353000, 30.599998, 142.56, -64.799995
11, 1415808745640257784, 0.55155945, -0.27217102, 0.69184875, 0.3781891, -1.0
3, 1415808745641478487, 235.0, 2.3259583, -75.901505
9, 1415808745642699190, 9.5033, 0.3978, 2.3867
10, 1415808745643950411, 4.5776367E-4, -0.045318604, -0.053207397
2, 1415808745674101000, 30.599998, 142.56, -64.799995
11, 1415808745680205294, 0.55155945, -0.27217102, 0.69184875, 0.3781891, -1.0
3, 1415808745681548067, 235.0, 2.3259583, -75.901505
9, 1415808745682921358, 9.5033, 0.3978, 2.3867
10, 1415808745684294649, 4.5776367E-4, -0.045318604, -0.053207397
4, 1415808745711180000, -0.30307865, 0.18274352, 0.27590314
2, 1415808745712279000, 30.599998, 142.56, -64.799995
11, 1415808745720061251, -0.30239868, 0.59272766, 0.04534912, 0.74508667, -1.0
3, 1415808745720854708, 332.0, -23.383575, 82.837814
9, 1415808745721678683, -8.9311, -3.8922, 1.1221
10, 1415808745722502657, -0.015258789, -0.018005371, 0.018127441
1, 1415808745750945000, -9.080758, -4.068796, 1.2999018
4, 1415808745751830000, -0.12472865, 0.1348935, 0.041003104
2, 1415808745752928000, 52.26, 148.26, -73.56
11, 1415808745760130831, -0.3027649, 0.59336853, 0.044906616, 0.7444458, -1.0
3, 1415808745761076876, 332.0, -23.422852, 82.9601
9, 1415808745762144991, -8.9307995, -3.8983, 1.1028
10, 1415808745763030001, -0.01675415, -0.0032196045, 0.004470825
1, 1415808745790923000, -9.095123, -3.9299324, 1.146673
4, 1415808745791808000, -0.04207864, 0.21754351, -0.085146904
2, 1415808745792967000, 74.159996, 153.84, -81.9
11, 1415808745800322481, -0.30319214, 0.59436035, 0.044021606, 0.7435303, -1.0
3, 1415808745801695772, 332.0, -23.487106, 83.137726
9, 1415808745803069063, -8.9297, -3.9083, 1.0745
10, 1415808745804320284, -0.018325806, -0.0021972656, 0.0073547363
4, 1415808745831328000, -0.02032864, 0.34369352, -0.14169692
2, 1415808745832426000, 96.0, 159.48, -90.299995
11, 1415808745840269991, -0.30316162, 0.5954437, 0.042282104, 0.74279785, -1.0
3, 1415808745841307589, 332.0, -23.579086, 83.29089
9, 1415808745842131563, -8.9264, -3.9227998, 1.05
10, 1415808745842986056, 8.69751E-4, -0.002670288, 0.024993896
1, 1415808745870909000, -8.917953, -3.949086, 1.2951134
4, 1415808745871825000, 0.13192138, 0.47854355, -0.17214692
2, 1415808745872893000, 117.899994, 165.12, -98.64
11, 1415808745880217501, -0.3008728, 0.5966797, 0.039413452, 0.74287415, -1.0
3, 1415808745881560274, 332.0, -23.578033, 83.30496
9, 1415808745882872530, -8.9267, -3.9227, 1.0476999
10, 1415808745884062716, -0.018630981, 2.4414063E-4, 0.048171997
1, 1415808745911040000, -9.1094885, -3.9203556, 1.5201684
4, 1415808745911925000, 0.6104214, 0.5524936, -0.11994691
2, 1415808745913268000, 118.079994, 165.06, -98.22
11, 1415808745920195528, -0.29559326, 0.5974884, 0.03704834, 0.74446106, -1.0
3, 1415808745921507784, 333.0, -23.319016, 83.04413
9, 1415808745922850558, -8.9393, -3.882, 1.0905
10, 1415808745924223849, -0.07447815, 0.017578125, 0.0667572
1, 1415808745950591000, -9.669732, -3.709666, 1.7452234
4, 1415808745951537000, 1.0454215, 0.30454352, 0.088853106
2, 1415808745952635000, 118.079994, 165.06, -98.22
11, 1415808745960082003, -0.2904358, 0.59669495, 0.036102295, 0.7471771, -1.0
3, 1415808745960875460, 334.0, -23.012009, 82.55994
9, 1415808745961729952, -8.9502, -3.8337, 1.1686
10, 1415808745962553927, -0.07678223, 0.018508911, 0.03388977
1, 1415808745990965000, -9.703251, -3.652205, 1.5010148
4, 1415808745991850000, 0.98017144, -0.32185653, 0.17585312
2, 1415808745992979000, 118.079994, 165.06, -98.22
11, 1415808746000212618, -0.28837585, 0.59394836, 0.037094116, 0.7501068, -1.0
3, 1415808746001341769, 334.0, -22.865646, 82.009445
9, 1415808746002715060, -8.948299, -3.8105998, 1.2559999
10, 1415808746004057833, -0.054519653, 0.03715515, 7.6293945E-5
1, 1415808746030943000, -9.482984, -3.4463036, 1.2568063
4, 1415808746031920000, 0.3233214, -0.8830066, -0.06774691
2, 1415808746033324000, 118.079994, 165.06, -98.22
11, 1415808746040709444, -0.2907257, 0.5897064, 0.038589478, 0.7524719, -1.0
3, 1415808746042235323, 334.0, -23.07994, 81.53424
9, 1415808746043822237, -8.9234, -3.8444, 1.328
10, 1415808746045348116, 0.01423645, 0.016677856, -0.0038452148
1, 1415808746070403000, -8.783877, -3.6809354, 1.290325
4, 1415808746071288000, -0.43792868, -1.0178566, -0.37224692
2, 1415808746072386000, 118.2, 164.94, -98.22
11, 1415808746080168673, -0.29154968, 0.5866394, 0.03793335, 0.75457764, -1.0
3, 1415808746081419894, 334.0, -23.296844, 81.12706
9, 1415808746082457491, -8.8993, -3.8786, 1.3892
10, 1415808746083525606, 0.058654785, 0.013320923, -0.01399231
1, 1415808746110960000, -8.32419, -3.7479732, 1.2520179
4, 1415808746111845000, 0.07102137, -0.70030653, -0.34179693
2, 1415808746112944000, 118.259995, 164.7, -98.22
11, 1415808746120207735, -0.28684998, 0.5863495, 0.035705566, 0.75671387, -1.0
3, 1415808746121550509, 334.0, -23.09436, 80.75438
9, 1415808746122923800, -8.9035, -3.8467, 1.4491999
10, 1415808746124297091, 0.021972656, 0.037902832, -0.041107178
1, 1415808746150938000, -8.688109, -3.4750342, 1.0461165
4, 1415808746151823000, 1.1715715, -0.37840652, 0.054053105
2, 1415808746152922000, 118.38, 164.64, -98.22
11, 1415808746160185763, -0.27989197, 0.5869446, 0.03590393, 0.75883484, -1.0
3, 1415808746161528536, 335.0, -22.496674, 80.38742
9, 1415808746162901827, -8.9332, -3.7524, 1.5128
10, 1415808746164275118, -0.0028381348, 0.017059326, -0.009017944
1, 1415808746190794000, -8.961048, -3.5851674, 1.4244003
4, 1415808746191710000, 1.1846215, -0.2696565, 0.7979032
2, 1415808746192870000, 118.619995, 164.4, -98.28
11, 1415808746200102755, -0.27357483, 0.5880432, 0.03857422, 0.76016235, -1.0
3, 1415808746200926730, 335.0, -21.74945, 80.16234
9, 1415808746201750704, -8.9746, -3.6339, 1.5561999
10, 1415808746202605196, 0.10295105, -0.0067443848, -0.041763306
1, 1415808746230925000, -7.96506, -3.700089, 1.146673
4, 1415808746231902000, 0.82792145, -0.30010653, 1.4504032
2, 1415808746233336000, 118.74, 164.28, -98.4
11, 1415808746240202853, -0.26812744, 0.5900574, 0.041244507, 0.7604065, -1.0
3, 1415808746241545626, 336.0, -21.044556, 80.13695
9, 1415808746242918917, -9.0173, -3.5214999, 1.5676999
10, 1415808746244261690, 0.019897461, -0.04701233, -0.044403076
1, 1415808746271025000, -8.822185, -3.982605, 1.1323078
4, 1415808746272002000, 0.6756714, -0.10435651, 1.4373533
2, 1415808746273467000, 118.86, 164.09999, -98.64
11, 1415808746280058810, -0.26052856, 0.5922699, 0.043045044, 0.76123047, -1.0
3, 1415808746280852267, 336.0, -20.22258, 80.01785
9, 1415808746281676241, -9.0629, -3.3897998, 1.5949
10, 1415808746282469698, -0.058944702, -0.064834595, 0.001159668
1, 1415808746310393000, -9.641002, -4.0257006, 1.6063597
4, 1415808746311278000, 1.0802214, 0.039193504, 1.5113032
2, 1415808746312376000, 118.92, 163.68, -98.939995
11, 1415808746320372530, -0.25390625, 0.5939331, 0.044647217, 0.7620697, -1.0
3, 1415808746321562716, 336.0, -19.509933, 79.88614
9, 1415808746323058077, -9.099999, -3.2752, 1.6230999
10, 1415808746324431368, 0.052749634, -0.071640015, -0.01977539
1, 1415808746350707000, -8.582765, -3.9778166, 1.4291887
4, 1415808746351622000, 0.98887146, -0.039106503, 1.5635033
2, 1415808746352690000, 118.92, 163.08, -99.299995
11, 1415808746360197970, -0.2490387, 0.594574, 0.042999268, 0.76327515, -1.0
3, 1415808746361540743, 337.0, -19.210617, 79.69693
9, 1415808746362914034, -9.111199, -3.2268999, 1.6560999
10, 1415808746364256808, -0.0178833, -0.08340454, 0.061813354
1, 1415808746392119000, -9.286659, -4.044854, 2.262371
4, 1415808746393279000, 0.99322146, 0.27409354, 0.72830313
2, 1415808746394682000, 118.92, 162.42, -99.84
11, 1415808746400206515, -0.24119568, 0.59480286, 0.036758423, 0.7659302, -1.0
3, 1415808746401213595, 338.0, -19.011581, 79.26921
9, 1415808746402251192, -9.1096, -3.1945999, 1.7262
10, 1415808746403319308, -0.07420349, -0.07400513, 0.091293335
1, 1415808746430785000, -9.837326, -3.9203556, 2.6215012
4, 1415808746431700000, 2.0328715, 0.33064353, 0.20195311
2, 1415808746432799000, 118.92, 161.64, -100.259995
11, 1415808746440092989, -0.23019409, 0.59465027, 0.029373169, 0.7697449, -1.0
3, 1415808746440886446, 340.0, -18.630188, 78.63229
9, 1415808746441740938, -9.110499, -3.1329, 1.8314999
10, 1415808746442595431, -0.0907135, -0.040740967, 0.053207397
1, 1415808746470915000, -10.000132, -3.532495, 2.3533506
4, 1415808746471922000, 2.7549715, -0.039106503, 0.19325311
2, 1415808746473021000, 118.92, 160.62, -100.68
11, 1415808746480223605, -0.22280884, 0.5923157, 0.023986816, 0.77389526, -1.0
3, 1415808746481596896, 341.0, -18.44896, 77.88907
9, 1415808746482970187, -9.095699, -3.1034, 1.9517
10, 1415808746484343478, -0.039978027, -0.05204773, 0.06488037
1, 1415808746510954000, -9.487772, -3.6138978, 2.5879824
4, 1415808746511839000, 1.9415215, -0.39580652, 0.10190311
2, 1415808746512907000, 118.92, 159.9, -101.159996
11, 1415808746520049044, -0.21897888, 0.5889282, 0.017929077, 0.7777405, -1.0
3, 1415808746520873019, 342.0, -18.632706, 77.17055
9, 1415808746521727511, -9.060699, -3.1332, 2.0633
10, 1415808746522582003, 0.01260376, -0.055358887, 0.03640747
1, 1415808746550719000, -8.937106, -3.676147, 2.4203882
4, 1415808746551634000, 1.4978215, -0.55675656, -0.38094693
2, 1415808746552763000, 118.92, 159.18, -101.579994
11, 1415808746560179659, -0.21542358, 0.58547974, 0.009140015, 0.7814789, -1.0
3, 1415808746561522433, 343.0, -19.025925, 76.443665
9, 1415808746562926241, -9.0126, -3.197, 2.1729999
10, 1415808746564299532, 0.013076782, -0.007843018, -0.01676941
1, 1415808746590941000, -8.884434, -3.2739213, 2.0085857
4, 1415808746591948000, 1.8110216, -0.68290657, -1.076947
2, 1415808746593474000, 118.92, 158.7, -102.0
11, 1415808746600188204, -0.21357727, 0.5810547, -1.2207031E-4, 0.7853241, -1.0
3, 1415808746601500460, 344.0, -19.610916, 75.64732
9, 1415808746602873751, -8.9495, -3.2914, 2.2898998
10, 1415808746604216524, 0.006149292, 0.013504028, -0.026245117
1, 1415808746630400000, -8.889222, -3.1589994, 2.0325277
4, 1415808746631316000, 1.5935215, -0.87865657, -1.516297
2, 1415808746632414000, 118.92, 158.58, -102.36
11, 1415808746640074679, -0.21365356, 0.5770416, -0.007522583, 0.78822327, -1.0
3, 1415808746640898653, 345.0, -20.212585, 75.00984
9, 1415808746641722628, -8.8896, -3.3881998, 2.3802
10, 1415808746642546603, -0.024856567, 0.035095215, -0.06768799
1, 1415808746670988000, -9.1334305, -3.0440779, 1.716493
4, 1415808746672026000, 1.0671715, -1.0091566, -1.5771971
2, 1415808746673460000, 118.92, 158.34, -102.72
11, 1415808746680266329, -0.21582031, 0.57244873, -0.013061523, 0.79089355, -1.0
3, 1415808746681609103, 345.0, -20.877731, 74.3905
9, 1415808746682982394, -8.8248, -3.4949, 2.4654
10, 1415808746684355685, 2.746582E-4, 0.031326294, -0.06806946
1, 1415808746712035000, -8.822185, -3.1877298, 1.7978958
4, 1415808746713194000, 0.5103714, -1.1309566, -1.4901971
2, 1415808746714598000, 118.92, 158.28, -103.079994
11, 1415808746721251437, -0.21951294, 0.5684662, -0.017486572, 0.7926636, -1.0
3, 1415808746723448702, 346.0, -21.587036, 73.93686
9, 1415808746725615450, -8.762899, -3.6079998, 2.523
10, 1415808746727934786, -0.0036010742, 0.051651, -0.09738159
1, 1415808746750822000, -8.798243, -3.1015387, 1.5680525
4, 1415808746751738000, 0.123221375, -1.1179066, -1.559797
2, 1415808746752837000, 118.92, 158.28, -103.5
11, 1415808746760222384, -0.22477722, 0.5653534, -0.02142334, 0.79333496, -1.0
3, 1415808746761290499, 346.0, -22.388748, 73.688675
9, 1415808746762480685, -8.7024, -3.7352, 2.5465
10, 1415808746763609835, 0.021484375, 0.06315613, -0.105148315
1, 1415808746790556000, -8.491784, -3.1159039, 1.51538
4, 1415808746791502000, -0.23347867, -0.87430656, -1.629397
2, 1415808746792632000, 118.799995, 158.28, -104.22
11, 1415808746800291964, -0.22845459, 0.5639801, -0.025741577, 0.7931366, -1.0
3, 1415808746801634737, 346.0, -23.044556, 73.62276
9, 1415808746803008028, -8.658, -3.8388, 2.5442
10, 1415808746804381319, 0.037460327, 0.0844574, -0.10394287
1, 1415808746831023000, -8.290671, -3.010559, 1.5249568
4, 1415808746831969000, -0.007278638, -0.43930653, -1.494547
2, 1415808746833403000, 118.439995, 158.34, -104.82
11, 1415808746840239474, -0.23016357, 0.5652313, -0.029129028, 0.7916107, -1.0
3, 1415808746841582247, 346.0, -23.412628, 73.86395
9, 1415808746842955538, -8.6447, -3.8967, 2.501
10, 1415808746844328829, -0.037628174, 0.08303833, -0.10441589
1, 1415808746870360000, -9.0137205, -3.082385, 1.4770728
4, 1415808746871397000, 0.13627137, 0.0043935003, -1.146547
2, 1415808746872496000, 118.14, 158.51999, -105.36
11, 1415808746880125948, -0.23094177, 0.5678253, -0.030654907, 0.78948975, -1.0
3, 1415808746880949923, 346.0, -23.545135, 74.27377
9, 1415808746882109591, -8.6536, -3.9175, 2.4366
10, 1415808746883299776, -0.025482178, 0.08760071, -0.08955383
1, 1415808746910979000, -8.903587, -3.058443, 1.5584756
4, 1415808746911986000, 0.005771363, 0.29149354, -0.67674696
2, 1415808746913084000, 117.659996, 159.0, -105.78
11, 1415808746920073458, -0.23109436, 0.57218933, -0.031051636, 0.7862549, -1.0
3, 1415808746921172091, 346.0, -23.512375, 74.933685
9, 1415808746922575899, -8.6834, -3.9124, 2.3372998
10, 1415808746923949190, -0.03904724, 0.08708191, -0.10334778
1, 1415808746950926000, -9.066393, -3.058443, 1.323844
4, 1415808746951811000, -0.05512864, 0.57859355, -0.37224692
2, 1415808746953276000, 117.06, 159.84, -105.96
11, 1415808746960600802, -0.23094177, 0.57710266, -0.030166626, 0.78274536, -1.0
3, 1415808746961699435, 346.0, -23.351501, 75.67081
9, 1415808746962523409, -8.7234, -3.8871, 2.2282
10, 1415808746963377901, -0.07354736, 0.060577393, -0.03704834
1, 1415808746990782000, -9.444676, -3.2930748, 1.8649335
4, 1415808746991698000, -0.27262866, 0.90049356, -0.059046905
2, 1415808746992857000, 116.52, 160.98, -106.259995
11, 1415808747000090548, -0.22982788, 0.58232117, -0.028945923, 0.77923584, -1.0
3, 1415808747000884005, 346.0, -23.073166, 76.41298
9, 1415808747001769015, -8.7698, -3.8432, 2.1194
10, 1415808747002592989, 0.006866455, 0.04975891, -0.027420044
1, 1415808747030821000, -8.702475, -3.355324, 1.8505683
4, 1415808747031828000, -0.16387865, 1.0788436, 0.33680314
2, 1415808747033202000, 115.92, 161.94, -106.439995
11, 1415808747040190646, -0.22816467, 0.58821106, -0.028152466, 0.7753296, -1.0
3, 1415808747041502901, 345.0, -22.764511, 77.22575
9, 1415808747042845675, -8.819, -3.7946, 1.9993
10, 1415808747044218966, 0.0040740967, 0.05456543, -0.010772705
1, 1415808747070982000, -8.779089, -3.259556, 1.8936639
4, 1415808747071867000, -0.08557864, 1.3267937, 0.33245313
2, 1415808747072966000, 115.619995, 162.59999, -106.56
11, 1415808747080077120, -0.2253418, 0.5935364, -0.027572632, 0.77211, -1.0
3, 1415808747080901095, 345.0, -22.378922, 77.89867
9, 1415808747081725069, -8.8666, -3.7336998, 1.9009
10, 1415808747082579562, -0.013046265, 0.04737854, 0.021224976
1, 1415808747110686000, -8.994567, -3.2691329, 2.109142
4, 1415808747111601000, 0.10582137, 1.3050436, 0.41510314
2, 1415808747112700000, 115.439995, 162.72, -106.68
11, 1415808747120177218, -0.22294617, 0.59765625, -0.025527954, 0.7696991, -1.0
3, 1415808747121519991, 345.0, -21.945938, 78.420395
9, 1415808747122923800, -8.9109, -3.665, 1.8256999
10, 1415808747124297091, 0.032485962, 0.052581787, 0.004486084
1, 1415808747150908000, -8.592341, -3.1494226, 1.8697219
4, 1415808747151915000, -0.06382864, 0.9135436, 0.6065031
2, 1415808747153380000, 115.439995, 162.72, -106.68
11, 1415808747160216280, -0.22441101, 0.60072327, -0.021118164, 0.7669983, -1.0
3, 1415808747161559054, 345.0, -21.693512, 78.98653
9, 1415808747162932345, -8.9442, -3.6248999, 1.7407
10, 1415808747164305636, -7.324219E-4, 0.010406494, 0.03024292
1, 1415808747192107000, -8.951471, -3.5229182, 2.037316
4, 1415808747193266000, -0.9729787, 0.74389356, 0.58910316
2, 1415808747194762000, 115.5, 162.72, -106.68
11, 1415808747200194308, -0.22503662, 0.6031189, -0.01612854, 0.7650604, -1.0
3, 1415808747201140353, 344.0, -21.333725, 79.41075
9, 1415808747202116915, -8.9791, -3.5676, 1.6786
10, 1415808747203093478, -0.0059661865, -0.003250122, 0.050247192
1, 1415808747230803000, -9.0376625, -3.5995326, 2.1713912
4, 1415808747231688000, -0.9033787, 0.61339355, 0.8109532
2, 1415808747232787000, 115.56, 162.66, -106.259995
11, 1415808747240080782, -0.22329712, 0.60557556, -0.010498047, 0.76371765, -1.0
3, 1415808747240874239, 344.0, -20.72049, 79.72775
9, 1415808747241698214, -9.0253, -3.4696999, 1.6355
10, 1415808747242522188, -0.065704346, -0.0044403076, 0.04145813
1, 1415808747270750000, -9.669732, -3.5133414, 2.0421045
4, 1415808747271666000, -0.5640787, 0.43504354, 1.1024032
2, 1415808747272795000, 115.619995, 162.72, -105.84
11, 1415808747280180880, -0.22346497, 0.60632324, -0.0043182373, 0.7631378, -1.0
3, 1415808747281493136, 343.0, -20.26239, 79.87981
9, 1415808747282866427, -9.0566, -3.3962998, 1.6163
10, 1415808747284209200, -0.045913696, -0.05392456, 0.070755005
1, 1415808747310942000, -9.506926, -3.925144, 2.310255
4, 1415808747311827000, -0.8990287, 0.20449352, 1.1502532
2, 1415808747312865000, 115.68, 162.72, -105.0
11, 1415808747320067355, -0.22180176, 0.6068115, 4.7302246E-4, 0.7632446, -1.0
3, 1415808747320830294, 343.0, -19.755722, 79.89467
9, 1415808747321684786, -9.0862, -3.3147, 1.6193
10, 1415808747322539278, -0.030685425, -0.022201538, 0.08265686
1, 1415808747350676000, -9.387216, -3.532495, 2.429965
4, 1415808747351592000, -0.45967868, 0.21319352, 1.0284532
2, 1415808747352690000, 115.799995, 162.72, -103.92
11, 1415808747360197970, -0.21762085, 0.6074066, 0.0034942627, 0.76397705, -1.0
3, 1415808747361540743, 343.0, -19.163727, 79.79497
9, 1415808747362914034, -9.1166, -3.2193, 1.6409999
10, 1415808747364287325, -0.031982422, -0.036331177, 0.10632324
1, 1415808747390929000, -9.430311, -3.5755906, 2.6837504
4, 1415808747391905000, 0.15802138, 0.34804353, 1.1372032
2, 1415808747393401000, 116.1, 162.54, -103.2
11, 1415808747400175997, -0.21011353, 0.6080017, 0.0053253174, 0.7655945, -1.0
3, 1415808747401518771, 343.0, -18.375137, 79.53572
9, 1415808747402892062, -9.151899, -3.0914998, 1.6901
10, 1415808747404265353, 0.0014038086, -0.03227234, 0.10083008
1, 1415808747430388000, -9.138219, -3.4079964, 2.678962
4, 1415808747431303000, 0.8801214, 0.28714353, 1.4025532
2, 1415808747432402000, 116.52, 162.3, -102.6
11, 1415808747440062472, -0.20065308, 0.6081238, 0.0059509277, 0.76802063, -1.0
3, 1415808747441344210, 344.0, -17.517334, 79.13097
9, 1415808747442564913, -9.1841, -2.9517, 1.7633
10, 1415808747443694063, -0.014846802, -0.038223267, 0.1124115
1, 1415808747471007000, -9.329755, -3.3265936, 2.8657098
4, 1415808747472014000, 1.3629714, 0.20884351, 1.4373533
2, 1415808747473418000, 117.06, 161.81999, -102.36
11, 1415808747480223605, -0.18945313, 0.6083069, 0.006225586, 0.77072144, -1.0
3, 1415808747481627413, 345.0, -16.526245, 78.684555
9, 1415808747482481905, -9.2188, -2.7896, 1.8445
10, 1415808747483763644, -0.074783325, -0.03668213, 0.072387695
1, 1415808747510954000, -9.952248, -3.1494226, 2.5544636
4, 1415808747511931000, 1.7588215, -0.052156504, 1.5113032
2, 1415808747513426000, 117.84, 160.73999, -102.479996
11, 1415808747520689913, -0.17974854, 0.6081238, 0.00819397, 0.77316284, -1.0
3, 1415808747522032687, 346.0, -15.54361, 78.27896
9, 1415808747523497530, -9.250999, -2.6279, 1.9192
10, 1415808747524962374, -0.17990112, -0.070755005, 0.04084778
1, 1415808747550932000, -11.015273, -3.3218052, 2.3198318
4, 1415808747551817000, 1.3934215, -0.40450653, 1.6026533
2, 1415808747553252000, 118.5, 159.48, -102.479996
11, 1415808747560118624, -0.17520142, 0.605896, 0.012023926, 0.7759094, -1.0
3, 1415808747561247774, 346.0, -14.910843, 77.78981
9, 1415808747562407442, -9.2621, -2.5233998, 2.0042
10, 1415808747563261935, -0.04937744, -0.103378296, -0.008346558
1, 1415808747590910000, -9.746346, -3.5372834, 1.9223943
4, 1415808747591795000, 0.4581714, -0.9352066, 1.5200032
2, 1415808747592925000, 119.04, 157.98, -102.479996
11, 1415808747600218722, -0.17401123, 0.60350037, 0.012359619, 0.7780304, -1.0
3, 1415808747601530978, 346.0, -14.824692, 77.394485
9, 1415808747602904269, -9.251699, -2.5091999, 2.0688
10, 1415808747604247042, -0.06263733, -0.13119507, 0.0065460205
1, 1415808747630949000, -9.866056, -3.7958572, 2.133084
4, 1415808747631957000, 0.34942138, -0.6916066, 0.66740316
2, 1415808747633391000, 119.46, 156.66, -102.479996
11, 1415808747640196749, -0.17001343, 0.60188293, 0.007446289, 0.78022766, -1.0
3, 1415808747641539522, 347.0, -14.853668, 76.986496
9, 1415808747642912813, -9.2355995, -2.514, 2.1344
10, 1415808747644286105, -0.01399231, -0.075042725, -0.03627014
1, 1415808747670378000, -9.37285, -3.2499793, 1.7787422
4, 1415808747671294000, 1.4456215, -0.56110656, -0.0068469006
2, 1415808747672423000, 119.46, 155.4, -102.479996
11, 1415808747680327364, -0.16648865, 0.5999603, 4.4250488E-4, 0.7825012, -1.0
3, 1415808747681151339, 348.0, -15.071243, 76.54733
9, 1415808747682005831, -9.209499, -2.5498998, 2.2029
10, 1415808747683226534, 0.0028839111, -0.039154053, -0.060836792
1, 1415808747710905000, -9.181314, -2.9339445, 1.6063597
4, 1415808747711913000, 1.6239715, -0.63940656, -0.55929697
2, 1415808747713408000, 119.46, 154.31999, -102.479996
11, 1415808747720213839, -0.1670227, 0.59695435, -0.006942749, 0.7846527, -1.0
3, 1415808747721587130, 348.0, -15.688751, 76.08818
9, 1415808747722960421, -9.1644, -2.6518, 2.2698
10, 1415808747724333712, 0.016830444, -0.0448761, -0.06619263
1, 1415808747750914000, -8.999355, -3.0919619, 1.6207249
4, 1415808747751799000, 1.0367215, -0.79165655, -1.111747
2, 1415808747753325000, 119.46, 153.72, -102.479996
11, 1415808747760832735, -0.16923523, 0.5932312, -0.01449585, 0.78689575, -1.0
3, 1415808747762389132, 349.0, -16.47319, 75.57681
9, 1415808747763976046, -9.1078, -2.7807999, 2.3422
10, 1415808747765562960, 0.006668091, -0.019515991, -0.087249756
1, 1415808747790465000, -9.042451, -2.9722517, 1.4866496
4, 1415808747791411000, 0.7974714, -1.0265566, -1.503247
2, 1415808747792632000, 119.46, 153.23999, -102.479996
11, 1415808747800108858, -0.17298889, 0.5883179, -0.021240234, 0.7896118, -1.0
3, 1415808747800902315, 349.0, -17.349823, 74.9476
9, 1415808747801756808, -9.0393, -2.9245, 2.4308
10, 1415808747802946993, 0.04411316, 0.021499634, -0.07723999
1, 1415808747831053000, -8.606707, -2.713678, 1.6733973
4, 1415808747832060000, 0.41032138, -1.2049066, -1.7337971
2, 1415808747833495000, 119.46, 153.23999, -102.6
11, 1415808747840208956, -0.17788696, 0.5838928, -0.026748657, 0.79164124, -1.0
3, 1415808747841551730, 349.0, -18.23413, 74.43562
9, 1415808747842925021, -8.9727, -3.0686, 2.4989998
10, 1415808747844298312, -0.02810669, 0.026916504, -0.09933472
1, 1415808747870909000, -9.248352, -2.8046577, 1.5249568
4, 1415808747871886000, 0.08407137, -1.2919066, -1.794697
2, 1415808747873381000, 119.46, 153.36, -102.96
11, 1415808747880095431, -0.18249512, 0.5787506, -0.031677246, 0.7941742, -1.0
3, 1415808747880888888, 350.0, -19.060623, 73.81479
9, 1415808747881743380, -8.9016, -3.2024999, 2.5836
10, 1415808747882597872, -6.866455E-4, 0.051315308, -0.11820984
1, 1415808747910735000, -8.908376, -2.6993127, 1.4244003
4, 1415808747911620000, 0.08842137, -1.5311567, -1.7598971
2, 1415808747912749000, 119.46, 153.36, -103.74
11, 1415808747920226046, -0.18901062, 0.57377625, -0.036621094, 0.796051, -1.0
3, 1415808747921385714, 350.0, -20.057755, 73.289276
9, 1415808747922697970, -8.8229, -3.3634, 2.6487
10, 1415808747924071261, -0.066329956, 0.060394287, -0.12435913
1, 1415808747950957000, -9.473407, -2.771139, 1.4291887
4, 1415808747951872000, -0.23782866, -1.5572566, -2.1383471
2, 1415808747953307000, 119.46, 153.59999, -104.64
11, 1415808747960173556, -0.19793701, 0.56837463, -0.04020691, 0.7975769, -1.0
3, 1415808747961546847, 350.0, -21.190308, 72.81337
9, 1415808747962920138, -8.7353, -3.5449, 2.7017
10, 1415808747964293429, -0.042053223, 0.066207886, -0.107788086
1, 1415808747992094000, -9.147796, -2.8956373, 1.6446669
4, 1415808747993254000, -0.82942873, -1.5398567, -2.203597
2, 1415808747994658000, 119.28, 154.14, -105.6
11, 1415808748000182101, -0.19793701, 0.56837463, -0.04020691, 0.7975769, -1.0
3, 1415808748001158663, 349.0, -22.213577, 72.446014
9, 1415808748002196261, -8.656, -3.7075, 2.738
10, 1415808748003233858, -0.1487732, 0.02468872, -0.034347534
1, 1415808748030363000, -10.115053, -3.4654574, 2.4012346
4, 1415808748031279000, -1.3296788, -1.3702066, -1.8860471
2, 1415808748032378000, 118.799995, 155.04, -106.68
11, 1415808748040099093, -0.2180481, 0.55856323, -0.038131714, 0.7993622, -1.0
3, 1415808748040892550, 348.0, -23.03096, 72.22745
9, 1415808748041686007, -8.594399, -3.8367, 2.7546
10, 1415808748042509981, -0.019317627, 0.0627594, -0.03945923
1, 1415808748070799000, -8.783877, -3.2212489, 2.3677158
4, 1415808748071837000, -2.0082788, -1.2788566, -1.211797
2, 1415808748073241000, 118.259995, 156.3, -107.64
11, 1415808748080229708, -0.2180481, 0.55856323, -0.038131714, 0.7993622, -1.0
3, 1415808748081572481, 347.0, -23.931717, 71.65633
9, 1415808748082945772, -8.507999, -3.9780998, 2.8209
10, 1415808748084319063, 0.017288208, -0.0619812, 0.19352722
1, 1415808748110991000, -8.338555, -4.5859437, 4.718822
4, 1415808748111876000, -2.1344287, -0.7264066, -0.78984696
2, 1415808748112914000, 117.18, 157.98, -108.659996
11, 1415808748120085665, -0.23222351, 0.54626465, -0.03627014, 0.8039398, -1.0
3, 1415808748120909640, 347.0, -24.395462, 71.07953
9, 1415808748121733614, -8.4485, -4.0505, 2.8959
10, 1415808748122618624, -0.08888245, -0.048736572, 0.1980896
1, 1415808748150725000, -9.320178, -4.528483, 4.838532
4, 1415808748151640000, -0.7511287, -0.34360653, -0.71154696
2, 1415808748152739000, 116.34, 159.48, -109.799995
11, 1415808748160185763, -0.23196411, 0.54148865, -0.0362854, 0.807251, -1.0
3, 1415808748161528536, 347.0, -24.445633, 70.362274
9, 1415808748162901827, -8.4082, -4.0583, 3.0002
10, 1415808748164275118, -0.12472534, -0.013763428, 0.15522766
1, 1415808748190611000, -9.631425, -4.1932945, 4.522497
4, 1415808748191496000, -0.072528645, -0.6568065, -0.38529694
2, 1415808748192595000, 115.68, 161.04, -110.52
11, 1415808748200224825, -0.23501587, 0.53404236, -0.03463745, 0.8113861, -1.0
3, 1415808748201567599, 347.0, -24.73317, 69.42995
9, 1415808748202940890, -8.3393, -4.1029997, 3.1292999
10, 1415808748204314181, -0.08781433, -0.0365448, 0.1767273
1, 1415808748230406000, -9.200468, -4.4614453, 4.862474
4, 1415808748231322000, -0.7554787, -1.1527066, -0.42009693
2, 1415808748232451000, 115.079994, 162.12, -111.06
11, 1415808748240111300, -0.23501587, 0.53404236, -0.03463745, 0.8113861, -1.0
3, 1415808748241332003, 347.0, -24.73317, 68.40912
9, 1415808748242583224, -8.245999, -4.1861997, 3.2631998
10, 1415808748243834444, -0.065582275, 0.010513306, 0.11180115
1, 1415808748270903000, -8.889222, -4.0831614, 4.3596916
4, 1415808748271910000, -0.5684287, -1.4267566, -1.098697
2, 1415808748273375000, 114.78, 162.59999, -111.54
11, 1415808748280211397, -0.24266052, 0.5172882, -0.036392212, 0.81985474, -1.0
3, 1415808748281554171, 347.0, -25.822495, 67.32416
9, 1415808748282927462, -8.1452, -4.2717, 3.4029999
10, 1415808748284300753, -0.061706543, 0.07147217, 0.04725647
1, 1415808748310881000, -8.750359, -3.5708022, 3.866486
4, 1415808748311858000, -0.47272867, -1.7747567, -1.4118971
2, 1415808748313322000, 114.119995, 163.01999, -112.079994
11, 1415808748320860812, -0.24972534, 0.5071411, -0.035110474, 0.8241272, -1.0
3, 1415808748322356173, 347.0, -26.567322, 66.20401
9, 1415808748323912569, -8.025499, -4.3859997, 3.5389
10, 1415808748325468966, -0.029968262, 0.056762695, 0.025100708
1, 1415808748350707000, -8.319402, -3.829376, 3.7850833
4, 1415808748351592000, -1.1904787, -2.2184567, -1.311847
2, 1415808748352934000, 113.399994, 163.08, -112.92
11, 1415808748360106417, -0.24972534, 0.5071411, -0.035110474, 0.8241272, -1.0
3, 1415808748360930392, 346.0, -26.567322, 66.20401
9, 1415808748361784884, -7.8901997, -4.5457997, 3.6399999
10, 1415808748362669894, -0.02130127, -0.02166748, 0.010879517
1, 1415808748390959000, -8.099135, -4.758326, 3.746776
4, 1415808748391844000, -1.7951288, -2.3098066, -1.194397
2, 1415808748393248000, 112.68, 163.44, -113.7
11, 1415808748400267550, -0.26046753, 0.48526, -0.03152466, 0.8299408, -1.0
3, 1415808748401610323, 345.0, -28.96428, 64.28386
9, 1415808748402983614, -7.7302, -4.749, 3.7229
10, 1415808748404356905, -0.018569946, -0.09616089, 0.031234741
1, 1415808748430968000, -7.912388, -5.692065, 4.0292916
4, 1415808748431944000, -1.9734788, -2.2271566, -1.329247
2, 1415808748433196000, 111.96, 164.16, -114.479996
11, 1415808748440184542, -0.27330017, 0.48526, -0.03152466, 0.8299408, -1.0
3, 1415808748441496798, 345.0, -28.96428, 64.28386
9, 1415808748442870089, -7.5263, -4.9886, 3.8262
10, 1415808748444243380, 0.001159668, -0.19477844, 0.054885864
1, 1415808748470396000, -7.5149503, -6.8987427, 4.36448
4, 1415808748471281000, -1.5819788, -2.3228567, -1.524997
2, 1415808748472411000, 111.06, 164.94, -115.079994
11, 1415808748480132052, -0.28652954, 0.47201538, -0.03312683, 0.8330536, -1.0
3, 1415808748481444308, 345.0, -32.620987, 61.294174
9, 1415808748482695528, -7.2447, -5.2865996, 3.9671
10, 1415808748483916231, 0.019805908, -0.20637512, 0.10887146
1, 1415808748510985000, -7.050475, -7.3105454, 5.0348563
4, 1415808748511870000, -1.0208287, -2.2837067, -2.669047
2, 1415808748512968000, 110.159996, 166.08, -115.799995
11, 1415808748520201632, -0.29969788, 0.45594788, -0.04095459, 0.8370056, -1.0
3, 1415808748521513888, 345.0, -32.620987, 61.294174
9, 1415808748522887179, -6.9126, -5.6, 4.1261
10, 1415808748524229952, 0.033798218, -0.12705994, 0.08973694
1, 1415808748551024000, -6.5812116, -6.8460703, 5.006126
4, 1415808748551939000, -0.5379787, -2.3141568, -3.6434472
2, 1415808748553008000, 108.96, 167.58, -116.82
11, 1415808748560606905, -0.32060242, 0.42041016, -0.06687927, 0.84614563, -1.0
3, 1415808748561980196, 348.0, -36.785934, 56.59587
9, 1415808748563445040, -6.5565996, -5.8725, 4.3237
10, 1415808748564909884, 0.03753662, -0.04458618, 0.075927734
1, 1415808748590666000, -6.1885624, -6.309769, 5.0683756
4, 1415808748591582000, 0.118871376, -2.4359567, -4.017547
2, 1415808748592680000, 107.82, 169.26, -117.899994
11, 1415808748600096651, -0.32060242, 0.42041016, -0.06687927, 0.84614563, -1.0
3, 1415808748600920626, 348.0, -36.785934, 56.59587
9, 1415808748601744601, -6.5565996, -5.8725, 4.3237
10, 1415808748602599093, 0.03753662, 0.04475403, 0.023468018
1, 1415808748630949000, -5.992238, -5.672911, 4.752341
4, 1415808748631957000, 0.2754714, -2.6230068, -4.2263474
2, 1415808748633055000, 106.32, 171.12, -119.1
11, 1415808748640196749, -0.32806396, 0.40222168, -0.0806427, 0.85092163, -1.0
3, 1415808748641570040, 352.0, -40.287827, 51.20256
9, 1415808748642790743, -5.8301, -6.3413, 4.6868997
10, 1415808748644133517, 0.036697388, 0.16093445, -0.046066284
1, 1415808748670958000, -5.470302, -4.7631145, 4.2351933
4, 1415808748671935000, -0.22912866, -2.8361568, -4.274197
2, 1415808748673430000, 104.46, 173.04, -120.0
11, 1415808748680083224, -0.33673096, 0.3842163, -0.092422485, 0.8546448, -1.0
3, 1415808748680876681, 352.0, -40.287827, 51.20256
9, 1415808748681700655, -5.8301, -6.3413, 4.6868997
10, 1415808748682524630, 0.036697388, 0.2490387, -0.118392944
1, 1415808748710356000, -5.2548237, -4.1358337, 3.5839703
4, 1415808748711272000, -1.4166788, -2.6969566, -3.8783472
2, 1415808748712340000, 102.54, 174.59999, -121.02
11, 1415808748720061251, -0.34895325, 0.36917114, -0.099746704, 0.85554504, -1.0
3, 1415808748720885226, 352.0, -42.126556, 49.01294
9, 1415808748721709200, -5.3547, -6.7714, 4.6524997
10, 1415808748722563692, -0.021057129, 0.23799133, -0.10310364
1, 1415808748750914000, -5.5612817, -4.4375033, 3.641431
4, 1415808748751799000, -2.7303789, -1.7051567, -2.186197
2, 1415808748753142000, 100.2, 176.16, -121.92
11, 1415808748760741183, -0.3674469, 0.36473083, -0.09124756, 0.850647, -1.0
3, 1415808748762267062, 351.0, -43.76686, 50.032135
9, 1415808748763853976, -5.4277997, -6.7834997, 4.5491
10, 1415808748764800021, -0.01361084, 0.19967651, -0.10232544
1, 1415808748791228000, -5.5612817, -4.825364, 3.545663
4, 1415808748792174000, -1.7124788, -0.38275653, 0.5282031
2, 1415808748793333000, 98.46, 177.84, -122.46
11, 1415808748800200411, -0.3674469, 0.36473083, -0.09124756, 0.850647, -1.0
3, 1415808748801024386, 349.0, -42.76686, 51.582657
9, 1415808748802153536, -5.6899, -6.5903997, 4.5123997
10, 1415808748803038546, -0.02154541, 0.21612549, -0.079055786
1, 1415808748830382000, -5.9012585, -4.471022, 3.7371993
4, 1415808748831297000, 0.10582137, 0.7960936, 2.5553033
2, 1415808748832426000, 97.38, 179.22, -122.82
11, 1415808748840056368, -0.35964966, 0.3749237, -0.08018494, 0.85066223, -1.0
3, 1415808748840910860, 348.0, -42.224167, 53.284485
9, 1415808748841948458, -6.0438, -6.271, 4.5073
10, 1415808748843199679, -0.019638062, 0.21626282, -0.08000183
1, 1415808748870940000, -6.2364464, -4.150199, 3.722834
4, 1415808748871825000, 1.3890715, 1.5834436, 3.5558033
2, 1415808748872923000, 96.78, 180.36, -122.759995
11, 1415808748880248019, -0.34410095, 0.38957214, -0.06855774, 0.851532, -1.0
3, 1415808748881590792, 347.0, -36.501266, 55.339294
9, 1415808748882964083, -6.4839997, -5.8334, 4.4831
10, 1415808748884337374, -0.07826233, 0.23512268, -0.12538147
1, 1415808748910979000, -7.251588, -3.5277066, 3.2535706
4, 1415808748911833000, 2.2547216, 2.1358936, 4.3562036
2, 1415808748912901000, 96.72, 180.84, -122.7
11, 1415808748920103976, -0.32263184, 0.40904236, -0.055267334, 0.8517761, -1.0
3, 1415808748920927950, 346.0, -36.501266, 57.65753
9, 1415808748921751925, -6.9491, -5.3402, 4.4002
10, 1415808748922636935, -0.09724426, 0.19215393, -0.087142944
1, 1415808748950652000, -7.902811, -3.4558804, 3.545663
4, 1415808748951537000, 1.7849215, 2.3707938, 5.2131534
2, 1415808748952666000, 96.96, 180.72, -122.7
11, 1415808748960204073, -0.30099487, 0.43016052, -0.037994385, 0.850235, -1.0
3, 1415808748961577364, 344.0, -32.993744, 60.65245
9, 1415808748962950655, -7.4371996, -4.8343997, 4.1816
10, 1415808748964323946, -0.15830994, 0.15718079, -0.10928345
1, 1415808748990721000, -8.9897785, -3.2930748, 3.1099184
4, 1415808748991606000, 0.4146714, 2.6622438, 5.8787036
2, 1415808748992705000, 97.38, 179.94, -122.7
11, 1415808749000212618, -0.2836609, 0.45422363, -0.015335083, 0.8443756, -1.0
3, 1415808749001555392, 344.0, -29.536224, 60.65245
9, 1415808749002928683, -7.4371996, -4.3707, 3.8195
10, 1415808749004301974, -0.14729309, 0.10256958, -0.12948608
1, 1415808749030363000, -9.348908, -3.3649008, 2.5496752
4, 1415808749031279000, -1.7777288, 2.8492937, 6.3963537
2, 1415808749032408000, 98.82, 178.56, -122.28
11, 1415808749040099093, -0.2750244, 0.47917175, 0.013305664, 0.83340454, -1.0
3, 1415808749041289278, 341.0, -26.466797, 64.20859
9, 1415808749042540499, -7.9044, -4.3707, 3.3601
10, 1415808749043761202, -0.09277344, 0.070388794, -0.122680664
1, 1415808749070952000, -9.219622, -3.2882864, 2.157026
4, 1415808749071837000, -4.326829, 2.7753437, 6.431154
2, 1415808749072936000, 100.74, 176.87999, -121.38
11, 1415808749080138155, -0.27702332, 0.5019226, 0.047317505, 0.81796265, -1.0
3, 1415808749081023165, 337.0, -23.934326, 67.98317
9, 1415808749082365938, -8.3098, -3.9785, 3.3601
10, 1415808749083739230, -0.02218628, -0.07203674, 0.017791748
1, 1415808749110930000, -8.841338, -4.3944077, 3.0380924
4, 1415808749111815000, -7.0412292, 2.8231938, 6.4007034
2, 1415808749112914000, 103.619995, 174.78, -119.7
11, 1415808749120604464, -0.290802, 0.5190582, 0.08547974, 0.7991791, -1.0
3, 1415808749121977755, 331.0, -22.08995, 71.630066
9, 1415808749123442599, -8.6237, -3.359, 2.412
10, 1415808749124907442, -0.101257324, -0.20127869, 0.11022949
1, 1415808749150359000, -9.88521, -5.332935, 3.4929907
4, 1415808749151274000, -6.458329, 3.0580938, 6.5529537
2, 1415808749152403000, 106.619995, 172.26, -117.71999
11, 1415808749160094210, -0.30236816, 0.5343933, 0.12086487, 0.7799835, -1.0
3, 1415808749160887667, 327.0, -20.030624, 74.82283
9, 1415808749162077853, -8.8921995, -3.359, 2.412
10, 1415808749162932345, -0.101257324, -0.20127869, 0.18612671
1, 1415808749190947000, -9.6266365, -5.280262, 3.9478889
4, 1415808749191832000, -3.352429, 2.9797938, 6.835704
2, 1415808749193205000, 109.619995, 169.73999, -115.38
11, 1415808749200285860, -0.30104065, 0.54875183, 0.1483612, 0.76564026, -1.0
3, 1415808749201598116, 324.0, -17.346878, 76.89328
9, 1415808749202940890, -9.116799, -2.9239, 2.0284
10, 1415808749204314181, 0.07145691, -0.3767395, 0.38713074
1, 1415808749230956000, -8.563611, -6.1900587, 5.824943
4, 1415808749231963000, -0.54667866, 2.8971438, 6.7835035
2, 1415808749233031000, 112.68, 166.8, -112.5
11, 1415808749240752169, -0.2901001, 0.55892944, 0.16621399, 0.7588043, -1.0
3, 1415808749242278048, 323.0, -14.742203, 77.649155
9, 1415808749243895480, -9.3380995, -2.1833, 2.0503
10, 1415808749245482394, 0.16638184, -0.49450684, 0.4620514
1, 1415808749270476000, -7.706486, -7.032818, 6.581511
4, 1415808749271422000, 3.0812216, 2.9493437, 5.4045534
2, 1415808749272520000, 115.2, 163.37999, -109.68
11, 1415808749280119845, -0.2714386, 0.5672455, 0.16712952, 0.7593384, -1.0
3, 1415808749280882784, 324.0, -12.863312, 77.615555
9, 1415808749281706759, -9.3380995, -2.1833, 2.0503
10, 1415808749282530733, 0.16638184, -0.49450684, 0.4620514
1, 1415808749310912000, -9.703251, -8.512435, 6.308572
4, 1415808749311827000, 6.2958717, 2.8536437, 2.7641034
2, 1415808749313170000, 117.71999, 159.72, -106.68
11, 1415808749320280978, -0.25099182, 0.57444763, 0.14730835, 0.76504517, -1.0
3, 1415808749321623751, 333.0, -12.404419, 76.89427
9, 1415808749322997042, -9.356, -1.9722999, 2.1780999
10, 1415808749324370333, -0.034423828, -0.44766235, 0.3162079
1, 1415808749350920000, -9.693674, -6.3624415, 5.279065
4, 1415808749351927000, 9.201673, 1.4703436, -0.08949691
2, 1415808749353423000, 119.159996, 155.76, -104.1
11, 1415808749360625216, -0.21905518, 0.5839081, 0.11769104, 0.7727814, -1.0
3, 1415808749361967989, 336.0, -11.602692, 75.33754
9, 1415808749363432833, -9.2458, -2.199, 2.419
10, 1415808749364928194, -0.19850159, -0.5251312, 0.29847717
1, 1415808749391020000, -11.192444, -7.3488526, 5.3461027
4, 1415808749391905000, 5.630322, -0.30445653, -1.398847
2, 1415808749392973000, 120.299995, 152.51999, -102.36
11, 1415808749400145480, -0.20890808, 0.57707214, 0.08969116, 0.7843933, -1.0
3, 1415808749401213595, 336.0, -12.957916, 75.33754
9, 1415808749402495333, -9.0714, -2.6032999, 2.6650999
10, 1415808749403532931, 0.088409424, -0.42286682, 0.012145996
1, 1415808749430907000, -8.20448, -6.750302, 2.784307
4, 1415808749431914000, 2.1677215, -2.1706066, -2.808247
2, 1415808749433226000, 120.96, 150.12, -101.64
11, 1415808749440184542, -0.21562195, 0.5635681, 0.06845093, 0.79447937, -1.0
3, 1415808749441527315, 340.0, -15.394623, 73.62639
9, 1415808749442717501, -8.8545, -3.1123, 2.8429
10, 1415808749444060274, -0.12854004, -0.33337402, -0.14172363
1, 1415808749470915000, -10.115053, -6.381595, 1.4531308
4, 1415808749471892000, 1.7805715, -2.5664568, -4.7744474
2, 1415808749473326000, 121.079994, 148.98, -101.52
11, 1415808749480071017, -0.22764587, 0.5506439, 0.04336548, 0.8019104, -1.0
3, 1415808749480894991, 340.0, -18.50299, 72.199066
9, 1415808749481718966, -8.8545, -3.5542998, 3.003
10, 1415808749482573458, -0.20146179, -0.19992065, -0.2893982
1, 1415808749510741000, -10.608259, -5.514894, 0.16505028
4, 1415808749511656000, 2.4287217, -2.9231567, -5.1746473
2, 1415808749512785000, 121.259995, 148.92, -101.82
11, 1415808749520293185, -0.2362976, 0.5394745, 0.018005371, 0.8079529, -1.0
3, 1415808749521635958, 343.0, -21.24942, 70.81813
9, 1415808749523009249, -8.3914995, -3.977, 3.1522
10, 1415808749524382540, -0.11276245, -0.12458801, -0.31144714
1, 1415808749550414000, -9.497349, -5.198859, 0.09801263
4, 1415808749551421000, 1.4325715, -3.1015067, -4.9788976
2, 1415808749552916000, 120.96, 149.45999, -102.479996
11, 1415808749560210177, -0.24763489, 0.5272064, -0.0028076172, 0.8128357, -1.0
3, 1415808749561583468, 344.0, -23.92546, 69.41115
9, 1415808749562926241, -8.1507, -4.4129, 3.2034
10, 1415808749564299532, -0.12461853, 0.020935059, -0.36842346
1, 1415808749591704000, -9.37285, -4.2076597, -0.40955812
4, 1415808749592863000, 0.87577146, -2.3837566, -5.7966976
2, 1415808749594298000, 120.6, 150.59999, -103.14
11, 1415808749600645968, -0.26112366, 0.5181427, -0.02394104, 0.8140869, -1.0
3, 1415808749601500460, 344.0, -26.743256, 68.54353
9, 1415808749602354952, -8.1507, -4.4129, 3.2034
10, 1415808749603239962, -0.12461853, 0.020935059, -0.36842346
1, 1415808749630309000, -9.363274, -3.7958572, -0.14619595
4, 1415808749631224000, 0.06232137, -1.1179066, -7.1016974
2, 1415808749632353000, 119.82, 152.22, -104.34
11, 1415808749640105196, -0.2789917, 0.5121155, -0.048080444, 0.8108978, -1.0
3, 1415808749640929171, 346.0, -30.115295, 68.30443
9, 1415808749642119356, -7.882, -4.9205, 3.1358
10, 1415808749642973849, -0.15104675, 0.11468506, -0.33467102
1, 1415808749670927000, -9.320178, -3.7479732, -0.055216275
4, 1415808749671935000, -0.14212865, 0.42199352, -8.058698
2, 1415808749673338000, 117.899994, 156.18, -106.619995
11, 1415808749680205294, -0.29916382, 0.50439453, -0.07922363, 0.8060913, -1.0
3, 1415808749681517550, 347.0, -34.21135, 67.822266
9, 1415808749682890841, -7.5098, -5.5137997, 3.0612
10, 1415808749684264132, -0.121520996, 0.24461365, -0.27140808
1, 1415808749711028000, -8.338555, -3.6378398, 0.27997196
4, 1415808749711913000, 0.83227146, 1.9488437, -7.8977475
2, 1415808749712950000, 115.259995, 160.44, -108.96
11, 1415808749720091769, -0.31388855, 0.50146484, -0.11416626, 0.79808044, -1.0
3, 1415808749720915743, 350.0, -37.9924, 67.627625
9, 1415808749721770235, -7.1468, -6.0365996, 2.9415
10, 1415808749722838351, -0.052612305, 0.3065796, -0.23327637
1, 1415808749750761000, -7.438336, -3.3409588, 0.5337573
4, 1415808749751677000, 2.9463716, 3.1929438, -6.9015975
2, 1415808749752776000, 112.74, 165.18, -111.24
11, 1415808749760344454, -0.31469727, 0.5070343, -0.14886475, 0.7884674, -1.0
3, 1415808749761656710, 353.0, -40.335205, 67.82422
9, 1415808749763030001, -6.7925997, -6.4934998, 2.8048
10, 1415808749764403292, -0.058029175, 0.3756714, -0.18226624
1, 1415808749790709000, -7.3617215, -2.809446, 1.0173861
4, 1415808749791686000, 4.7168217, 3.9541938, -5.6357474
2, 1415808749792784000, 110.579994, 169.68, -112.92
11, 1415808749800322481, -0.3031311, 0.51486206, -0.18339539, 0.7806244, -1.0
3, 1415808749801695772, 358.0, -41.46341, 67.56209
9, 1415808749803038546, -6.7962, -6.5088997, 2.76
10, 1415808749804411837, -0.07621765, 0.46220398, -0.24899292
1, 1415808749830382000, -7.5436807, -1.9762639, 0.31827918
4, 1415808749831297000, 4.747272, 4.1586437, -4.030597
2, 1415808749832396000, 109.439995, 171.84, -113.399994
11, 1415808749840086886, -0.28605652, 0.52671814, -0.21063232, 0.77223206, -1.0
3, 1415808749840910860, 1.0, -41.583664, 67.89673
9, 1415808749841978976, -6.7962, -6.5088997, 2.5421
10, 1415808749843474337, -0.073913574, 0.47399902, -0.17990112
1, 1415808749870329000, -7.658602, -1.8038813, 0.7779659
4, 1415808749871214000, 1.6065716, 4.093394, -1.755547
2, 1415808749872343000, 109.259995, 173.28, -113.46
11, 1415808749880248019, -0.27415466, 0.54333496, -0.22090149, 0.7621155, -1.0
3, 1415808749881071993, 2.0, -41.143234, 69.8642
9, 1415808749881926485, -6.9336996, -6.4522, 2.5421
10, 1415808749882811495, -0.06466675, 0.3684845, -0.03894043
1, 1415808749910277000, -7.8070426, -2.713678, 1.7835306
4, 1415808749911192000, -1.8429788, 3.8367438, 0.74135315
2, 1415808749912291000, 109.079994, 174.18, -113.399994
11, 1415808749920103976, -0.26919556, 0.5631256, -0.21357727, 0.7515106, -1.0
3, 1415808749920866915, 1.0, -40.180008, 73.200806
9, 1415808749921660372, -7.1727996, -6.3272, 2.1654
10, 1415808749922453829, -0.06466675, 0.30889893, 0.029510498
1, 1415808749950407000, -10.091111, -2.9770403, 2.0325277
4, 1415808749951323000, -2.726029, 3.7627938, 3.0294533
2, 1415808749952422000, 108.84, 175.01999, -113.34
11, 1415808749960051485, -0.25952148, 0.5863037, -0.19361877, 0.7425537, -1.0
3, 1415808749960844942, 358.0, -37.768494, 77.00499
9, 1415808749961668917, -7.5534997, -6.0063, 1.7430999
10, 1415808749962523409, -0.25875854, 0.2275238, 0.07304382
1, 1415808749990263000, -13.399898, -3.1446342, 2.037316
4, 1415808749991179000, -2.782579, 3.671444, 6.1614537
2, 1415808749992278000, 108.96, 175.44, -112.799995
11, 1415808750000121065, -0.23931885, 0.6126709, -0.15982056, 0.7360687, -1.0
3, 1415808750001036593, 356.0, -33.241806, 80.73146
9, 1415808750001830050, -8.0949, -5.3757997, 1.321
10, 1415808750002623507, -0.5409546, 0.2275238, 0.07304382
1, 1415808750030333000, -14.9369755, -3.8102224, 1.4339771
4, 1415808750031248000, -3.835279, 2.9928439, 10.037304
2, 1415808750032347000, 110.1, 174.95999, -110.939995
11, 1415808750040251681, -0.21878052, 0.63778687, -0.113983154, 0.7296295, -1.0
3, 1415808750041594454, 352.0, -27.688293, 84.12015
9, 1415808750042967745, -8.6381, -4.5569, 0.8894
10, 1415808750044341036, -0.64230347, -0.13676453, 0.082351685
1, 1415808750070372000, -18.068592, -4.767903, 1.2520179
4, 1415808750071257000, -5.897179, 2.5099938, 13.151904
2, 1415808750072356000, 112.38, 172.62, -107.34
11, 1415808750080077120, -0.19599915, 0.6625061, -0.050323486, 0.7211914, -1.0
3, 1415808750080901095, 348.0, -20.452042, 87.22743
9, 1415808750081969210, -9.1778, -3.4266999, 0.44439998
10, 1415808750083250948, -0.90660095, -0.13676453, 0.082351685
1, 1415808750110930000, -19.581726, -6.9945107, 1.9032407
4, 1415808750111906000, -6.501829, 1.9096937, 14.657004
2, 1415808750113005000, 115.619995, 167.51999, -102.72
11, 1415808750120329806, -0.17134094, 0.6817932, 0.019515991, 0.71092224, -1.0
3, 1415808750121672579, 344.0, -12.534027, 89.3201
9, 1415808750123045870, -9.5723, -2.1282, 0.1135
10, 1415808750124419161, -1.0206757, -0.7247162, 0.18778992
1, 1415808750151030000, -16.191538, -7.995287, 1.8409915
4, 1415808750151915000, -2.021329, 1.1353936, 13.934904
2, 1415808750153319000, 119.159996, 159.42, -97.86
11, 1415808750160582491, -0.13430786, 0.6942444, 0.070877075, 0.7035217, -1.0
3, 1415808750162108370, 343.0, -174.80408, 89.99707
9, 1415808750163695284, -9.7663, -0.8882, -4.9999997E-4
10, 1415808750165312716, 0.023712158, -0.6135254, 0.17880249
1, 1415808750190428000, -9.573964, -5.988946, 1.692551
4, 1415808750191344000, 3.8250718, 1.0048935, 10.333104
2, 1415808750192442000, 122.1, 151.14, -93.96
11, 1415808750200072237, -0.08872986, 0.7037201, 0.090164185, 0.69911194, -1.0
3, 1415808750200865694, 345.0, 179.8374, 89.644714
9, 1415808750201781222, -9.8064995, 0.0276, -0.0609
10, 1415808750202666231, 0.023712158, -0.6135254, 0.27313232
1, 1415808750230956000, -6.7344403, -4.0592194, 2.607136
4, 1415808750231902000, 5.082222, 1.3485436, 4.8042536
2, 1415808750233427000, 124.14, 144.06, -91.38
11, 1415808750240294405, -0.062438965, 0.7069092, 0.081451416, 0.6997986, -1.0
3, 1415808750241576144, 348.0, 178.40959, 89.582886
9, 1415808750242888399, -9.8027, 0.27199998, -0.0713
10, 1415808750244261690, 0.31288147, -0.44166565, 0.23039246
1, 1415808750271178000, -7.701698, -4.1358337, 2.228852
4, 1415808750272154000, 2.5983715, 0.6699436, 0.0671031
2, 1415808750273558000, 125.399994, 138.59999, -89.579994
11, 1415808750280486056, -0.06071472, 0.70558167, 0.065338135, 0.7029724, -1.0
3, 1415808750281310030, 349.0, 179.6079, 89.82239
9, 1415808750282134005, -9.8064995, 0.067, -0.030499998
10, 1415808750282988497, 0.11128235, -0.44763184, 0.1477356
1, 1415808750310362000, -8.707263, -4.7726912, 1.5632641
4, 1415808750311278000, 0.7148214, -0.74380654, -2.3732471
2, 1415808750312376000, 126.18, 136.37999, -88.439995
11, 1415808750320128390, -0.07395935, 0.6990509, 0.04714966, 0.70965576, -1.0
3, 1415808750321379610, 350.0, -2.2377625, 89.329926
9, 1415808750322508761, -9.7985, -0.3829, 0.38959998
10, 1415808750323637911, 0.06774902, -0.37513733, 0.10795593
1, 1415808750350890000, -9.095123, -4.5572133, 1.4483424
4, 1415808750351775000, 0.82357144, -2.2619567, -3.238897
2, 1415808750353270000, 126.479996, 135.12, -87.9
11, 1415808750360228487, -0.08822632, 0.6872711, 0.02734375, 0.7204895, -1.0
3, 1415808750361571261, 350.0, -5.138275, 87.71321
9, 1415808750362944552, -9.7595, -0.87829995, 0.7511
10, 1415808750364317843, 0.11979675, -0.2338562, 0.029586792
1, 1415808750390990000, -8.506149, -3.6665702, 1.0413281
4, 1415808750391997000, 0.049271367, -3.6017568, -3.9261973
2, 1415808750393065000, 126.54, 134.52, -87.78
11, 1415808750400084444, -0.10517883, 0.6712799, 0.010635376, 0.73361206, -1.0
3, 1415808750400908419, 350.0, -8.049347, 85.562744
9, 1415808750401762911, -9.6809, -1.3731999, 0.7511
10, 1415808750402617403, 0.11979675, -0.2338562, 0.029586792
1, 1415808750430754000, -8.185327, -3.700089, 1.2568063
4, 1415808750431700000, -3.060979, -4.015007, -5.496547
2, 1415808750432799000, 126.42, 135.06, -88.38
11, 1415808750440276095, -0.13743591, 0.6521759, -2.593994E-4, 0.7454834, -1.0
3, 1415808750441588351, 349.0, -11.84552, 83.45671
9, 1415808750442961642, -9.535299, -2.013, 1.0936999
10, 1415808750444334933, 0.1376648, -0.17202759, 0.01663208
1, 1415808750470396000, -9.023297, -4.284274, 1.0030209
4, 1415808750471404000, -4.405129, -3.5191069, -7.6845975
2, 1415808750472929000, 55.26, -2.46, -5.1
11, 1415808750480223605, -0.17860413, 0.63342285, -0.012466431, 0.75279236, -1.0
3, 1415808750481566378, 347.0, -16.542374, 81.98137
9, 1415808750482939669, -9.3089, -2.7921999, 1.4667
10, 1415808750484312960, -0.1282959, -0.07647705, -0.04093933
1, 1415808750510924000, -10.229975, -4.4279265, 1.0652701
4, 1415808750511778000, -2.7390788, -2.7883067, -9.441998
2, 1415808750512846000, 53.82, 2.76, -8.04
11, 1415808750520079562, -0.21807861, 0.6145172, -0.036376953, 0.7572632, -1.0
3, 1415808750520873019, 346.0, -22.026321, 80.71442
9, 1415808750521727511, -8.9718, -3.6778998, 1.4667
10, 1415808750522612521, -0.1282959, -0.07647705, -0.04093933
1, 1415808750550352000, -10.330531, -3.7048774, 0.8689456
4, 1415808750551268000, -0.007278638, -2.4751067, -10.720898
2, 1415808750552367000, 52.079998, 8.16, -10.86
11, 1415808750560057589, -0.2499237, 0.59376526, -0.07267761, 0.7613678, -1.0
3, 1415808750560881563, 347.0, -27.833786, 78.9205
9, 1415808750561766573, -8.5104, -4.5789, 1.6665
10, 1415808750562621065, -0.18559265, 0.08912659, -0.081329346
1, 1415808750590910000, -10.172514, -2.9339445, 0.9982325
4, 1415808750591795000, 1.5413215, -2.2663066, -11.630048
2, 1415808750593291000, 49.739998, 15.0, -14.04
11, 1415808750600188204, -0.2770996, 0.5706787, -0.11619568, 0.76420593, -1.0
3, 1415808750601622530, 350.0, -33.791107, 76.42497
9, 1415808750602477022, -7.9224, -5.4540997, 1.9128
10, 1415808750603667208, -0.22944641, 0.25698853, -0.09326172
1, 1415808750630370000, -9.497349, -2.368913, 1.0556933
4, 1415808750631255000, 1.7109715, -2.2315066, -11.886698
2, 1415808750632353000, 46.86, 20.52, -15.599999
11, 1415808750640379855, -0.30297852, 0.54566956, -0.16041565, 0.76464844, -1.0
3, 1415808750641661593, 353.0, -39.675613, 73.32303
9, 1415808750642882296, -7.2303996, -6.2609, 2.166
10, 1415808750644102999, -0.2311554, 0.3968811, -0.113220215
1, 1415808750670927000, -8.008156, -1.7751509, 1.098789
4, 1415808750671873000, 0.8496714, -2.1575568, -11.208097
2, 1415808750673308000, 43.92, 26.58, -17.94
11, 1415808750680052706, -0.3291626, 0.52090454, -0.1993866, 0.7619171, -1.0
3, 1415808750681487032, 356.0, -45.181946, 70.04283
9, 1415808750682860323, -6.4972, -6.9563, 2.3590999
10, 1415808750684233614, -0.154068, 0.5283356, -0.12852478
1, 1415808750710905000, -6.8493624, -1.7799393, 0.9168296
4, 1415808750711913000, 0.17107138, -1.7138567, -9.637748
2, 1415808750713377000, 40.68, 32.94, -20.64
11, 1415808750720641085, -0.35281372, 0.4996643, -0.23114014, 0.75657654, -1.0
3, 1415808750722014376, 359.0, -49.895645, 67.00017
9, 1415808750723479220, -5.8152, -7.8643, 2.5269
10, 1415808750724944063, -0.15992737, 0.6463165, -0.19299316
1, 1415808750750365000, -6.854151, -1.5261539, 0.6343138
4, 1415808750751280000, 0.19282138, -0.9656566, -7.3670473
2, 1415808750752379000, 37.079998, 38.219997, -22.8
11, 1415808750760100313, -0.36930847, 0.48451233, -0.25526428, 0.7507782, -1.0
3, 1415808750760924288, 2.0, -53.314545, 64.448044
9, 1415808750761778780, -5.2857, -7.8643, 2.5269
10, 1415808750762938448, -0.15992737, 0.6463165, -0.19299316
1, 1415808750790892000, -8.123077, -1.8326118, 0.5960066
4, 1415808750791777000, 0.11452137, -0.043456502, -4.030597
2, 1415808750792876000, 34.62, 42.059998, -24.539999
11, 1415808750800200411, -0.37046814, 0.48538208, -0.26139832, 0.74754333, -1.0
3, 1415808750801543185, 3.0, -53.866425, 64.45224
9, 1415808750802916476, -5.2174, -7.9203, 2.4937
10, 1415808750804289767, -0.19610596, 0.51960754, -0.11720276
1, 1415808750830962000, -7.3712983, -2.6849475, 1.290325
4, 1415808750831908000, -0.09427865, 0.5959936, 0.38465312
2, 1415808750833250000, 32.46, 44.1, -25.38
11, 1415808750840697237, -0.36231995, 0.49427795, -0.25408936, 0.7482147, -1.0
3, 1415808750842192599, 2.0, -52.503525, 65.875656
9, 1415808750843779513, -5.4481, -7.4269, 2.4071999
10, 1415808750845335909, -0.08547974, 0.44351196, -0.103637695
1, 1415808750870482000, -6.7727475, -3.0775967, 1.3908815
4, 1415808750871428000, 0.5234214, 1.0657936, 4.3649035
2, 1415808750872618000, 30.96, 45.48, -25.68
11, 1415808750880125948, -0.34317017, 0.5093994, -0.23606873, 0.7529907, -1.0
3, 1415808750880949923, 0.0, -49.229736, 67.92047
9, 1415808750881804415, -5.9344, -7.4269, 2.4071999
10, 1415808750882628390, -0.08547974, 0.44351196, -0.103637695
1, 1415808750910918000, -7.9219646, -2.704101, 0.95992523
4, 1415808750911833000, 1.4282215, 1.2745936, 6.9531536
2, 1415808750913207000, 30.42, 45.96, -25.859999
11, 1415808750920226046, -0.3132019, 0.52926636, -0.20988464, 0.7600708, -1.0
3, 1415808750921568819, 359.0, -44.290558, 70.107925
9, 1415808750922575899, -6.6008997, -6.848, 2.3883
10, 1415808750923552462, -0.13470459, 0.30282593, -0.1285553
1, 1415808750951048000, -9.506926, -3.2068834, 1.0700585
4, 1415808750952086000, 0.5538714, 1.1701936, 9.254304
2, 1415808750953551000, 30.24, 45.78, -25.8
11, 1415808750960539767, -0.28430176, 0.5480194, -0.1769867, 0.7664795, -1.0
3, 1415808750961943575, 357.0, -39.037888, 72.18182
9, 1415808750963377901, -7.2517996, -6.1765, 2.3307
10, 1415808750964812228, -0.22994995, 0.30282593, -0.1285553
1, 1415808750990477000, -10.699239, -4.102315, 1.074847
4, 1415808750991423000, -1.2209288, 0.8352436, 11.411904
2, 1415808750992644000, 31.98, 43.92, -25.5
11, 1415808751000090548, -0.25627136, 0.5683441, -0.13075256, 0.77082825, -1.0
3, 1415808751000914522, 353.0, -32.938766, 74.62044
9, 1415808751001738497, -7.9354997, -5.3322997, 2.1826
10, 1415808751002592989, -0.28181458, 0.12542725, -0.112960815
1, 1415808751030943000, -11.158925, -4.8924017, 1.0844238
4, 1415808751031950000, -2.686879, 0.49159354, 12.734304
2, 1415808751033385000, 35.34, 39.78, -24.24
11, 1415808751040221163, -0.23013306, 0.58747864, -0.07533264, 0.77215576, -1.0
3, 1415808751041533419, 350.0, -26.354156, 76.85347
9, 1415808751042906710, -8.557099, -4.3533998, 1.9985
10, 1415808751044280001, -0.26530457, -0.05496216, -0.09321594
1, 1415808751070921000, -11.489325, -5.6872764, 1.2280759
4, 1415808751071928000, -3.117529, 0.37849355, 12.547255
2, 1415808751073424000, 39.239998, 34.14, -22.74
11, 1415808751080107638, -0.20605469, 0.60331726, -0.019821167, 0.77015686, -1.0
3, 1415808751080931612, 346.0, -19.957184, 78.520004
9, 1415808751081755587, -9.0334, -3.3472, 1.8345
10, 1415808751082610079, -0.25042725, -0.23861694, -0.061843872
1, 1415808751110777000, -11.316942, -6.242731, 1.3573627
4, 1415808751111693000, -2.4389288, 0.36109352, 11.007354
2, 1415808751112791000, 43.5, 27.599998, -20.76
11, 1415808751120207735, -0.18399048, 0.61505127, 0.02720642, 0.7662201, -1.0
3, 1415808751121550509, 343.0, -14.387894, 79.549164
9, 1415808751122923800, -9.341499, -2.4368, 1.7228999
10, 1415808751124144503, -0.20143127, -0.38809204, -0.03727722
1, 1415808751150938000, -10.943447, -6.295404, 1.5058032
4, 1415808751151915000, -2.2475288, 0.42634353, 8.453904
2, 1415808751153258000, 46.739998, 22.26, -18.24
11, 1415808751160216280, -0.16885376, 0.6231079, 0.06355286, 0.7610321, -1.0
3, 1415808751161528536, 341.0, -10.241592, 80.26213
9, 1415808751162901827, -9.5114, -1.7436999, 1.6322
10, 1415808751164275118, -0.041549683, -0.47790527, 0.042053223
1, 1415808751191557000, -9.971401, -6.194847, 1.9702784
4, 1415808751192717000, -2.512879, 0.5220435, 5.3784537
2, 1415808751194121000, 48.719997, 17.94, -16.98
11, 1415808751200591036, -0.17045593, 0.6257019, 0.083236694, 0.7566376, -1.0
3, 1415808751201353976, 339.0, -8.84671, 80.74762
9, 1415808751202147433, -9.5639, -1.5080999, 1.5577999
10, 1415808751202940890, -0.041549683, -0.47790527, 0.042053223
1, 1415808751230620000, -9.358485, -5.596297, 1.9559132
4, 1415808751231505000, -2.7390788, 0.5133436, 2.3552034
2, 1415808751232726000, 50.28, 14.5199995, -15.78
11, 1415808751240050265, -0.1809845, 0.6254425, 0.09326172, 0.7532196, -1.0
3, 1415808751240874239, 338.0, -8.973648, 81.141495
9, 1415808751241728731, -9.5711, -1.5296999, 1.4915
10, 1415808751242552706, 0.02168274, -0.41467285, 0.047348022
1, 1415808751270995000, -8.645014, -5.3473, 2.2240636
4, 1415808751271880000, -3.422029, 0.33934352, -0.06339691
2, 1415808751273375000, 51.42, 12.0, -14.88
11, 1415808751280180880, -0.20028687, 0.6213379, 0.09724426, 0.75123596, -1.0
3, 1415808751281523653, 336.0, -10.37413, 81.36775
9, 1415808751282805392, -9.5371, -1.7659999, 1.4476999
10, 1415808751284117647, 0.0909729, -0.32087708, 0.117889404
1, 1415808751310942000, -8.525303, -5.280262, 2.583194
4, 1415808751311827000, -2.943529, 0.27409354, -1.794697
2, 1415808751312895000, 52.02, 9.66, -14.7
11, 1415808751320067355, -0.22189331, 0.6148071, 0.09410095, 0.7509308, -1.0
3, 1415808751320891329, 334.0, -12.565384, 81.424835
9, 1415808751321745821, -9.4648, -2.1334999, 1.4269999
10, 1415808751322600313, 0.09580994, -0.32087708, 0.117889404
1, 1415808751350707000, -8.510938, -4.9498625, 2.5017912
4, 1415808751351622000, -1.6080788, 0.16099352, -2.8212972
2, 1415808751352751000, 52.26, 8.5199995, -14.099999
11, 1415808751360136935, -0.2401886, 0.60772705, 0.08433533, 0.7522125, -1.0
3, 1415808751361510226, 334.0, -15.00235, 81.311905
9, 1415808751362883517, -9.3637, -2.5386, 1.4308
10, 1415808751364256808, 0.08695984, -0.16331482, 0.120010376
1, 1415808751390440000, -8.98499, -4.5380597, 2.6502316
4, 1415808751391478000, -0.55102867, -0.008656501, -3.4563973
2, 1415808751392943000, 52.26, 8.4, -13.559999
11, 1415808751400175997, -0.25450134, 0.6000824, 0.070739746, 0.75505066, -1.0
3, 1415808751401549288, 334.0, -17.423874, 80.93973
9, 1415808751402922579, -9.2399, -2.9364, 1.4733
10, 1415808751404295870, 0.026000977, -0.08538818, 0.09159851
1, 1415808751430388000, -8.951471, -4.174141, 2.429965
4, 1415808751431303000, -0.116028644, -0.20875652, -4.017547
2, 1415808751432402000, 52.26, 8.5199995, -13.08
11, 1415808751440337130, -0.26741028, 0.5919342, 0.05517578, 0.75831604, -1.0
3, 1415808751441557833, 334.0, -19.891708, 80.4388
9, 1415808751442778536, -9.0934, -3.3367, 1.5316
10, 1415808751443999239, 0.014480591, -0.08538818, 0.09159851
1, 1415808751470732000, -9.128642, -4.016124, 2.334197
4, 1415808751471648000, 0.07537137, -0.20875652, -4.565647
2, 1415808751472746000, 52.02, 10.08, -12.54
11, 1415808751480193087, -0.279953, 0.5836792, 0.03804016, 0.76123047, -1.0
3, 1415808751481566378, 335.0, -22.446777, 79.91498
9, 1415808751482939669, -8.9236, -3.7445, 1.587
10, 1415808751484312960, -0.020904541, 0.01914978, 0.06652832
1, 1415808751512083000, -9.530869, -3.9395092, 2.3006783
4, 1415808751513243000, 0.5321214, -0.16090651, -4.813597
2, 1415808751514647000, 51.719997, 11.94, -12.54
11, 1415808751520628878, -0.2902527, 0.57592773, 0.01965332, 0.7639618, -1.0
3, 1415808751522795626, 336.0, -24.889282, 79.32149
9, 1415808751525053927, -8.741799, -4.1273, 1.6481999
10, 1415808751527312228, -0.07571411, 0.07788086, 0.046066284
1, 1415808751551176000, -9.301024, -3.6953006, 2.1953332
4, 1415808751552214000, 1.2281215, -0.28270653, -4.7178974
2, 1415808751553679000, 50.94, 14.04, -12.599999
11, 1415808751560057589, -0.2967224, 0.56837463, 6.2561035E-4, 0.767395, -1.0
3, 1415808751560881563, 337.0, -27.045242, 78.48454
9, 1415808751561736056, -8.558499, -4.459, 1.7435
10, 1415808751562590548, -0.07571411, 0.07788086, 0.046066284
1, 1415808751590971000, -9.301024, -3.484611, 1.9846436
4, 1415808751591856000, 1.2977215, -0.43930653, -4.530847
2, 1415808751593382000, 49.8, 16.56, -13.08
11, 1415808751600127169, -0.3015747, 0.56126404, -0.016830444, 0.77053833, -1.0
3, 1415808751600951144, 339.0, -28.924576, 77.5932
9, 1415808751602019259, -8.3829, -4.7432, 1.8441
10, 1415808751603423067, -0.09361267, 0.12834167, 0.014328003
1, 1415808751630949000, -8.98499, -3.3744776, 1.8649335
4, 1415808751631957000, 0.87577146, -0.52630657, -4.2219973
2, 1415808751633330000, 48.539997, 19.08, -13.74
11, 1415808751640166231, -0.30677795, 0.5546112, -0.03149414, 0.7728424, -1.0
3, 1415808751641509005, 340.0, -30.605728, 76.797775
9, 1415808751642851778, -8.2174, -4.9929, 1.9275999
10, 1415808751644225069, -0.07826233, 0.16503906, -0.0063934326
1, 1415808751670714000, -8.788666, -3.2978632, 1.6829741
4, 1415808751671721000, 0.6756714, -0.55675656, -3.6738973
2, 1415808751672911000, 47.1, 21.9, -14.4
11, 1415808751680083224, -0.31103516, 0.5491028, -0.043167114, 0.7745056, -1.0
3, 1415808751680907198, 341.0, -31.953064, 76.12578
9, 1415808751681731173, -8.078, -5.19, 1.9950999
10, 1415808751682585665, -0.07246399, 0.19294739, -0.031829834
1, 1415808751710936000, -8.668956, -3.2068834, 1.4004583
4, 1415808751711821000, 0.69742143, -0.51325655, -2.9604971
2, 1415808751713194000, 45.66, 24.779999, -15.059999
11, 1415808751720152804, -0.31323242, 0.54545593, -0.051986694, 0.77565, -1.0
3, 1415808751721465060, 341.0, -32.864914, 75.61177
9, 1415808751722838351, -7.9788, -5.3217, 2.0467
10, 1415808751724181124, -0.070373535, 0.21565247, -0.07052612
1, 1415808751751189000, -8.463054, -3.3122284, 1.3860931
4, 1415808751752165000, 0.4886214, -0.39580652, -1.990447
2, 1415808751753508000, 44.219997, 27.84, -15.599999
11, 1415808751760313937, -0.3138275, 0.5436554, -0.05696106, 0.7763214, -1.0
3, 1415808751761809298, 342.0, -33.31302, 75.31291
9, 1415808751763396212, -7.9275, -5.3859997, 2.0777
10, 1415808751764952608, -0.070892334, 0.18830872, -0.07070923
1, 1415808751790923000, -8.635437, -3.5181298, 1.3908815
4, 1415808751791869000, 0.3537714, -0.20875652, -0.802897
2, 1415808751792967000, 43.079998, 29.88, -16.02
11, 1415808751800078341, -0.31192017, 0.54444885, -0.05747986, 0.7765045, -1.0
3, 1415808751800902315, 342.0, -33.164536, 75.29132
9, 1415808751801756808, -7.9402, -5.3648, 2.0843
10, 1415808751802580782, -0.070892334, 0.18830872, -0.07070923
1, 1415808751830901000, -8.501361, -3.6809354, 1.1131542
4, 1415808751831816000, 0.4190214, -0.047806505, 0.38030314
2, 1415808751833311000, 42.18, 31.14, -16.26
11, 1415808751840208956, -0.3073883, 0.5477295, -0.0544281, 0.7762146, -1.0
3, 1415808751841551730, 342.0, -32.46927, 75.51865
9, 1415808751842833468, -8.010799, -5.2647, 2.0688
10, 1415808751844145724, -0.05001831, 0.16149902, -0.10307312
1, 1415808751870940000, -8.314613, -3.8676832, 1.0173861
4, 1415808751871947000, 0.3581214, 0.19579352, 1.3503532
2, 1415808751873412000, 41.879997, 31.92, -16.74
11, 1415808751880095431, -0.30117798, 0.5530548, -0.048614502, 0.77526855, -1.0
3, 1415808751880888888, 342.0, -31.384232, 75.979324
9, 1415808751881743380, -8.122399, -5.1071, 2.0281
10, 1415808751882597872, -0.019592285, 0.12638855, -0.10307312
1, 1415808751910704000, -8.391228, -3.9682398, 1.2232875
4, 1415808751911620000, 0.2798214, 0.41764355, 2.1507533
2, 1415808751912749000, 41.82, 31.98, -17.1
11, 1415808751920195528, -0.29325867, 0.5596771, -0.040359497, 0.77401733, -1.0
3, 1415808751921538302, 342.0, -29.946579, 76.55397
9, 1415808751922911593, -8.2644, -4.8954997, 1.9757999
10, 1415808751924284884, -0.012924194, 0.094558716, -0.08856201
1, 1415808751951018000, -8.582765, -4.188506, 1.0269629
4, 1415808751952025000, 0.20587137, 0.5959936, 2.8250034
2, 1415808751953520000, 41.94, 31.859999, -17.52
11, 1415808751960265108, -0.28450012, 0.56781006, -0.03024292, 0.7718353, -1.0
3, 1415808751961607882, 341.0, -28.26448, 77.322815
9, 1415808751962920138, -8.4269, -4.644, 1.8953999
10, 1415808751964201876, -0.0158844, 0.046447754, -0.08856201
1, 1415808751992094000, -9.032874, -4.4901757, 1.3286324
4, 1415808751993254000, 0.13627137, 0.7960936, 3.3731034
2, 1415808751994658000, 42.239998, 31.32, -17.64
11, 1415808752000182101, -0.27478027, 0.57647705, -0.018829346, 0.7692871, -1.0
3, 1415808752001189181, 341.0, -26.390945, 78.12465
9, 1415808752002196261, -8.5966, -4.3589997, 1.8075999
10, 1415808752003233858, -0.04447937, -0.013366699, -0.048843384
1, 1415808752030363000, -9.152584, -4.7008653, 1.6159365
4, 1415808752031248000, 0.123221375, 0.8700436, 3.5688534
2, 1415808752032378000, 42.6, 30.66, -17.52
11, 1415808752040099093, -0.26501465, 0.58451843, -0.0075531006, 0.76683044, -1.0
3, 1415808752041228243, 340.0, -24.538239, 78.83212
9, 1415808752042113253, -8.7521, -4.0727997, 1.7277
10, 1415808752043211886, -0.04083252, -0.06404114, -0.011398315
1, 1415808752070921000, -9.348908, -4.8157873, 1.8314147
4, 1415808752071898000, 0.10582137, 0.9700936, 3.1077533
2, 1415808752073332000, 43.2, 29.58, -17.34
11, 1415808752080260226, -0.25691223, 0.5914917, 0.0013427734, 0.7642822, -1.0
3, 1415808752081602999, 340.0, -23.023209, 79.46561
9, 1415808752082976290, -8.8735, -3.8355, 1.65
10, 1415808752084349581, -0.048477173, -0.09996033, 0.04888916
1, 1415808752110991000, -9.415946, -4.8684597, 2.0564697
4, 1415808752111845000, 0.17977138, 1.1005936, 2.2290533
2, 1415808752113036000, 44.34, 27.66, -17.1
11, 1415808752120085665, -0.2511902, 0.59706116, 0.0062408447, 0.7618103, -1.0
3, 1415808752120879122, 340.0, -22.04042, 80.00894
9, 1415808752121733614, -8.9522, -3.6801, 1.5769999
10, 1415808752122618624, -0.047286987, -0.121170044, 0.04888916
1, 1415808752150755000, -9.339332, -4.7391725, 2.109142
4, 1415808752151671000, 0.23632139, 1.0831935, 1.3286033
2, 1415808752152922000, 45.3, 25.8, -16.98
11, 1415808752160246798, -0.24777222, 0.60118103, 0.0076293945, 0.7596741, -1.0
3, 1415808752161589571, 340.0, -21.548569, 80.446625
9, 1415808752162962862, -8.9948, -3.6018999, 1.5137
10, 1415808752164244601, -0.035125732, -0.1159668, 0.06071472
1, 1415808752190337000, -8.83655, -4.408773, 2.2958899
4, 1415808752191222000, 0.09712137, 0.9526936, 0.44120315
2, 1415808752192534000, 46.44, 23.939999, -16.68
11, 1415808752200224825, -0.2470398, 0.6032257, 0.0064697266, 0.75831604, -1.0
3, 1415808752201537081, 340.0, -21.521652, 80.710266
9, 1415808752202910372, -9.0033, -3.5976999, 1.4725
10, 1415808752204283663, 0.01701355, -0.08270264, 0.08395386
1, 1415808752230406000, -8.405593, -4.284274, 2.1953332
4, 1415808752231291000, -0.24652866, 0.77434355, -0.37659693
2, 1415808752232420000, 47.399998, 21.96, -16.199999
11, 1415808752240019747, -0.24990845, 0.60362244, 0.0035552979, 0.7570648, -1.0
3, 1415808752241301485, 340.0, -21.96968, 80.91939
9, 1415808752242491671, -8.980599, -3.6689, 1.4353
10, 1415808752243681856, 0.058639526, -0.06274414, 0.07749939
1, 1415808752270934000, -9.238775, -4.269909, 2.5496752
4, 1415808752271910000, -0.04207864, 0.5220435, -0.763747
2, 1415808752273344000, 47.879997, 21.0, -15.599999
11, 1415808752280211397, -0.25221252, 0.602478, -3.9672852E-4, 0.7572174, -1.0
3, 1415808752281554171, 340.0, -22.486374, 80.85928
9, 1415808752282927462, -8.946, -3.7508, 1.4393
10, 1415808752284300753, -0.029846191, -0.05293274, 0.113220215
1, 1415808752310881000, -9.243564, -3.9203556, 2.0995653
4, 1415808752311797000, 0.027521364, -0.20005652, -0.70284694
2, 1415808752313292000, 48.48, 20.58, -15.0
11, 1415808752320708224, -0.2537079, 0.59988403, -0.0027923584, 0.7587738, -1.0
3, 1415808752322234103, 340.0, -22.85492, 80.53769
9, 1415808752323821017, -8.913899, -3.809, 1.4856
1, 1415808815870360000, 0.026785132, -8.828469, -2.0424037
4, 1415808815871275000, 0.4146714, -4.223807, -1.472797
2, 1415808815872374000, -3.54, 54.48, -1.3199999
11, 1415808815880278536, -0.7345123, 0.26748657, -0.1382904, 0.6081085, -1.0
3, 1415808815881590792, 242.0, -104.68594, 28.808533
9, 1415808815882719942, -1.1981, -9.486199, -2.1785
10, 1415808815883971163, 0.12490845, 0.06707764, 0.013885498
1, 1415808815910918000, -0.09771336, -9.738266, -1.9131168
4, 1415808815911803000, -2.430229, -3.7061567, -1.303147
2, 1415808815913298000, -4.8599997, 54.48, 0.53999996
11, 1415808815920195528, -0.745636, 0.25154114, -0.1278534, 0.6036377, -1.0
3, 1415808815921538302, 236.0, -105.30345, 25.35437
9, 1415808815922942110, -1.1083, -9.459, -2.3388999
10, 1415808815924315401, 0.10305786, -0.0284729, 0.043426514
1, 1415808815950896000, -0.19826983, -10.284143, -1.5922937
4, 1415808815952025000, -1.9125788, -3.3538067, -1.2552971
2, 1415808815953551000, -5.8199997, 54.539997, 1.62
11, 1415808815960204073, -0.7537079, 0.23634338, -0.11917114, 0.6015167, -1.0
3, 1415808815961577364, 232.0, -105.61232, 22.895538
9, 1415808815962950655, -1.0267999, -9.4449, -2.4313
10, 1415808815964323946, 0.084487915, -0.08557129, 0.08555603
1, 1415808815990355000, 0.05551555, -9.369558, -2.7798178
4, 1415808815991270000, -0.7859287, -3.0623567, -1.598947
2, 1415808815992369000, -6.54, 54.48, 2.1
11, 1415808816000121065, -0.7604523, 0.2205658, -0.11341858, 0.60014343, -1.0
3, 1415808816001463839, 227.0, -105.67308, 19.963135
9, 1415808816002654024, -0.90449995, -9.4421, -2.4901
10, 1415808816003874728, 0.09790039, 0.0074005127, -0.029541016
1, 1415808816030882000, 0.42901102, -8.560319, -1.6928502
4, 1415808816031859000, -1.4862788, -2.3707068, -1.5075971
2, 1415808816033324000, -7.5, 54.48, 2.76
11, 1415808816040190646, -0.76724243, 0.20684814, -0.10986328, 0.5970459, -1.0
3, 1415808816041563937, 222.0, -105.92366, 16.607178
9, 1415808816042906710, -0.7689, -9.4304, -2.5784
10, 1415808816044280001, 0.122161865, 0.08872986, 0.09030151
1, 1415808816070921000, -0.4329016, -7.6984057, -1.2810476
4, 1415808816072020000, 1.3934215, -1.7660567, -0.63324696
2, 1415808816073515000, -8.22, 54.48, 3.4199998
11, 1415808816080809542, -0.76379395, 0.19802856, -0.107055664, 0.60491943, -1.0
3, 1415808816082365938, 222.0, -104.876785, 17.229645
9, 1415808816083983370, -0.7457, -9.478, -2.4048
10, 1415808816085570284, 0.031906128, 0.18147278, 0.114593506
1, 1415808816110533000, -2.0370166, -8.7231245, -0.8644565
4, 1415808816111510000, -0.14212865, -1.4746066, -0.44619694
2, 1415808816112883000, -8.76, 54.48, 3.8999999
11, 1415808816120085665, -0.7629547, 0.19354248, -0.10057068, 0.60853577, -1.0
3, 1415808816120909640, 223.0, -104.64464, 18.946747
9, 1415808816121764132, -0.805, -9.488, -2.3451
10, 1415808816122618624, -0.12562561, 0.07800293, 0.15098572
1, 1415808816150877000, -1.8789995, -10.853964, -0.6298247
4, 1415808816151854000, -0.28567865, -1.9444066, -0.18084691
2, 1415808816153288000, -9.179999, 54.48, 4.2599998
11, 1415808816160216280, -0.7615814, 0.18782043, -0.09240723, 0.61331177, -1.0
3, 1415808816161528536, 224.0, -104.32454, 21.24173
9, 1415808816162901827, -0.87909997, -9.5018, -2.2614
10, 1415808816164366671, -0.10195923, -0.13787842, 0.16638184
1, 1415808816190916000, -2.3769934, -10.059089, -0.33294368
4, 1415808816191893000, 0.4842714, -2.4142067, -0.972547
2, 1415808816193358000, -9.179999, 54.6, 4.62
11, 1415808816200713106, -0.75860596, 0.17823792, -0.084472656, 0.6209564, -1.0
3, 1415808816202208468, 225.0, -103.52681, 23.478027
9, 1415808816203795382, -0.9138, -9.534699, -2.1039
10, 1415808816205351778, -0.14920044, -0.053466797, 0.18058777
1, 1415808816230650000, -1.8550574, -9.963321, -1.4965256
4, 1415808816231566000, -1.7429287, -2.9492567, -1.638097
2, 1415808816232909000, -9.059999, 54.719997, 4.74
11, 1415808816240080782, -0.7648468, 0.16506958, -0.075286865, 0.6181183, -1.0
3, 1415808816240874239, 221.0, -103.973434, 21.602753
9, 1415808816241728731, -0.87189996, -9.5164995, -2.2017
10, 1415808816242583224, -0.100250244, -0.045562744, 0.07191467
1, 1415808816270964000, -1.6156372, -10.557083, -1.7359458
4, 1415808816272002000, -1.3383788, -2.3968067, -1.807747
2, 1415808816273528000, -9.059999, 54.84, 5.3399997
11, 1415808816280302950, -0.7696991, 0.15242004, -0.06939697, 0.61602783, -1.0
3, 1415808816281645724, 217.0, -104.18988, 19.28833
9, 1415808816283019015, -0.7941, -9.5075, -2.2691
10, 1415808816284392306, -0.08377075, -0.10702515, 0.054367065
1, 1415808816310912000, -1.7401357, -10.346393, -1.8652327
4, 1415808816311919000, 0.3015714, -1.4659066, -1.8120971
2, 1415808816313353000, -9.059999, 54.96, 5.94
11, 1415808816320097872, -0.7694702, 0.1424408, -0.067718506, 0.6188812, -1.0
3, 1415808816320891329, 214.0, -103.653946, 17.779892
9, 1415808816321745821, -0.70699996, -9.5295, -2.2044
10, 1415808816322600313, -0.10534668, -0.08329773, 0.034591675
1, 1415808816351042000, -1.4719851, -9.479692, -2.6840498
4, 1415808816352019000, 0.18847138, -1.1135566, -1.642447
2, 1415808816353484000, -9.059999, 54.96, 6.2999997
11, 1415808816360289522, -0.7708893, 0.13427734, -0.06681824, 0.6190338, -1.0
3, 1415808816361662813, 212.0, -103.49478, 15.719833
9, 1415808816363036105, -0.62, -9.5359, -2.2029
10, 1415808816364409396, -0.086868286, 0.0057373047, -0.049057007
1, 1415808816390898000, -0.95004916, -10.279355, -3.3975217
4, 1415808816391905000, 0.24067138, -1.0439566, -1.133497
2, 1415808816393340000, -9.059999, 54.96, 6.66
11, 1415808816400175997, -0.77267456, 0.12756348, -0.06555176, 0.6183624, -1.0
3, 1415808816401549288, 209.0, -103.506195, 13.988861
9, 1415808816402922579, -0.5536, -9.5355, -2.2224998
10, 1415808816404295870, -0.040420532, -0.07585144, -0.11981201
1, 1415808816431975000, -0.2653075, -8.852411, -3.5028667
4, 1415808816433257000, 0.5538714, -1.0918067, -1.076947
2, 1415808816434874000, -9.059999, 54.96, 6.54
11, 1415808816440672823, -0.7742462, 0.12007141, -0.065078735, 0.6179657, -1.0
3, 1415808816441527315, 206.0, -103.45517, 11.81485
9, 1415808816442442843, -0.4673, -9.5376, -2.2336
10, 1415808816443327853, 0.020599365, 0.069869995, -0.12942505
1, 1415808816470396000, 0.5152023, -8.354417, -3.1102176
4, 1415808816471281000, 0.4581714, -0.9395566, -1.433647
2, 1415808816472411000, -9.179999, 54.84, 6.3599997
11, 1415808816480315157, -0.7759094, 0.11065674, -0.06744385, 0.6173706, -1.0
3, 1415808816481657931, 202.0, -103.34567, 7.96109
9, 1415808816483031222, -0.3136, -9.5419, -2.2417998
10, 1415808816484404513, 0.08451843, 0.12109375, -0.08854675
1, 1415808816510924000, 1.0323498, -9.441384, -4.1636662
4, 1415808816511900000, 0.81922144, -1.1440066, -1.503247
2, 1415808816513396000, -9.42, 54.78, 6.24
11, 1415808816520262667, -0.77783203, 0.099746704, -0.069992065, 0.6165314, -1.0
3, 1415808816521605440, 197.0, -103.31975, 3.5068054
9, 1415808816522978731, -0.1382, -9.5429, -2.2551
10, 1415808816524352022, 0.11936951, 0.010360718, -0.1946106
1, 1415808816552123000, 0.6205472, -9.197176, -5.1261353
4, 1415808816553282000, 0.4668714, -1.6007566, -1.298797
2, 1415808816554686000, -9.9, 54.66, 6.12
11, 1415808816560210177, -0.782074, 0.08929443, -0.06871033, 0.6128998, -1.0
3, 1415808816561369845, 193.0, -103.84349, 0.4728241
9, 1415808816562529513, -0.019399999, -9.5218, -2.3464
10, 1415808816563658663, 0.06526184, 0.033111572, -0.28344727
1, 1415808816590971000, 0.7211036, -9.120562, -4.9968486
4, 1415808816592009000, -0.6467287, -1.7182066, -1.172647
2, 1415808816593413000, -10.62, 54.18, 6.0
11, 1415808816600157687, -0.78904724, 0.07923889, -0.06611633, 0.6055908, -1.0
3, 1415808816601256319, 190.0, -104.946, -1.8596191
9, 1415808816602385470, 0.081999995, -9.474899, -2.5279
10, 1415808816603545138, 0.06517029, 0.036132813, -0.25175476
1, 1415808816630980000, 0.91742814, -8.191611, -4.407875
4, 1415808816631987000, -1.5167288, -1.4615567, -1.320547
2, 1415808816633421000, -11.4, 53.52, 6.0
11, 1415808816640288302, -0.79751587, 0.06941223, -0.06488037, 0.5957489, -1.0
3, 1415808816641661593, 186.0, -106.40831, -4.217865
9, 1415808816643034884, 0.20359999, -9.4072, -2.7626998
10, 1415808816644408175, 0.072784424, 0.1239624, -0.16775513
1, 1415808816670348000, 1.0084078, -8.727913, -4.431817
4, 1415808816671263000, -1.6167787, -0.91780657, -1.433647
2, 1415808816672362000, -12.36, 52.86, 5.94
11, 1415808816680327364, -0.8053894, 0.060791016, -0.065979004, 0.585907, -1.0
3, 1415808816681670138, 183.0, -107.86177, -6.561432
9, 1415808816683043429, 0.3435, -9.334, -2.9882
10, 1415808816684416720, 0.0677948, 0.061813354, -0.14720154
1, 1415808816710905000, 1.0610802, -8.421454, -3.9769187
4, 1415808816711882000, -0.58582866, -0.28705654, -1.603297
2, 1415808816713255000, -13.2, 52.26, 5.94
11, 1415808816720213839, -0.8093262, 0.05303955, -0.07022095, 0.580719, -1.0
3, 1415808816721556612, 180.0, -108.65793, -9.36792
9, 1415808816722929903, 0.5105, -9.2912, -3.0955
10, 1415808816724303194, 0.056137085, 0.08869934, -0.08987427
1, 1415808816750914000, 1.520767, -8.517223, -4.1062055
4, 1415808816751891000, -0.8163787, 0.017443502, -1.533697
2, 1415808816753355000, -13.98, 51.96, 6.0
11, 1415808816760680147, -0.8136444, 0.046066284, -0.07597351, 0.57450867, -1.0
3, 1415808816762328097, 177.0, -109.62387, -12.153351
9, 1415808816764037081, 0.6932, -9.2371, -3.2196999
10, 1415808816765746065, 0.0843811, 0.073410034, -0.09039307
1, 1415808816791197000, 1.817648, -8.507647, -4.565892
4, 1415808816792143000, -0.8642287, 0.19579352, -1.407547
2, 1415808816793272000, -15.0, 51.84, 6.0
11, 1415808816800108858, -0.81832886, 0.03996277, -0.0821991, 0.56741333, -1.0
3, 1415808816800932833, 175.0, -110.73099, -14.596344
9, 1415808816801756808, 0.87469995, -9.1717, -3.3593
10, 1415808816802611300, 0.09614563, 0.067718506, -0.123031616
1, 1415808816831053000, 1.5686511, -8.5268, -4.39351
4, 1415808816831969000, -0.91207874, 0.50029355, -1.281397
2, 1415808816833495000, -16.26, 51.719997, 6.0
11, 1415808816840208956, -0.8224335, 0.0357666, -0.08850098, 0.56077576, -1.0
3, 1415808816841551730, 173.0, -111.75908, -16.526718
9, 1415808816842925021, 1.0339, -9.1079, -3.4852
10, 1415808816844298312, 0.054519653, 0.059265137, -0.09262085
1, 1415808816870909000, 1.7649755, -8.871565, -4.383933
4, 1415808816872038000, -0.9033787, 0.7134436, -1.016047
2, 1415808816873503000, -17.279999, 51.6, 6.12
11, 1415808816880766817, -0.8259125, 0.033203125, -0.09498596, 0.554718, -1.0
3, 1415808816882262179, 172.0, -112.68605, -18.141235
9, 1415808816883849093, 1.1774, -9.0479, -3.5942
10, 1415808816885405489, 0.059906006, 0.017990112, -0.08052063
1, 1415808816910460000, 1.295712, -9.187599, -3.9864955
4, 1415808816911406000, -0.5379787, 0.86134356, -0.78114694
2, 1415808816912566000, -18.06, 51.6, 6.7799997
11, 1415808816920103976, -0.8274536, 0.03265381, -0.10040283, 0.5514984, -1.0
3, 1415808816920897433, 171.0, -113.182465, -19.30603
9, 1415808816921751925, 1.2761999, -9.0149, -3.6434999
10, 1415808816922606417, 0.0019836426, -0.017608643, -0.034973145
1, 1415808816951018000, 1.1807903, -9.024794, -3.5028667
4, 1415808816951994000, -0.25087866, 0.98314357, -0.49839693
2, 1415808816953429000, -18.539999, 51.6, 7.74
11, 1415808816960204073, -0.82751465, 0.03364563, -0.105392456, 0.55041504, -1.0
3, 1415808816961516329, 171.0, -113.355255, -20.279083
9, 1415808816962889620, 1.3472999, -9.0032, -3.6467998
10, 1415808816964262911, -0.016983032, -0.0021972656, 0.014678955
1, 1415808816990874000, 1.4202105, -8.986486, -3.0288148
4, 1415808816991881000, -0.32482865, 0.93529356, -0.2678469
2, 1415808816993315000, -18.48, 51.6, 8.639999
11, 1415808817000670382, -0.8271332, 0.035186768, -0.11012268, 0.5499573, -1.0
3, 1415808817002165743, 170.0, -113.42847, -21.150467
9, 1415808817003630587, 1.4067, -8.9983, -3.6366
10, 1415808817005186983, 0.001373291, 0.0012054443, 0.0619812
1, 1415808817030791000, 1.3771149, -9.173234, -3.138948
4, 1415808817031676000, -0.02467864, 0.89179355, -0.024246901
2, 1415808817032988000, -18.48, 51.539997, 9.42
11, 1415808817040099093, -0.826004, 0.037597656, -0.11381531, 0.5507355, -1.0
3, 1415808817040923067, 170.0, -113.304214, -21.754028
9, 1415808817041777560, 1.4377999, -9.006599, -3.6034
10, 1415808817042601534, -0.0061950684, -0.016983032, 0.04736328
1, 1415808817070952000, 1.3723265, -9.053524, -3.4310408
4, 1415808817071989000, 0.10147137, 0.81784356, 0.17585312
2, 1415808817073424000, -18.48, 51.42, 9.66
11, 1415808817080351778, -0.82502747, 0.04057312, -0.11656189, 0.5514221, -1.0
3, 1415808817081694552, 170.0, -113.16629, -22.037903
9, 1415808817083098360, 1.4474, -9.0159, -3.5760999
10, 1415808817084471651, -0.007659912, -0.003829956, 0.014801025
1, 1415808817110991000, 1.3052888, -9.024794, -3.6465187
4, 1415808817112120000, 0.040571366, 0.69169354, 0.32375312
2, 1415808817113554000, -18.48, 51.12, 9.599999
11, 1415808817120085665, -0.82455444, 0.043914795, -0.11819458, 0.55152893, -1.0
3, 1415808817120879122, 171.0, -113.083435, -21.937683
9, 1415808817121733614, 1.4362999, -9.0215, -3.5665998
10, 1415808817122588106, -0.013366699, -3.3569336E-4, -0.008148193
1, 1415808817151030000, 1.3100772, -9.115773, -3.6991913
4, 1415808817151976000, 0.3363714, 0.65254354, 0.42815313
2, 1415808817153502000, -18.48, 50.82, 9.54
11, 1415808817160307833, -0.82336426, 0.0473938, -0.1194458, 0.5527649, -1.0
3, 1415808817161650606, 172.0, -112.84073, -21.823212
9, 1415808817163023897, 1.4149, -9.0378, -3.5339
10, 1415808817164397188, -0.010696411, -0.007949829, -0.016845703
1, 1415808817190886000, 0.74983406, -9.388712, -4.0487447
4, 1415808817192015000, 0.21022138, 0.48724353, 0.54560316
2, 1415808817193602000, -18.48, 50.46, 9.54
11, 1415808817200346896, -0.82289124, 0.051757813, -0.11846924, 0.55326843, -1.0
3, 1415808817201628634, 173.0, -112.652756, -20.947632
9, 1415808817203093478, 1.3500999, -9.0501995, -3.5274
10, 1415808817204192110, -0.06121826, -0.03451538, -0.05316162
1, 1415808817230864000, 0.88390934, -9.312098, -3.4406176
4, 1415808817231780000, -0.22912866, 0.36109352, 0.33680314
2, 1415808817233061000, -18.48, 50.16, 9.48
11, 1415808817240050265, -0.822937, 0.054885864, -0.11805725, 0.5529785, -1.0
3, 1415808817240843722, 173.0, -112.61183, -20.337906
9, 1415808817241698214, 1.3103, -9.052899, -3.5354
10, 1415808817242613741, -0.04348755, -0.026428223, 0.009674072
1, 1415808817270445000, 0.7977181, -8.881142, -3.2395046
4, 1415808817271422000, 0.6539214, 0.32194352, 0.032303102
2, 1415808817272704000, -18.48, 50.039997, 9.42
11, 1415808817280058810, -0.820755, 0.056167603, -0.11854553, 0.55599976, -1.0
3, 1415808817280882784, 173.0, -112.17816, -20.489319
9, 1415808817281737276, 1.2957, -9.0812, -3.4677
10, 1415808817282652804, -0.05078125, 0.020401001, 0.023269653
1, 1415808817310942000, 0.98446584, -8.823681, -3.2730234
4, 1415808817311949000, 0.83662146, 0.38284352, -0.09384691
2, 1415808817313384000, -18.48, 49.86, 9.36
11, 1415808817320189425, -0.81825256, 0.056747437, -0.11999512, 0.5593109, -1.0
3, 1415808817321532198, 173.0, -111.72858, -21.037476
9, 1415808817322874972, 1.3031, -9.1098995, -3.3885
10, 1415808817324248263, -0.03250122, 0.029190063, 0.011779785
1, 1415808817350951000, 1.0371382, -8.919449, -3.2778118
4, 1415808817351836000, 0.90622145, 0.23494352, -0.06339691
2, 1415808817352873000, -18.539999, 49.86, 9.3
11, 1415808817360075899, -0.81570435, 0.05696106, -0.12084961, 0.5628052, -1.0
3, 1415808817360930392, 173.0, -111.25685, -21.531036
9, 1415808817361754366, 1.3047999, -9.1395, -3.3074
10, 1415808817362608858, -0.027297974, 0.022445679, 0.0030212402
1, 1415808817390746000, 0.7306804, -9.091831, -3.3783681
4, 1415808817391661000, 0.5625714, -0.030406503, -0.019896902
2, 1415808817392851000, -18.6, 49.86, 9.179999
11, 1415808817400298067, -0.8143463, 0.057266235, -0.119781494, 0.5649719, -1.0
3, 1415808817401640841, 173.0, -110.94824, -21.38887
9, 1415808817403014132, 1.2786, -9.1585, -3.2645998
10, 1415808817404387423, -0.055877686, 0.00680542, -0.01159668
1, 1415808817430937000, 0.5104139, -9.345616, -3.1102176
4, 1415808817431944000, 0.34942138, -0.24790652, -0.045996904
2, 1415808817433440000, -18.66, 49.86, 8.94
11, 1415808817440184542, -0.81326294, 0.057281494, -0.11755371, 0.56700134, -1.0
3, 1415808817441557833, 173.0, -110.65422, -20.972244
9, 1415808817442900606, 1.2379, -9.1763, -3.2299
10, 1415808817444273897, -0.07418823, -0.01725769, 0.012207031
1, 1415808817470396000, 0.66364276, -9.043947, -3.0048728
4, 1415808817471281000, 0.82357144, -0.37405652, -0.16344692
2, 1415808817472380000, -18.72, 49.92, 8.5199995
11, 1415808817480315157, -0.8110657, 0.055892944, -0.1157074, 0.5706482, -1.0
3, 1415808817481566378, 173.0, -110.17857, -21.048965
9, 1415808817482756563, 1.2149, -9.2048, -3.1571999
10, 1415808817483946749, -0.05621338, 0.016403198, 0.015533447
1, 1415808817510954000, 0.64927757, -9.192388, -2.7798178
4, 1415808817511931000, 0.70177144, -0.46540654, -0.19824691
2, 1415808817513335000, -18.779999, 50.039997, 8.16
11, 1415808817520171114, -0.8089752, 0.05418396, -0.11361694, 0.57418823, -1.0
3, 1415808817521544405, 172.0, -109.72188, -21.121155
9, 1415808817522917696, 1.1924, -9.2314, -3.087
10, 1415808817524290987, -0.055389404, 0.003982544, 0.031326294
1, 1415808817551421000, 0.5295675, -9.206753, -2.794183
4, 1415808817552397000, 0.4886214, -0.66115654, -0.10254691
2, 1415808817553832000, -18.84, 50.16, 7.7999997
11, 1415808817560393282, -0.80763245, 0.05255127, -0.11022949, 0.5768738, -1.0
3, 1415808817561949679, 172.0, -109.36554, -20.74234
9, 1415808817563567110, 1.1516, -9.2519, -3.041
10, 1415808817565154024, -0.063430786, 0.0046081543, 0.025177002
1, 1415808817591093000, 0.5487211, -9.230695, -2.9665656
4, 1415808817592009000, 0.18847138, -0.8134066, -0.0068469006
2, 1415808817593199000, -18.84, 50.28, 7.56
11, 1415808817600066134, -0.8074341, 0.050933838, -0.10598755, 0.5780945, -1.0
3, 1415808817600890108, 172.0, -109.20096, -19.958832
9, 1415808817601744601, 1.1007999, -9.2612, -3.0316
10, 1415808817602599093, -0.05630493, 0.003112793, 0.0066375732
1, 1415808817630827000, 0.49126026, -9.427019, -2.866009
4, 1415808817631712000, -0.35962868, -0.83080655, 0.041003104
2, 1415808817633208000, -18.84, 50.399998, 7.3799996
11, 1415808817640227267, -0.80848694, 0.04977417, -0.10140991, 0.57754517, -1.0
3, 1415808817641386935, 173.0, -109.2652, -18.828735
9, 1415808817642363497, 1.0440999, -9.2576, -3.0623999
10, 1415808817643767306, -0.056381226, -0.01727295, 0.02003479
1, 1415808817670958000, 0.31887773, -9.173234, -2.770241
4, 1415808817671935000, -0.068178646, -0.86995655, 0.045353103
2, 1415808817673430000, -19.02, 50.52, 7.14
11, 1415808817680266329, -0.8086853, 0.048477173, -0.09655762, 0.5782013, -1.0
3, 1415808817681609103, 174.0, -109.16695, -17.75499
9, 1415808817682951876, 0.9817, -9.2631, -3.0665
10, 1415808817684325167, -0.067596436, 0.009170532, 0.030212402
1, 1415808817710387000, 0.5966051, -9.326463, -2.9426236
4, 1415808817711302000, -0.25087866, -0.8438566, 0.08015311
2, 1415808817712401000, -19.26, 50.579998, 6.96
11, 1415808817720030733, -0.80952454, 0.04701233, -0.092285156, 0.5778656, -1.0
3, 1415808817721281954, 174.0, -109.215164, -16.789047
9, 1415808817722533175, 0.93219995, -9.2603, -3.09
10, 1415808817723723360, -0.034225464, -0.0067443848, 0.015029907
1, 1415808817750945000, 0.48647186, -9.632921, -2.889951
4, 1415808817751921000, -0.046428643, -0.75250655, 0.16280311
2, 1415808817753386000, -19.56, 50.579998, 6.72
11, 1415808817760191866, -0.80947876, 0.046157837, -0.08804321, 0.57865906, -1.0
3, 1415808817761534640, 175.0, -109.09657, -15.808044
9, 1415808817762907931, 0.8738, -9.267, -3.087
10, 1415808817764281222, -0.039505005, -0.03730774, 0.020095825
1, 1415808817792082000, 0.48647186, -9.589826, -2.8085482
4, 1415808817793211000, 0.15367137, -0.67855656, 0.13235311
2, 1415808817794615000, -19.859999, 50.579998, 6.6
11, 1415808817800597140, -0.80877686, 0.045211792, -0.084365845, 0.58026123, -1.0
3, 1415808817802794405, 175.0, -108.870926, -15.0516815
9, 1415808817804991671, 0.8236, -9.2796, -3.063
10, 1415808817807188937, -0.03437805, -0.03163147, 0.0259552
1, 1415808817831297000, 0.48647186, -9.312098, -2.9809308
4, 1415808817832182000, 0.07102137, -0.71335655, 0.09755311
2, 1415808817833464000, -20.039999, 50.64, 6.54
11, 1415808817840056368, -0.80870056, 0.04397583, -0.08068848, 0.5809784, -1.0
3, 1415808817840880343, 175.0, -108.77466, -14.284729
9, 1415808817841765353, 0.7787, -9.2848, -3.0586998
10, 1415808817842619845, -0.029800415, -0.0027770996, 0.00793457
1, 1415808817870940000, 0.5247791, -9.27379, -2.5787048
4, 1415808817871947000, 0.14497137, -0.63070655, 0.11060311
2, 1415808817873442000, -20.16, 50.7, 6.48
11, 1415808817880278536, -0.8078613, 0.04286194, -0.07759094, 0.5826416, -1.0
3, 1415808817881651827, 176.0, -108.54628, -13.71788
9, 1415808817883025118, 0.7396, -9.2973995, -3.0303
10, 1415808817884398409, -0.021911621, 0.0024108887, 0.046051025
1, 1415808817910979000, 0.5918167, -9.383924, -2.8324902
4, 1415808817911986000, 0.15802138, -0.6176565, 0.11495311
2, 1415808817913451000, -20.22, 50.76, 6.3599997
11, 1415808817920073458, -0.8073273, 0.041656494, -0.074661255, 0.5838623, -1.0
3, 1415808817920897433, 176.0, -108.382034, -13.18071
9, 1415808817921751925, 0.705, -9.306399, -3.0110998
10, 1415808817922575899, -0.011550903, -0.007904053, 0.018218994
1, 1415808817950682000, 0.6157588, -9.407866, -2.9617772
4, 1415808817951598000, -0.111678645, -0.55240655, 0.07580311
2, 1415808817952849000, -20.16, 50.76, 6.2999997
11, 1415808817960295626, -0.8076935, 0.040512085, -0.07211304, 0.5837555, -1.0
3, 1415808817961668917, 176.0, -108.404144, -12.659058
9, 1415808817963042208, 0.6784, -9.3052, -3.0207999
10, 1415808817964415499, -0.0063934326, -0.010467529, 0.0060272217
1, 1415808817990965000, 0.70195, -9.3935, -3.196409
4, 1415808817991942000, -0.05512864, -0.47845656, -0.037296902
2, 1415808817993437000, -20.1, 50.76, 6.24
11, 1415808818000182101, -0.8082123, 0.038986206, -0.07032776, 0.58335876, -1.0
3, 1415808818001524874, 176.0, -108.47635, -12.429199
9, 1415808818002898165, 0.6688, -9.3011, -3.0349998
10, 1415808818004271456, 0.0033721924, -0.009414673, -0.016448975
1, 1415808818032042000, 0.56308633, -9.316886, -3.0288148
4, 1415808818033202000, 0.07537137, -0.36970654, -0.050346904
